review_id,product_id,category,category_label,rating,sentiment,date,review_text
100,21,electronics,Электроника,5,positive,2026-07-21,"хороший звук, за такую цену подарок судьбы, качественное звучание басов, четкий голос, хороший микрофон, собеседника слышно отлично, все понравилось, из ушей не выпадают"
122,25,electronics,Электроника,5,positive,2026-07-21,"Вот полноценный положительный отзыв для Wildberries (без лишней воды, но с фактами): --- Отличные беспроводные наушники! Звук радует: чистый бас, хроматическая подача – детали слышны даже в плотных треках. Сенсорное управление работает чётко, привыкаешь за пару дней. Беспроводная связь стабильная, зарядки хватает надолго (заявленные 10+ часов – правда). Внешний вид стильный, сидят в ушах удобно."
197,40,electronics,Электроника,5,positive,2026-07-20,"Хорошие наушники за свою цену, звук нормальный, Но не для меломанов, с приложением не коннектится, но для моих целей(прослушивание аудиокниг) отлично."
251,52,electronics,Электроника,5,positive,2026-06-03,"Классная упаковка, внешне очень красивые. Есть зарядник и сменные силиконовые насадки. Наушники превзошли ожидания! Конектиться с айфоном Все!!! Нет минусов"
262,53,electronics,Электроника,5,positive,2026-07-22,"Бюджетная стоимость данного товара , а качество на высшем уровне Не стоит переплачивать , когда есть данный товар Успевайте , советую /проверено"
313,62,electronics,Электроника,5,positive,2026-07-20,"наушники замечательные. подключаются быстро и просто, звук хороший за свою стоимость, заряд держат долго. пользуюсь ими уже более двух месяцев и никаких минусов не обнаружено"
324,63,electronics,Электроника,5,positive,2026-07-13,"За такую цену вообще отличные наушники. Подключились к телефону сразу, звук громкий и чистый. Заряд держат несколько часов, в ушах сидят удобно, не выпадают. Пользуюсь уже несколько дней, пока всё нравится"
346,67,electronics,Электроника,5,positive,2026-07-14,"Очень красивые, сначала испугалась что пришли не того цвета, потому что на упаковке были фиолетовые, но открыв увидела бежевые. На самом деле вкусовщина, если вы как я устали от обычных наушников, то эти вам понравятся. Зарядку держат долго, звук хороший. Пришло все аккуратно."
424,82,electronics,Электроника,5,positive,2025-11-13,"Беру второй раз Первыми пользовался больше года, никаких нареканий Собака изгрызла, пришлось купить снова Такие бюджетные наушники, а звук прям радует"
429,83,electronics,Электроника,3,neutral,2026-07-15,"Дополняю отзыв. Покупала в феврале , сейчас июль. Эффект вау пропал через 3 месяца. Один наушник стал максимально тихим, такое ощущение что работает только в маленькой щелочке, а в основной «дырке» что на прямую в ухо идет звучания нет. Второй наушник тоже стал слабо звучать. Очень жаль. А так все хорошо начиналось."
463,88,electronics,Электроника,4,positive,2026-06-08,"звук хороший, служат долго сломались быстро, отвалился динамик, очень обидно, что выглядят уже по разному, но функцию свою выполняют прекрасно, хотя в левом наушнике звук громче, чем в правом."
475,91,electronics,Электроника,5,positive,2026-07-14,"Хочется дополнить отзыв, словами благодарности продавцу, прекрасно, когда люди так переживают за качество своего товара, сразу написали, предложили несколько вариантов решения проблемы, подобрали самый подходящий, большое спасибо за такой подход."
486,93,electronics,Электроника,5,positive,2026-07-21,"Классные наушники! Уже вторые, т.к. первые пали смертью храбрых упав на асфальт на скорости 80 км/ч ;) Заряд держат долго. Звучание... ну в принципе на 4+ если придираться. Вообщем отличные наушники!"
492,95,electronics,Электроника,5,positive,2026-07-22,"Наушник огонь 🔥, наушники есть дома без проводные , но они постоянно выпадают из уха. Решила взять за копейки этот и не пожалела . Музыку слушаю , прослушала голосовые 👍🏻 а вот для звонков плохое качество и не слышит тебя собеседник"
506,99,electronics,Электроника,1,negative,2026-07-13,"Не советую, лучше взять подороже Громкость слишком высокая Качество звука ужасное, индикатор просвечивает внутри, на одном из наушников не работал сенсор"
517,102,electronics,Электроника,5,positive,2026-07-11,"музыку теперь слушать одно удовольствие, это мои лучшие наушники с вб) в подарок положили чехол и зарядку, качество хорошее, благодарю) звук, подарки, анимация) не нашлось минусов)"
537,104,electronics,Электроника,4,positive,2026-07-21,"Кейс постоянно мигает красным, при открывании тоже горит красныи, хотя в отзывах видила должно загореться зеленым. Так понравились, маленькие, аккуратные. Как можно поменять? обидно, наушники понравились. Писала в поддержку, ответа нет"
580,111,electronics,Электроника,5,positive,2025-10-19,"👌 Упаковка отличная, жаль что не проверил внутри. Дома распечатал, наушников нет, одни вкладыши провод зарядки. А так, скорее всего- отличный товар! 👍"
627,119,electronics,Электроника,5,positive,2026-07-22,"Пришли на вб за сутки, в заводской упаковке, вскрыть и проверить нельзя до покупки. Проверили после, ребёнок доволен. Хороший вариант."
706,136,electronics,Электроника,5,positive,2026-03-12,"Пришли с 70% зарядки,без проблем подключились ,все работает,в ухе держатся хорошо,спасибо Будем заказывать еще такие на подарок маме Басы 👍🏻👍🏻👍🏻"
734,144,electronics,Электроника,5,positive,2026-07-15,"Брал до этого такую же модель. Эти точь в точь, мне они нравятся длительностью работы. Брал для Андроида, но также легко подключаются и для ПК."
776,155,electronics,Электроника,5,positive,2026-07-17,"Наушники пережили стирку, пользуюсь уже почти 2 года, на удивление даже заряд как то держат, в районе 3 часов, после того, что пережили, я очень удивился. Пока эти наушники самые лучшие, что я покупал, советую"
853,167,electronics,Электроника,5,positive,2025-09-17,Часы красивые .Рекомендую. Часы понравились. Показывают шаги я их превращаю в километры и в результате получается много .Каждый день от 4км до 9км.Давление показывает.Рекомендую. Пока всё так.Жаль сразу не показывант килом етры.
867,170,electronics,Электроника,5,positive,2026-01-21,"Часы хорошие, через приложение загрузила музыку на часы играет на часах, пока не разобралась можно ли подключить наушники к часам. у экрана тонкие рамки В приложении на телефоне разбираться нужно"
906,177,electronics,Электроника,3,neutral,2026-07-10,"К сожалению,пришли не те часы. Заказывала 10,а недобросовестные покупатели впихнуть туда 8-е. Это не приятно! Узнала только дома,при подключении к телефону. К продавцу притензий нет. Надеюсь на возврат денежных средств. Даже не знаю,как другим на это не попасться. Может устаносить ми фитнес заранее и прям на пункте подключать часы🤷‍♀️"
981,190,electronics,Электроника,1,negative,2026-07-18,"Сразу всё устраивало, всё работало прекрасно до момента когда было жарко и я просто опустил руку на 5 секунд в воду, я даже не купался и не нырял, так вот вода в часы попала через экран, это я обнаружил после вскрытия под микроскопом, часы хорошие но с водой не дружат. Обидно что даже на месяц их не хватило"
1088,206,electronics,Электроника,5,positive,2026-01-11,"Хорошие часы, очень удобные для ребёнка. К сожалению фото и видео предоставить не могу, брали на подарок, ребёнок счастлив) Не нашли минусов"
1104,209,electronics,Электроника,1,negative,2026-06-15,"Ребёнок находится в школе, а геолокация показывает,что он за много километров от неё. 3 дня общалась с продавцом и поддержкой, хотела вернуть,отказывают, ссылаются на погрешность. НЕ БЕРИТЕ ЭТОТ ТОВАР!!!!!! Ничего Геолокация не верна совсем."
1110,209,electronics,Электроника,1,negative,2026-01-25,"Не читает симкарту,купила специально симкарту мегафон,не видит её. Очень расстроена, упаковку выкинула уже.Как поняла по отзывам проблемы с возвратом у данного продавца."
1183,219,electronics,Электроника,5,positive,2026-05-26,Продавец помогает с покупкой. Отдельная благодарность. Очень шустрые. Не лагают. Не тупят. Приложение для часов так себе. Но оно мне особо не нужно.
1191,220,electronics,Электроника,5,positive,2025-10-09,"Часики хорошие, работают исправно, ребенку очень нравятся! Меню легкое! Огромное спасибо продавцу, два раза очень оперативно помогали разобраться с возникшими вопросами! Мы очень довольны приобретением 👍"
1228,227,electronics,Электроника,5,positive,2026-07-18,"Часы понравились. На руке смотрятся красиво. Много разных функций, легко подключаются к телефону. Были небольшие проблемы с часами, спасибо продавцу всегда был на связи, все быстро решили."
1367,246,electronics,Электроника,4,positive,2026-06-23,Для ребенка норм Нет зарядки для наушников. Но и качество товара очень сомнительное. До этого брала ребенку у другого продавца за 1000 были одни часы. Качество на порядок лучше
1389,249,electronics,Электроника,5,positive,2026-07-23,Спустя две недели носки хочу оставить отзыв. Часы шикарные ! Все смс приходят. И зарядка держится по 6 дней ! Просто супер
1413,253,electronics,Электроника,5,positive,2026-07-19,"Часы ооооочень понравились, рекомендую, они незаменимый помощник! Для меня было сложно настроить их, продавец был на связи круглосуточно, всё подробно объяснил, помог. Спасибо 🤗"
1434,255,electronics,Электроника,5,positive,2026-07-20,"Синхронизация с приложением прошла за пару секунд, все уведомления, звонки и спортивные режимы работают стабильно. Очень легкие часы на каждый день."
1445,256,electronics,Электроника,5,positive,2026-06-26,"Часы пришли быстро, всё целое, работают хорошо. На ручке 7- ми летнего ребёнка смотрятся большевато и тяжеленькие они. Инструкции на русском не было, но методом тыка разобрались🙂. Спасибо!"
1454,261,electronics,Электроника,1,negative,2026-06-29,"Заказа часы, но когда пришли, оказалось что они без отслеживания и кнопки сос, написала продавцу о возврате, проигнорировал полностью. Считаю что имею право вернуть товар, если не подошел, но продавцу видимо все равно на это."
1457,261,electronics,Электроника,5,positive,2026-05-07,"Часы очень понравились брала внучке на подарок, в коробочке очень удобно, внешний вид , размер на девочку семи лет само то, главное в работе чтобы не подвели, но обещали гарантию год, будем смотреть, спасибо большое"
1458,261,electronics,Электроника,1,negative,2026-04-28,Не советую к покупке Не держат зарядку вообще! Разряжаются со 100% в 0 буквально за 2 часа. При этом они просто одеты на руке. И без использования.
1472,263,electronics,Электроника,3,neutral,2026-05-20,"Работают хорошо без нареканий, сняла звезду за то что не положили зарядку Пришлось покупать отдельно Отличные часы Не было зарядки в коробке"
1490,265,electronics,Электроника,5,positive,2025-04-24,"Я люблю, люблю, люблю свои часы, я ожидал, и это была прекрасная покупка за такую цену. Я обязательно куплю еще одни для себя и одни для пары моих друзей. Я очень горжусь своими часами и рекомендую всем, кто возьмет их по этой цене, потому что они того стоят, если кому-то нужны какие-либо рекомендации по этим часам, я буду очень рад помочь с этим, я очень доволен и очень ценю компанию, которая предлагает мне эти очень элегантные часы по низкой цене. Я ношу их каждый день, чтобы работать, они помогают шаги, это помогает мне не отставать от всего, что мне нужно, чтобы не отставать от этого, также дает мне мои текстовые сообщения, мои телефонные звонки, я могу отвечать на звонок, чтобы я мог разговаривать с людьми с телефона, я могу слушать музыку на своем телефоне, я могу написать, я могу получить текстовое сообщение на этих часах, и я очень ценю, и я думаю, что собираюсь купить мне еще один, ок, тогда это потому, что оно того стоит, спасибо"
1504,266,electronics,Электроника,5,positive,2026-07-13,Без проблем подключается к нормальным Андройд телефонам. Простота в использовании. Цена / качество. Оригинал. Удобно пользоваться. Работает без нареканий. Не обнаружил.
1513,267,electronics,Электроника,5,positive,2026-05-07,"Сами часы понравились. Но мне попались с заводским браком. На корпусе часов имеется небольшой скол. Связалась с тех.поддержкой, отреагировали быстро. Подтвердили замену часов. Когда ты в декрете трудно выделить на себя лишнюю сумму, поэтому очень приятно когда продавец так клиентоориентирован (хотя это приятно в любом случае)) . С таким отношением хочется вернуться в данный магазин"
1589,279,electronics,Электроника,1,negative,2026-06-28,"Ничего Пришли с полоской, через 2 дня их стало больше , ремешок не удобный цепляется за одежду и оставляет затяжки"
1599,280,electronics,Электроника,3,neutral,2026-07-03,Удобные на руке. Сразу подсоединились к телефону. Понятный интерфейс. Удобно отвечать на звонки и звонить. Абсолютно неправильно считает шаги! Из 100 шагов засчитал только 12. Полное разочарование. До часов был фитнес браслет Хонор. Тот считал корректно.
1611,282,electronics,Электроника,5,positive,2026-06-11,Заявленную зарядку не держит. За неделю 2 раза заржала И при повороте руки циферблат не срабатывает. На предыдущих часах такого не было. Но к этим недостаткам я привыкла
1662,289,electronics,Электроника,2,negative,2026-06-06,"Быстро садится батарея без телефона суток 3 с телефоном 1 сутки. Все целое пришло. Батарея 0 при покупке. Не пугайтесь, возьмите и зарядите и потом пишите отзыв."
1667,290,electronics,Электроника,5,positive,2026-05-17,"Часики понравились, на тонкую руку. Пришли разряженные, на китайском языке. Заряжаются быстро, зарядку держат. С настройками разобралась быстро. С телефоном синхронизация без сбоев. Все отдично 👌"
1685,294,electronics,Электроника,5,positive,2026-06-04,"Легко подключили, всё замечательно.Погода на три дня вперёд. Музыка при звонке, вдали от телефона. Можно разговаривать по часам, слышимость отличная."
1805,311,electronics,Электроника,4,positive,2026-07-23,"был отличным в использовании. однако на досмотре в китае его у меня изъяли, так как нет нужной маркировки. будьте бдительны. в тот момент мне хотелось плакать("
1819,313,electronics,Электроника,5,positive,2026-07-22,"Рекомендую к покупке. Хватает и на планшет и несколько раз зарядить телефон до 100%. Купил провод с функцией быстрой зарядки 1,5 метра. Отлично держит заряд. Вроде емкость аккумулятора как заявлено. Пока недочетов не увидел."
1838,316,electronics,Электроника,5,positive,2026-07-22,"Все отлично, пришёл с зарядом 79 процентов. Заряда хватило на 2 телефона.заряжался сутки.Пока все устраивает. 1 год гарантии, плюс еще год если оставить отзыв. Все отлично"
1922,329,electronics,Электроника,1,negative,2026-07-03,"Отказали в возврате по гарантии!!! Было снято видео с доказательством того, что товар не работает. Видео строго по инструкции, которую мне прислали!!! И видео приняли, но дальше служба поддержки (с qr кода по коробке) требовала удалить негативный отзыв в обмен на помощь с возвратом!!! С каких пор в РФ гарантийные обязательства работают только при отсутствии негативного отзыва????!!!! Продавца и его товар не рекомендую. Wb тоже отказал в возврате. Почитайте отзывы, перед тем как покупать, там люди много чего интересного пишут!!!"
1938,332,electronics,Электроника,5,positive,2026-07-07,"Товар норм, заряжает быстро и одновременно сам заряжается от солнца, сам пока пауэрбанк не заряжал но уже четыре раза зарядил телефон, в общем пока всё круто!"
1948,335,electronics,Электроника,3,neutral,2026-07-23,"в пользовании несколько месяцев, используем только для старого телефона (айфон 14), 16-й и 17-й айфоны не заряжает, на телефонах выдает я ошибка о слишком большом объеме мощности"
1963,338,electronics,Электроника,3,neutral,2026-07-05,"Может быть, после того, как разрядить и зарядить его полностью. Включится функция быстрой зарядки.если такая функция подтвердится, то оценка изменится на 5 звёзд. Упаковано прекрасно пришло быстро дизайн Не поддерживает быструю зарядку"
1969,339,electronics,Электроника,5,positive,2026-07-18,"Благодарю продавца за быстрое реагирование и оперативное решение проблемы. Я понимаю, что у продавца также могут возникнуть сложности с выполнением заказов. Благодарю за столь оперативное решение проблемы."
2056,354,electronics,Электроника,1,negative,2026-04-27,"Заряд не держит, телефон на 40% заряжает и все Перед покупкой читал коменты и манипуляции с полной зарядкой и разрядкой изначально после распаковки проводил, и это не помогло Советую потратить на 1000р больше и купить гдето в другом месте, чем этот шлак"
2085,360,electronics,Электроника,5,positive,2025-09-16,"Пришел заряжен на 100% На вид вообще классный, разные провода сразу из него выходят, не пожалел, что купил Батарею бы побольше, а так класс"
2112,364,electronics,Электроника,5,positive,2026-07-15,"Супер-малыш! Он просто прелесть! До этого у меня был пауэр банк в два раза больше. Этот выглядит обалденно, с задачей справляется, занимает гораздо меньше места, чем другие собратья. Я очень довольна! Спасибо!"
2137,366,electronics,Электроника,5,positive,2026-07-04,"С 0 до 100 заряжается около 5-5,5 часов. Замучился его разряжать, чтобы разогнать аккумулятор. Раза 4 должно хватить зарядить телефон."
2142,367,electronics,Электроника,1,negative,2026-07-18,"К сожалению не работает индикатор уровня заряда повербанка на фото видно при включении, хотя повербанк работает но уровень заряда не посмотреть ,он должен его показывать. Буду делать возврат по гарантии , продавец не ответил..."
2172,371,electronics,Электроника,5,positive,2026-06-26,"За такие деньги вариант не плохой, можно брать Заряжает нормально все гаджеты. С маркировкой ССС, в самолёт запускают без проблем, проверили на своем опыте"
2202,375,electronics,Электроника,5,positive,2026-05-15,"Брал первый раз понравился все блок отлично первый потерял, новый заказал, Новый зарежается только на 53 % и больше не идёт, хотел уточнить почему так"
2209,377,electronics,Электроника,5,positive,2026-04-06,Пришёл заряженным на 75%. Функцию зарядки выполнял не плохо. Причем с 50% до 30% заряд расходовался очень медленно. А вот на 28% просто умер в 0%. Чудеса какие-то. В общем сам по себе агрегат не плохой. Со своими функциями справляется. Заявленная мощность соответствует описанию. А вот процент разряда на устройстве показывает так скажем иногда погоду)))
2251,387,electronics,Электроника,3,neutral,2026-07-20,"пришел повербанк все рабочее, но не на свою объём батареи, заказывал на 80к махов , из этих 80к в нем где то 30к зарядил 4 раза телефон и повербанк сел рассчитывал на большее"
2287,394,electronics,Электроника,1,negative,2026-07-21,"заряжает плохо, скорость зарядки заставляет желать лучшего, повербанк нагревается сам и нагревает к тому же телефон к которому прикреплен сам повербанк поэтому телефон становится весь горячий и повербанк от чего зарядка становится медленее телефон лагать вообщем не советую"
2317,399,electronics,Электроника,5,positive,2026-06-28,"Доставили быстро. Всё исправно, при получении заряжен 100%, лёгкий, мобильный и не надо думать, где шнур искать. Заряжен на 100%, компактный, лёгкий."
2326,400,electronics,Электроника,5,positive,2026-05-18,Великолепная штука то для поездки оптимальные параметры для таможни в самолёте обязательно проверяйте какую ёмкости power bank можно брать самолёт компании которая вас повезёт пока допустимо всё
2363,407,electronics,Электроника,5,positive,2026-06-17,"Все отлично, несмотря на другую фирму. Зарядил 3 устройства за полтора часа, и зарядки в Пауэр банге осталось целых 48 процентов. Отлично!!!! Спасибо!!!"
2465,427,electronics,Электроника,2,negative,2026-05-26,"Ерунда полнейшая, заряжает очень долго, притом если у вас зарядка идёт на повышение то у него на такое же уменьшение, тоесть одинаковый отток энергии, до 100%не заражает максимум до 80 . Заряд одного телефона на целый день, не советую к покупке Ничего не понравилось"
2502,434,electronics,Электроника,5,positive,2026-04-05,"Хороший повербанк. Если правильно зарядить/разрядить первый раз, то работает отлично. Хватает зарядить телефон 1,5 раза. Брала в дамскую сумочку из-за габаритов и маленького веса."
2541,441,electronics,Электроника,1,negative,2026-06-29,"Как обычно, качественных накопителей попросту нет, и проверять продукцию такую никто не собирается. Посмотрим на поторную зарядку, если так же будет, отзыв таким и оставлю. Контроллер зарядки вышел из чата. С 50% до 0 за 5 минут села повербанк."
2562,446,electronics,Электроника,5,positive,2026-07-08,"хороший по качеству, зарядки в разъемах не шатаются, фонарики яркие (фото сделаны в полной темноте только с их светом), наклейки мои, спасибо)"
2580,448,electronics,Электроника,5,positive,2026-07-12,"Замечательная покупка! Искала надежный и удобный повербанк, и этот полностью оправдал ожидания. Легкий, красивый, качественно собран, быстро заряжает телефон и сам долго сохраняет заряд. Теперь всегда ношу его с собой и чувствую себя спокойнее. Однозначно рекомендую к покупке!"
2586,449,electronics,Электроника,4,positive,2026-03-27,"в принципе хороший,заряжает,маленький компактный,удобный,но показатель процента заряда ушел назад и стоит кривовато,из всего только это пока волнует 😕надеюсь для работы это не помешает?"
2623,456,electronics,Электроника,5,positive,2026-04-07,"ЗУ хватит на 2 полные зарядки. Не садился, когда не использовался. Так же быстро заряжал iPhone и другие телефоны. На Xiaomi14 зарядка с 0 до 100 где то за мин 30. Зарядка ЗУ где то час от зарядного, с поддержкой быстрой зарядки 90w."
2665,467,electronics,Электроника,5,positive,2026-03-31,10 из 5 Колонка зажигает огни! Рвет!! Раскачалась на второй день. Первая нормально звучащая колонка за такие деньги. Звук шикарный. Надо погонять пару дней и будет вам бинго!!! Упакована в пленку. Провод aux даже в комплекте. Сделана аккуратно весьма! Реально не пожалеете!Чехол тоже прикольный. Главное в кои веки пришел цвет какой заказывал тоже приятно!
2684,473,electronics,Электроника,5,positive,2024-11-02,"Отказ, стала дешевле))) только из-за этого. А так колонка замечательная. 2 года работы без нареканий. Купила вторую в подарок. Просто супер, звучание и заряд на высоте 😍🥰 Недостатков нет"
2716,479,electronics,Электроника,5,positive,2026-06-16,"отличная колонка! очень компактная, но при этом громкая и выдает качественный звук без хрипов. удобно брать собой на природу или прогулки"
2725,482,electronics,Электроника,5,positive,2026-07-19,"За эти деньги сделали неплохо. Звучит хорошо. К блютузу подключилась сразу. Монтаж схемы хороший,есть уплотнения для пассивного динамика. Аккумулятор слабоват. Стоит 14500 ёмкостью 500мАч. Можно было бы установить и на 800. Подсветку сразу отключил- зачем лишний расход аккумулятора. Посмотрим на сколько хватит работы. Звучит громко реально. В общем за эти деньги можно брать. В дальнейшем думаю аккумулятор заменить на более ёмкий."
2727,482,electronics,Электроника,5,positive,2026-07-06,"Колонка не плохая. Написано что 6 часов без подзарядки , работает 12 и ни каких проблем. Не хватает немного басов, а по громкости вполне ничего. 👍 за эту стоимость нормально."
2753,488,electronics,Электроника,5,positive,2026-07-11,"Пришла ровно на второй день, как было заявлено. Бед задержек Хорошая. Можно регулировать подсветку, при желании так же можно подсветку отключить. При полной зарядке работает на полной громкости 2 часа, заказала вторую- думала первую потеряла 😅 за день до доставки нашлась первая."
2768,490,electronics,Электроника,4,positive,2025-11-22,"В целом колонкой доволен Громкий, чистый звук На мой взгляд садится довольно быстро. Отключается если не использовать(не знаю можно ли это исправить)"
2773,490,electronics,Электроника,5,positive,2025-08-14,"Удобные кнопки, необходимые разъёмы присутствуют, сама по себе не громоздкая, качество звука отличное, отличная громкость как для помещений, так и для улицы. Покупалась на подарок. Надеюсь, именинник оценил. Единственное что немного огорчило, это слегка мятая коробка, но это скорее к доставке ВБ вопрос. Громкая, легкая, компактная. Замечания отсутствуют."
2798,497,electronics,Электроника,5,positive,2026-07-16,Колонка просто супер я не ожидал что она такая очень громкая на работу принес удивил всех звуком и у нее еще голосовое все на Руском
2849,512,electronics,Электроника,5,positive,2026-06-19,"Отличная портативная колонка за свои деньги. Радует мощный стереозвук, который заполняет всё пространство, при этом низы глубокие и не хрипят даже на высокой громкости. Очень удобная вещь для поездок. Есть ножки, чтобы колонка устойчиво стояла. Своих денег точно стоит."
2899,521,electronics,Электроника,5,positive,2026-02-27,"Очень симпатичная колонка. Дома уже включала флэшку, звук хороший, классно мигает огоньками. Компактная. Есть инструкция. До этого брали без инструкции у другого производителя. Спасибо продавцу."
2902,522,electronics,Электроника,1,negative,2026-07-18,Люди не видитесь она 12 часов как написано в характеристиках она не работает максимум час не больше. За сегодняшний день 18.07.26 я ее уже 3 раза заряд. Батарею жрет как лошадь. Ещё если на зарядку ставишь колонку и если ее музыка через нее играет она даже не заряжается. Не БЕРЕТИ ЭТО ***
2919,526,electronics,Электроника,5,positive,2026-06-02,Очень рекомендую ! Замечательная колонка. Ребенок в восторге. Блютуз помогает сделать так что бы ребенок слушал то что он любит сейчас. А дальше уже я уверена понравятся и большее количество уже закаченных сказок и песен. Удобно что можно закрепить колонку на самокат или велосипед. И даже повесить на длинный шнур через плечо.
2959,531,electronics,Электроника,5,positive,2026-05-12,"Приятная колонка, работает хорошо, зарядил один раз, проработала на улице пол дня, пока не разрядилась) буду тестировать дальше. По ощущениям не хватает высоких частот, попробую с эквалайзером поковыряться, может дело в моём телефоне."
2975,533,electronics,Электроника,5,positive,2026-05-06,Очень хорошая качественные колонки звучание просто супер можно брать как на дачу так и на море на любой пикник советую Чёткое звучание Всё супер
3001,540,electronics,Электроника,5,positive,2026-05-24,"К колонке прилагается кабель зарядки. В течение 20 мин. зарядилась.По блютусу колонка быстро распознала телефон Самсунг. Звук громкий, насыщенный. Быстрая доставка в течение 2_х дней. Спасибо команде продавцов!"
3015,545,electronics,Электроника,5,positive,2026-05-20,"Упаковывать такие вещи нужно надежнее. Колонка супер, громкая, басы есть Коробка была мягко говоря не в очень хорошем состоянии и вскрыта"
3024,549,electronics,Электроника,5,positive,2026-07-20,"Доставка супер. Колонка отличная, для покатушек на вело самое то. Правда крепление слабовато но держится. Звук громкий для такого формата не дребезжит. Продавца рекомендую."
3054,558,electronics,Электроника,4,positive,2026-07-14,"Снял один балл за микро-юсб.Подсветка отключается легко- 4винта открутил и вытащил одну клемму. Блютуз не пробовал, а карта, флешка и радио работают. единственно карту читает не с начала, поэтому на нее музыку, телефон хорошо держится даже в вертикальном положении. Легко настроилась, звук для нее хороший гнездо зарядки микро!!!!!"
3078,561,electronics,Электроника,5,positive,2025-06-05,"Аккумулятор 500, на долго её не хватит, конечно. Но зато можно в кармане носить Крошечная, но звук хороший, не тихая. Заказывала сиреневую, прислали зелёную))) Но мне цвет вообще не был важен"
3173,585,electronics,Электроника,5,positive,2026-07-18,"Пока всё чётко, работает. В целом доволен. Звук устраивает. Месяц подписки подарили. Классная колонка. Спасибо продавцу. Один минус отсутствует блок питания."
3182,586,electronics,Электроника,5,positive,2026-06-16,"Дизайн колонки очень красивый,за свою цену вообще идеально,правда заряд не очень долго держит,ну и звук для маленького пространства норм,а так сами понимаете"
3185,586,electronics,Электроника,4,positive,2025-08-12,"Внешний вид в целом неплох, видно, что вещица дешёвая. Отвечает своей цене. Звук, конечно, *** Опять же, в свою цену."
3198,588,electronics,Электроника,5,positive,2026-07-11,"Понравилась. Цена качество отличное. Хорошая колонка, звук громкий и четкий. Можно примагнитить к любой железной поверхности. Выкупил После 30% заряда громко пищит, просит зарядку"
3247,609,electronics,Электроника,1,negative,2025-08-02,"Обман , быстрой зарядки этот адаптер не имеет, хотя крупным шрифтом написано, что есть, не рекомендую, кому действительно нужна быстрая зарядка"
3266,617,electronics,Электроника,1,negative,2026-01-21,"не советую брать провод у этого продавца. провод пришел не рабочий,проверить на пвз не было возможности т.к часы были не с собой,вернуть не получилось,продавец отклонил заявку. вот и думайте,лучше купите на *** оригинальный провод😉 брак"
3351,652,electronics,Электроника,5,positive,2026-03-21,"Отлично! Зарядное прекрасно работает. Мощность даже при выдаваемых 5 В очень хорошая. Есть отображение передаваемой мощности. Рекомендую! Недостаток только один - выключается при очень малых нагрузках, например, если заряжать беспроводные наушники. Не является проблемой, их можно зарядить от других мест."
3395,671,electronics,Электроника,5,positive,2026-07-19,"самая лучшая зарядка из всех которые заказывала на айфон, заказала пять, четыре сломались через две недели, эта даже не собирается уже второй месяц) хорошая зарядка"
3397,672,electronics,Электроника,5,positive,2026-03-03,Зарядное хорошее . кабель длинный 2 метра. Спасибо за подарочек в виде подставки для телефона . Все понравилось. Заряжает быстро.
3422,680,electronics,Электроника,5,positive,2026-07-16,"Хороший блок. Заряжает быстро и стабильно. Наличие Type-C и USB-S в одном блоке — суперудобно, можно заряжать два гаджета сразу. Очень доволен покупкой!"
3427,683,electronics,Электроника,5,positive,2026-01-02,"Блок зарядки очень хороший, заряжает 50% за 30-40 мин довольно удобная. Блок зарядки очень удобный, рекомендую! Заряжает очень быстро, удобная и крепкая Упаковка из пупырок и пакетика сомнительная"
3538,730,clothing,Одежда и обувь,5,positive,2026-07-22,"Отличные кроссовки, 2 год покупаю ребенку в школу. За учебный год сохраняют форму ,ничего не оторвалась и не отклеилось ,стираю в машинке. Хватает и на лето гулять сыну"
3549,734,clothing,Одежда и обувь,5,positive,2026-07-19,"Кроссовки красивые, качество хорошее, покупали в подарок. 41 размер подошёл на ступню 27 см. Подарок очень понравился, удобные, легкие. Спасибо."
3590,750,clothing,Одежда и обувь,1,negative,2026-04-01,"Товар грязный, упаковкой как буд-то футбол играли. Даже не проверяют что отправляют клиентам. При этом заставляют делать возврат, так как в данном пвз увидели что грязные. А предыдущий сотрудник спокой принял после отказа грязну обувь"
3602,754,clothing,Одежда и обувь,1,negative,2026-06-23,Через два дня перед нами такая картина 🤷🏻‍♀️ не качественный товар и конечно де возврат не сможем аформить носили же 2 дня? Что это вообще за обращение к покупателю продавайте качественный товар!! Внешний вид Брак
3691,785,clothing,Одежда и обувь,1,negative,2026-05-13,"Заказывали 38 размер ребенку,пришел 41.При этом на упаковке указан как 39 размер,так и 41, а ещё и размер S.При этом на самих кроссовках размер не указан.На пвз не дали оформить возврат.Очень обидно Неверный размер.На упаковке указано несколько размеров."
3699,789,clothing,Одежда и обувь,1,negative,2026-06-14,Ужасное качество не стоющее своих денег 2 дня носил порвались В футбол не играл Не бегал в них Просто ходил
3726,798,clothing,Одежда и обувь,5,positive,2026-04-23,"У меня широкая стопа, на 41,5 нужно брать 43, очень удобные, подошва просто супер. Покупкой доволен , рекомендую к приобретению. удобно носить в процессе носки увижу"
3735,801,clothing,Одежда и обувь,5,positive,2026-07-10,"Заказывал по таблице на свой 42 российский, 43 как указано в товаре. Оказались немного большеватые. А так в целом очень удобные. По качеству пока ничего сказать не могу, нужно время"
3746,805,clothing,Одежда и обувь,1,negative,2026-04-13,"Обувь совершенно не соответствует размерной таблице. Это значительно больше минимального размера, который был заказан! ! Выглядит дешево и сильно пахнет клеем! ! Если не хотите испортить себе настроение, не заказывайте! !"
3754,808,clothing,Одежда и обувь,5,positive,2026-07-15,"Здравствуйте! Очень понравилось качество: швы аккуратные, внутри мягко и удобно! К сожалению размер удалось подобрать только с третьего заказа, помучали продавца."
3777,816,clothing,Одежда и обувь,4,positive,2026-06-08,"Как обычно..размер не точно указан..мой размер 44(28 или 28.5 см)..взял 46 размер...в притык вышер..если разогнался ,то тормозить нужно окуратно...чтобы не получилось как у """" Ну Погоди"""" с примеркой коньков))) а так..норм.."
3844,842,clothing,Одежда и обувь,5,positive,2025-11-07,"Упаковано в коробку и плюс еще два пакета . Курточка идет в размер, качество огонь 🔥села идеально, рукава не короткие и не длинные ,а это редкость, я безумно довольна 😍😍😍 Рекомендую к покупке 👍 За упаковку я бы поставила отдельные 5 ⭐"
3875,847,clothing,Одежда и обувь,5,positive,2026-07-22,"На первый взгляд простенький, а когда доставили влюбилась Качество отличное, капюшон есть, зимой думаю в -15 будет очень комфортно На рукавах резинки Но!, большемерит... Перезаказала"
3886,848,clothing,Одежда и обувь,5,positive,2026-01-19,"Нормальная куртка за этот ценник, куртка идет оверсайз, на бёдра 115 размер L. был хорошо как раз, рост 175 рукава хорошие, попу прикрывает , но дочка захотела больший оверсайз , перезаказали на. XL, в сильные морозы можно теплую толстовку подотеть и будет хорошо."
3947,858,clothing,Одежда и обувь,5,positive,2026-02-25,"Если хотите как аверсайснадо брать на 2 размера больше Очень интересная модель, много разных дополнений. Можно затянуть капюшон, по спинке и и рукава можно сделать 3/4, можно сделать большой загиб. Вообще советую не пожалеете."
3950,859,clothing,Одежда и обувь,5,positive,2026-03-05,Вообщэ я у вас выбирала между 2 пуховиками . Оба из вашего брэнда . Купила светлый . Темный очень большой оказался обьем груди 124. Но в этой L я утонула . Поэтому на L и 56 и 58 можно спокойно .. если летом скидки будут я наверное его куплю можэт посмотрим
3980,863,clothing,Одежда и обувь,5,positive,2026-03-11,"Вроде по качеству ткани ничего, но, думаю после первой стирки собьется весь синтепон, и пошив вроде тоже ничего, и опять же но,, смутила бирка с размером которая просто приклеянна как будто отшивают в подвале.. Извините возврат..на худышек скорее всего будет смотрется отлично но мне нужно качество."
4037,871,clothing,Одежда и обувь,3,neutral,2026-02-11,"Мой размер 44, заказала куртку 44, но увы, оказалась велика и очень. Поэтому возврат. Куртка не плохая, но есть ""но"" Мех ужасный"
4044,873,clothing,Одежда и обувь,5,positive,2026-01-29,"Понравилась всем, размер в размер, качество отличное, тёплая и красивая, сидит на мне отлично! И цвет совпадает!! Тёплая и красивая"
4058,875,clothing,Одежда и обувь,3,neutral,2026-07-10,"Модель куртка супер! Легкая, но! в некоторых местах тонкая, пух куда-то сбился и уже тонкая, плащёвка. А после стирки будет ужас."
4060,875,clothing,Одежда и обувь,5,positive,2026-03-17,"100 из 100!!!! Отлично сидит на фигуре,ношу на кулиске))) качество соответствует заявленному,лёгкая,но тёплая. Особенно нравится объемный капюшон,в нем очень тепло. !!!"
4069,876,clothing,Одежда и обувь,5,positive,2026-06-26,"Такие китайцы интересные,все по-другому. Конечно,фото не соответствует реальности. На фото как наши пуханы,но на деле просто ткань,а не водоотталивающая даже,пуховик очень лёгкий,а покупала я его в июне,так что не знаю, как он себя поведёт зимой. Смотрится неплохо,мне длинный,прямо до щиколоток,спит хорошо,без излишки,два кармана и один на замочке. Оставила,пусть будет что-то новенькое у меня)"
4071,876,clothing,Одежда и обувь,5,positive,2026-01-23,На фото выглядит короче чем есть на самом деле но это больше плюс чем минус По фигуре сидит хорошо не большемерит и не маломерит.Тонкий не тяжёлый .
4102,881,clothing,Одежда и обувь,5,positive,2026-06-15,Теплая куртка стильная доступная по цене. Покупала дочке 165 рост худенькая на ней смотрится как на картинке. . Дочка носит размер 42 куртка размер 40 и смотрится в оверсайсе. Большемерит.
4111,883,clothing,Одежда и обувь,5,positive,2026-07-21,"Сам пуховик понравился)) эффектно смотрится, отстрочено не ровно, есть косяки, но за такую цену и сам эффект Вау забрала. На рост 158 размер у меня 48 . О/б-106 о/т- 80 О/г -106-круто. Заказала L. Благодарю отзыв выше. Девушка написала размер, ориентировалась по ней. Нет опознавательного вкладыша на счет пуха, что внутри-какое наполнение))) картонки отдельно от пуховика выпали))) за 2500 сказка!!!!"
4126,885,clothing,Одежда и обувь,5,positive,2026-01-17,"Вернула и получила возврат средств вечером в день возврата товара. Крой и фасон , и цвет все на отлично! Пуховик приехал после примерок: в измятом виде , с оторванной пуговицей и порывом ткани в том месте ( крепится капюшон с манишкой с использованием пуговичек). В трех местах на поверхности были запачканные места ."
4154,889,clothing,Одежда и обувь,5,positive,2026-04-05,"Отличная повседневная парка, аккуратно прошитая. На рост 175 выше колена. Но оооочень большемерит, на рр 52 вполне подойдёт на 58-60"
4157,889,clothing,Одежда и обувь,5,positive,2026-03-09,"Тот самый случай, когда видишь вещи на фото и понимаешь, что она 100% тебе подойдёт. То, что я искала на весну/осень, когда в пальто ещё холодно, а в зимнем пуховике или парке уже жарко. Приятный оверсайз. Качественная верхняя одежда на весну/осень Нет"
4158,890,clothing,Одежда и обувь,3,neutral,2026-06-12,"Как можно приобрести эту вещь?,пришла вся куртка с наружи, пакет внутри,.т.е мотали, шоркали курточку при доставке и теперь пожалуйста берите,мерить не стала,так нельзя покупателю товар представлять,а так куртка хорошая,попробую ещё раз заказать,может повезёт и будет достойна упакована"
4161,890,clothing,Одежда и обувь,4,positive,2026-02-28,"Во первых упаковка... Кошмар... Сто пакетов и фабричный порван. Но это вб виноват, не продавец. А вот к продавцу вопрос... Мой размер 48 50 99-84-108, рост не модельный 158. Заказала 46. В бедрах запаса практически нет, в плечах места вагон, качок влезет, рукава широкие и длинные, в талии должен быть живот, хотя у меня есть небольшой но все равно много было. Что за лекала такие непонятные? Какой формы должно быть тело женщины, что бы куртка на нее села? Наверное атлетка... Ткань неплохая нетонкая, водостойкость не проверяла, сшито на 4, рукав внизу выворачивается при надевании и виден шов, набита хорошо и теплая, хоть и не толстая. Она греет и еще она легкая. Да и цвет очень приятный, уходит в серый. На пару сезонов куртки хватит. Сняла звезду за пошив и лекала. Очень хочу поставить -10 за упаковку сотрудникам вб!"
4182,893,clothing,Одежда и обувь,5,positive,2026-03-18,"Не подошёл размер. Смотрелась очень большой на мне. Был бы размер меньше с удовольствием взяла тем более, что скидка очень хорошая) Красивая , хорошая"
4187,893,clothing,Одежда и обувь,5,positive,2026-03-08,"хорошая курточка, S на 46 размер оверсайз сидит, получается большемерит. высокое горлышко мне очень понравилось, у нас всегда ветер. но совсем не подошел этот цвет к лицу, сделал меня больной на вид 😢"
4207,897,clothing,Одежда и обувь,4,positive,2023-12-29,"Размер не соответствует описанию и таблице. На свой 50-52 XL взяла 48 L, оказал велик. Качество очень хорошее и цвет, выглядит дорого. К сожалению, не подошёл размер. Возможно, доеду до магазина, чтобы померят наверняка, затем перезакажу. К покупке рекомендую, но берите на два размера меньше."
4255,903,clothing,Одежда и обувь,5,positive,2026-01-04,"Хороший пуховик, очень красивый, упаковка вообще выше всех похвал, но не подошёл размер, так как фигура груша, широковато верх. Но однозначно рекомендую"
4259,903,clothing,Одежда и обувь,5,positive,2025-12-26,"Хороший пуховик, теплый, но кнопки сбоку слабые. Растягиваются легко практически до пояса, пришлось зашить 2/3 разреза и удалить декоративные «хвостики» внизу (не понравились)"
4283,910,clothing,Одежда и обувь,5,positive,2025-10-14,"пуховик очень комфортный и удобный, сидеть в нём очень удобно, ничего не тянется. капюшон большой, от холодного ветра и снега спасает. минусов нет"
4294,913,clothing,Одежда и обувь,5,positive,2025-12-27,"Неплохая куртка за свои деньги Материал верха довольно тонкий ,как демисезонка до -10 подойдёт на более серьёзный мороз вряд-ли Кроме материала верха все хорошо"
4307,915,clothing,Одежда и обувь,5,positive,2025-11-26,"Хотела перезаключить размер меньше, но этого цвета уже нет, да и ждать ещё полтора месяца доставку не хочется. Пуховик очень хороший, качественно пошит, красивый. Но на мой 56 размер - большой, хоть я и утонула внизу резиночку, всё равно велик, и в области плеч, и рукава широкие. Надо было брать 54 размер или даже 52. Жаль, очень понравилась куртка. Очень долго ждала его, больше месяца доставляли."
4337,920,clothing,Одежда и обувь,3,neutral,2025-10-21,"Легкая, теплая куртка, удачный фасон, не продувается, не промокает. В общем, хорошая В нескольких куртках при примерке замок заедал вверху - собачка застревала и не опускалась вниз."
4376,925,clothing,Одежда и обувь,5,positive,2026-01-25,"Куртка интересная, модель смотрится оригинально за счет цвета, воротника и манжетов. Сама по себе куртка тяжелая , но теплая. На размер 44-46 xs - в самый раз . Покупкой осталась очень довольна"
4394,928,clothing,Одежда и обувь,5,positive,2026-02-07,"На параметры 98-78-104 и рост 170 см подошла идеально: и длина рукавов, и длина изделия. Немного высоковато пришиты карманы, но это не принципиально. Не обычный фасон! Пухленькая! Странно пришита (или вшита?) планка в районе воротника!? Из-за этого капюшон можно подвернуть только в верхней части, спереди мешает вшитая планка."
4405,929,clothing,Одежда и обувь,5,positive,2026-01-13,"Надевала куртку и в 0 и в -27. Очень теплая куртка, в мороз в ней не мерзнешь. В 0 градусов уже жарковато. Хорошая водоотталкивающая ткань. Удобные и большие карманы. Так же есть внутренний карман и потайной в рукаве( в нем удобно ключи носить лично мне, всегда под рукой). Мой рост 162, ношу размер S, но так как это оверсайз взяла на размер меньше. На мне смотрится, как пальто. Но мне это было необходимо. Цена полностью соответствует качеству. Бере уже вторую вещь от вашего бренда Удобная, комфортная, теплая"
4520,948,clothing,Одежда и обувь,4,positive,2025-11-28,"Хороший качественный пошив,отличный сложный цвет.Основная причина отказа у меня и у многих покупателей -это не пуховик,как заявлено,тонкое пальто на осень.В минус не подойдет.Очень жаль ,модель длинная,но не теплая."
4529,949,clothing,Одежда и обувь,5,positive,2026-02-02,"Лёгкое,тёплое,хорошая фурнитура,хорошие швы,мех тоже хороший,ношу всю зиму. Нужно было отпаривать,так как в рекламе написано,что в течение суток отвесится-не правда,висело неделю, всё равно пришлось отпаривать."
4570,957,clothing,Одежда и обувь,5,positive,2026-07-21,"Соответствует размеру. Ношу 44,свободно.теплая , думаю до -10, ткань плотная, грудь хорошо закрыта, не продует. В свои 70 лет, захотелось светлую, решила себя порадовать. Мой рост 158.покупкой довольна."
4580,957,clothing,Одежда и обувь,5,positive,2026-04-30,"Эмоции переполняют, отличное качество, не жалею что приобрела куртку на WB.После стирки не садится и можно не бояться одевать в дождливую погоду,водоотталкивает.Благодарю!"
4603,962,clothing,Одежда и обувь,5,positive,2025-12-04,"Курточка хорошая, наконец то выбрала то, что мне подходит. Только с цветом не угадала, наверно, закажу другой цвет. А в остальном все отлично. Курточка хорошая, наконец то выбрала то, что мне подходит."
4646,969,clothing,Одежда и обувь,1,negative,2024-11-18,"красивая. ужасно огромная, будто 50 размер заказала. не стоит вообще своих денег, на зиму она не подойдет, слишком тонкая, так же испортится через месяц после носки, ибо весь ее пух осядет. лично я такую не порекомендовала бы. считаю что такая куртка стоит максимум 3/4 тысячи, но не больше. заказала 2 размера, думала с большими свитерами/оверсайз носить. в итоге в ней утонуть можно."
4673,976,clothing,Одежда и обувь,1,negative,2025-12-17,"Сам пуховик неплохой Но хотела померить другой размер которого не было в наличии у этой модели, заказала аналог. Вообще эту модель много кто перешил и у зарины такой видела, сама заказала у плюша, там качество оказалось на много лучше, и сама куртка теплее и при этом дешевле. Вроде и ваш пуховик нормпльный, претензий нет, но у конкурентов лучше."
4680,977,clothing,Одежда и обувь,5,positive,2026-02-28,"Материал не продувает.Не холодно при t - 30°. Это и ожидала, спасибо! Единственный минус- не равномерно расположен утплитель в капюшоне."
4685,979,clothing,Одежда и обувь,5,positive,2026-07-19,"Хорошая куртка, тёплая, лёгкая, подошла по размеру. Один минус, узкие рукова. Выкупила, надеюсь в процессе носки рукова немного ослабнут и станут пошире."
4703,984,clothing,Одежда и обувь,5,positive,2024-12-31,"Мне нравится что воротник широкий и высокий. Можно отложить на плечи , либо застегнуть повыше! Отличная легкая куртка на плюсовую температуру. В - 4 плечи мерзнут( На рост 162 и обычные руки -рукава очень длинные, придется прибегнуть к помощи ателье . Но длина самой куртки мне нравится!"
4707,984,clothing,Одежда и обувь,5,positive,2024-10-28,"Очень хороший пуховик, ткань плотная, высокий ворот, оптимальная длина, размеру соответствует, до - 20 точно выдержит, может и больше, набит хорошо. К сожалению отказ, для молодёжи хороший вариант, мне, не подошёл по возрасту. Высокий воротник Нет"
4725,986,clothing,Одежда и обувь,4,positive,2026-01-26,"Куртка большая,взяли сначало L,перезаказали на S-на размер 48. Ткань верха очень тонкая. Куртка лёгкая,но качество не понравилось,на один сезон пойдёт."
4786,1004,clothing,Одежда и обувь,5,positive,2026-07-24,"Взяла без примерки. Долго это платье лежало у меня в корзине. С такой ценой заказала. Оказалось супер платье. Тонкое, лёгкое с запахом, все как я люблю!"
4833,1018,clothing,Одежда и обувь,4,positive,2026-07-22,"Выбирайте максимально бесшовное бельё. Рост 165, вес 68кг. Подмышками жмёт, будет натирать. На мой рост не идёт. Очень длинное. Попробовала подпоясаться модной косынкой - не очень. Отказ тк мне не идёт фасон Ткань не мнётся Видно бельё"
4901,1038,clothing,Одежда и обувь,4,positive,2026-07-24,"На мне очень куце смотрелось, т.к. талия спереди высоко, и длина получилась не такая, как в карточке. В общем, если грудь больше стандарта, то не очень смотрится"
4904,1038,clothing,Одежда и обувь,5,positive,2026-07-17,"Платье отличное, качество хорошее, сшито аккуратно) доставка быстрая, спасибо продавцу, рекомендую 👍 мне цвет нужен по светлее, а так всё отлично 👌"
4973,1058,clothing,Одежда и обувь,5,positive,2026-02-16,"Мне понравилось. Рекомендую Очаровательное платье. Покупала ходить дома и на лето. Комфортное, лёгкое, да ещё и с карманами. Ношу 46 размер. Идёт в размер. -"
4982,1059,clothing,Одежда и обувь,5,positive,2026-04-30,"Влюбилась в это платье! Очень удобно регулируется по длине и по фигуре сидит очень комфортно, ткань не мнется, подойдет под любой случай"
4990,1061,clothing,Одежда и обувь,5,positive,2026-07-23,"Сарафан классный, ткань понравилась. Не прозрачный. На отдых самое то. Размерной сетке соответсвует. Взяла S на свой 46 российский. Подошёл идеально. Длина к моему росту 167см отлично, не в пол. Щиколотки открыты. Покупкой довольна. Рекомендую 👍"
5048,1080,clothing,Одежда и обувь,4,positive,2026-07-20,"Хотела платье в сад, но это скорее на пляж.На рост ребенка 90см нормально по длине. Но оно как парашют, вырезы по руками огромные, с плеч постоянно сползает и ребенок вечно дёргает чтобы поправить. На худышку не подходит. Вывод в жару на пляж в самый раз. Ткань хлопок."
5115,1096,clothing,Одежда и обувь,1,negative,2026-07-06,"Ткань качественная и красивая. Цвет мне очень к лицу, но как пошито???? Где вторая бритель и второй волан, который должен падать на плечо???? Фото прилагаю."
5116,1096,clothing,Одежда и обувь,5,positive,2026-06-30,"Красивый фасон, цвет темнее чем на фото. Перезаказала. В целом платье понравилось. Не попала в размер, мало в груди. Молния белая."
5122,1099,clothing,Одежда и обувь,5,positive,2026-07-23,"Сарафанчик хороший, пошит хорошо, ткань плотная, тянется, очень понравился, не угадала с размером, я люблю свободный, 50 возврат, заказала 52. Надеюсь будет то что надо."
5136,1102,clothing,Одежда и обувь,5,positive,2026-01-20,"Платье хорошо село на свой размер , ткань немного поленяло ,полоскала с уксусом . Заказала другой расцветки и фасона. Советую."
5149,1105,clothing,Одежда и обувь,5,positive,2026-07-12,"Джинсы понравились. И цвет хороший.. Только сыну на талии оказались слишком свободные. Хотя у него все джинсы33р, но эти не подошли в талии."
5184,1120,clothing,Одежда и обувь,5,positive,2026-03-22,"Черные 34 размер Отличное качество. Подошли на рост 195. Удобные, хорошо тянутся, не сковывают движение. Цвет плотный. Посмотрим,как будут в носке.Спасибо продавцу!"
5212,1129,clothing,Одежда и обувь,4,positive,2026-03-21,за эту цену - очень достойная реплика. Ткань легкая. слегка маломерит (33-й больше соответствует 32-му) жаль нет выбора роста (идет где-то L-34)
5216,1130,clothing,Одежда и обувь,5,positive,2026-07-15,"Джинсы классные , размер подошёл прям по фигуре-- супер . Ткань плотная, летняя и немного есть стрейч - что тоже хорошо. Спасибо , продавца рекомендую."
5219,1131,clothing,Одежда и обувь,5,positive,2026-07-14,"Взял это вторые. Очень понравились. Мне вся моя коллекция джинсов нравится но эти какие-то особо мягкие при прикольном окрасе потертости. Короче нравится и мне и супруге а мы юностью из 1970х СССР. Штаны класные!!! Единственный минус не к джинсам, а к процессу: вечером закал по цене 1520. Утром смотрю когда прийдет,а цена нынешняя. + 349 руб. Как то не правильно. Но штаны то класные. Лежу в них пишу Вам и смотрю на шкаф с другими."
5223,1133,clothing,Одежда и обувь,5,positive,2026-07-12,"Джинсы очень понравились, особенно потому, что не надо отрезать и подливать по длине. Возможно куплю ещё такие, только другого цвета. Советую этого производителя."
5227,1134,clothing,Одежда и обувь,1,negative,2026-03-07,"Год назад покупал не одну пару у данного продавца, джинсы были отличного качества. Теперь приезжает непонятная отличающаяся по цвету от фото вещь. Ужасного качества!"
5228,1135,clothing,Одежда и обувь,4,positive,2026-07-10,"Поставил бы 5 звезд, если бы не стойкий запах краски даже после стирки. Молния не очень уверенно работает. В остальном джинсы хорошие, ткань плотная и мягкая, цвет красивый насыщенный."
5253,1145,clothing,Одежда и обувь,5,positive,2026-07-21,"Если у кого то будет желание заказать эти джинсы то советую, так как это отличные и качетвенные, на взрослого мужчину с размером по Русски, 112-116 и на рост 185 нужен размер 40 , на размер 104-108 на рост 185 см нужен размер 38 , может это поможет. И ещё в жаркую погоду думаю они будут плотные для прогулок."
5261,1148,clothing,Одежда и обувь,5,positive,2026-06-10,"Талия 87, бедра 100, как на меня сшиты. Ещё и дешевле на два косаря, чем в магазине. Топовые джинсы. Носи с чем хочешь."
5283,1160,clothing,Одежда и обувь,5,positive,2026-06-13,Очень классные джинсы 👖 мужу очень трудно угодить ва тут одел негде не колит не жмёт словом придраться не к чему ещё и цена очень хорошая 👍
5285,1161,clothing,Одежда и обувь,5,positive,2026-06-08,"Долго искали джинсы мужу, рост 180, вес 100, плотный с пузиком😅 эти подошли идеально, крой вроде прямой, но слегка зауженный, но не до такой степени как скинни и не такие широкие как классика…. Короче, ему подошло) посадка не низкая, живот не сдавливает и не выпирает, не супер тонкие, и не супер толстые, присутствует эластин, что также очень удобно при не самых идеальных фигурах) до этого правда заказывали штук 6-7 разных джинс"
5287,1161,clothing,Одежда и обувь,4,positive,2026-03-24,"Раньше заказывали у этого продавца 34 размер, муж носит эти джинсы до сих пор. Стали протираться примерно через полгода между ног, заказали новые. Вторые заказали этой же серии. 34 темный был норм. Муж носит скорее всего 54размер, как моя мама говорит. Живот есть. На 54 размер надо 33-34 надо брать. 2110р Заказали как раньше 34- пришли голубые, но светлее, чем на аве. Большие! Заказали 33 пришли темнее , чем на аве продавца. И нормально! Хотя муж носит ваши джинсы и я сделала просто повтор позиции в заказе( из истории)."
5384,1197,clothing,Одежда и обувь,1,negative,2025-11-06,"Штаны пришли ношеные, без каких-либо бирок, в кармане браслет ночного клуба Чонго Чанга, на штанах грязь и женские блёстки. Фото прилагаю. Вещь не новая."
5395,1204,clothing,Одежда и обувь,4,positive,2026-05-20,"У мужа 52 р., джинсы на 2 размера велики, это наверное на полных мужчин с животом. По качеству норм, ткань тянется, цвет не такой немного"
5419,1212,clothing,Одежда и обувь,5,positive,2026-04-01,"Базовые джинсы, заужены к низу. Хорошо тянутся, размер в размер. Первые стирки лучше стирать отдельно от других вещей, т.к. могут окрасить их."
5450,1226,clothing,Одежда и обувь,5,positive,2025-07-10,"Все хорошо, кроме размерной сетки 😀 у меня есть джинсы Zolla 38 и 36 размера, теперь есть 34, вполне комфортная посадка."
5467,1233,clothing,Одежда и обувь,5,positive,2026-07-24,"Тоненькая, но пошита ровно. На 58-й размер как супер оверсайз, хотела поменьше, но выкупила, для дома пойдёт за такую цену."
5486,1243,clothing,Одежда и обувь,5,positive,2026-07-17,"Цвет такой же, как на картинке, не просвечивает. Местами торчат нитки, но не критично. Мне понравилась. За такую сумму отлично. Размер соответствует. Спасибо, закажу ещё."
5529,1260,clothing,Одежда и обувь,5,positive,2026-07-23,"Классная футболка, принт красивый, но единственное, что мне не нравится, после нее на белой одежде остаются чёрные следы , а так все норм"
5536,1263,clothing,Одежда и обувь,5,positive,2026-07-03,"Боялась что будет большая, и придётся перекупить, но, приятно удивлена. Майка подошла в самый раз, прям как я и хотела♥️ Красивый принт, легкая ткань"
5546,1270,clothing,Одежда и обувь,5,positive,2026-07-24,"Футболка оверсайз. Надо иметь это ввиду. Сначала заказала 4xl на свой 56й , сильно утонула. Перезаказала на 2xl, не на много меньше, но оставила. Буду носить с брюками. Просторная. Качество хорошее, плотный трикотаж."
5590,1289,clothing,Одежда и обувь,5,positive,2026-07-14,"Хорошая футболка, ткань лёгкая, приятная. Цвет не соответствует фото. На фото намного темнее в шоколадный, на самом деле гораздо светлее в горчичный. Но это не портит общее впечатление."
5664,1314,clothing,Одежда и обувь,1,negative,2026-06-29,"Писал в техподдержку, 23 июня ещё. Сегодня 29 июня: футболки нет. денег нет и информации тоже нет. Прошу повлиять как то на техподдержку. Абсолютно ничего, качество оценить не получилось (футболку не приаезли) Заказ вовсе не пришел"
5677,1320,clothing,Одежда и обувь,5,positive,2026-06-05,"Футболка за такую цену классная👍 я уже вторую заказала у вас, первую заказывала в розовом цвете, у размер 44 взяла на размер меньше, и село хорошо, не длинная не широкая, оверсайз, но в меру🔥 забрала бы все цвета)))"
5713,1333,clothing,Одежда и обувь,5,positive,2025-09-21,"Реально симпатичные сапоги, взяла как в отзывах на размер больше, но прям не смогла натянуть, хотя нога узкая! Так что советую идти мерить в капроновых носках, может так они полегче налезут! Стильные Узкие"
5721,1334,clothing,Одежда и обувь,5,positive,2024-02-14,"Удачные сапожки, несмотря на искусственную замшу. Смотрятся очень хорошо, на полную ногу, еще не расстегивала сзади замочек. Так что, полноножки, хватайте! Цена хорошая"
5771,1349,clothing,Одежда и обувь,5,positive,2026-03-28,"Сапоги прекрасны во всех отношениях 😊, хорошо сидят , кто такое любит- рекомендую. Единственный минус полнота -голень и стопа узкая , они на широкую ногу , у меня ширина стопы 13-14 см . длина 23,5 . 37,5 размер здесь 37- это 38 с такой ногой Фасон и форма носка Широкая полнота"
5842,1365,clothing,Одежда и обувь,5,positive,2026-03-26,"Сапоги классные, очень удобные. Коробка как-будто сама пешком пришла. К производителю вопросов нет, товар упакован хорошо, повреждений нет. Но к условиям хранения и перевозки вопросов очень много. Не очень приятно получать товар в таком виде."
5845,1365,clothing,Одежда и обувь,5,positive,2026-03-19,"Сапоги красивые, но вот размер удивил. Обычно данный бренд беру 39 на свой 38,5, но тут прям капитально утонула. Перезаказввать не стала, потому что они все таки на широкую стопу и меньший размер тоже был бы в объеме велик, поэтому выкупила другие, но этого же бренда."
5854,1366,clothing,Одежда и обувь,3,neutral,2026-03-04,"По размеру стопы - в размер Красивые. Всё. У меня эта убогая коробка просто развалилась в руках со всех сторон. Не знаю, чья вина такая упаковка товара, но это просто неуважение к покупателю. Композитная кожа на голенище вообще не вызвала доверие. На щиколотке не застегнулись - явно не хватает резинки"
5884,1371,clothing,Одежда и обувь,5,positive,2026-07-17,"Сапоги неплохие, но дома разглядела, что в щиколотке как-то очень бахмато выглядят. Это особенность моей ноги. В общем, кому подходят, можно брать."
5938,1384,cosmetics,Косметика и уход,4,positive,2024-09-25,"Вроде и неплохо но как-то печально все равно... Ничто не унимает тоску в поисках идеального крема. Не могу сказать что чувствуется сильное увлажнение, кожа в принципе остаётся примерно такой же но с приятным сухим скваланчиковым финишем, для очень себопродуцирующей кожи на лето будет гуд, или сыворотки закрывать, в соло даже жирной коже не зашёл."
6021,1412,cosmetics,Косметика и уход,1,negative,2026-07-07,"Пришел целый, пахнет хорошо, в деле ещё не пробовали. Отсутствует палочка в дозаторе, и судя по комментариям не мне одной пришел бракованный. Но видимо продавец на это не обращает внимание."
6070,1421,cosmetics,Косметика и уход,3,neutral,2026-03-27,"Пришла позиция , не запечата6ная плёнкой , как будто кто попользоваться обратно в коробочку сложил в упаковочный пакет уинул и отправил ."
6121,1437,cosmetics,Косметика и уход,5,positive,2026-07-14,"Этот крем у нас в магазине исчез с продажи. Дочка только им и пользуется. Очень нравится. Кожа у неё нежная , если что сразу аллергия- высыпают пятна, прыщи. А этот крем ей зашёл 👍. Упаковка хорошая, доставка быстрая, крем супер. Советую всем к покупке."
6187,1452,cosmetics,Косметика и уход,1,negative,2026-04-17,"Защитной плёнки на товаре нет! Не гигиенично, не эстетично! Такое впечатление, что попользовались и вернули товар. Да и сам крем могли заменить. Покупала в подарок мужу, расстроена. Примите , пожалуйста во внимание! Я считаю продавцу есть над чем задуматься! Будьте ответственнее!!!"
6199,1456,cosmetics,Косметика и уход,5,positive,2026-07-24,"Забрала крем для лица, бренд нравится. Глубокое увлажнение кожи, витамин Е питает, придает осветление тёмным кругам. Кожа становится плотной, упругой, повышается эластичность. Текстура лёгкая, не липкая. Аллергию не вызывает."
6211,1458,cosmetics,Косметика и уход,1,negative,2025-07-25,"Неоригинал. Цвет и обьем баночки другие, не оригинальные. Зимой в дюти фри в Египте, покупала Л,ореаль, размер баночки, цвет коробки были прежние, упакованы и защита другая, как прежде. В валдберис уже не раз пробовала заказать, но ничего настоящего нет. В Риф Гош, думала отправят оригинал, вообщем как всегда подделка. Честный знак оказывается просто регистрирует заявленный товар, а соответствие качества в товаре, не проверяет. Ссылаясь на роспотребнадзор. Роспотребнадзор тоже не проверяет, в виду узаконненной отмены проверок еще в ковид. Вот и получается, потребители сканируют код, видят его в честном знаке, и не знают, что все равно покупают фальсификат. Был репортаж об этом на телеканале Россия 1. Будте бдительны. Не доверяйте товарам, выпущенными у нас, не оригиналам."
6215,1460,cosmetics,Косметика и уход,5,positive,2026-05-18,"Пришел в транспортной обертке, целый Сам крем плотный, хорошо размызывается и впитывается. Круто увлажняет, имеет нежный аромат Удобный формат крема, сроки в норме"
6217,1461,cosmetics,Косметика и уход,5,positive,2026-06-15,Беру не первый раз. Сначала покупала в магазине. Табель здесь. Дешевле. Доставка домой. Оригинал можно проверить по коду. Спасибо продавцу на быструю доставку.
6225,1465,cosmetics,Косметика и уход,5,positive,2024-10-17,"Нравится данная серия кремов. Беру разные. Возрастная категория не моя, НО конкретно этот крем восстановил мою обветренную обмороженную кожу лица после горнолижки в -37' 🔥"
6251,1470,cosmetics,Косметика и уход,5,positive,2024-01-29,"Благодарю Вас за крем! Крем это элексир волшебства для моей чувствительной кожи : нежный, ненавязчивый аромат, отличный состав. Кожа после нанесения крема гладкая, шёлковая, мягкая, напитанная пользоваться кремом одно удовольствие!!! Спасибо большое за подарок, при заказе крема пришёл пробник дезодоранта. Для меня вы и есть подарок😍"
6288,1483,cosmetics,Косметика и уход,3,neutral,2026-07-23,"Но крем мне очень нравится, это уже не первый. Буду заказывать ещё, но только не у этого продавца. Хорошо упаковано. Товар должен придти был после как заказала на второй день, а его задержали аж на три дня. По этому убрала две звезды."
6309,1488,cosmetics,Косметика и уход,5,positive,2025-10-07,"Идеальный. Всё с ним так)) ВОСТОРГ! Этот крем - вишенка на торте) аромат потрясающий! Кожа увлажненная, красивая. Люблю все крема этого бренда, но рисовый фаворит определённо!!!"
6326,1494,cosmetics,Косметика и уход,5,positive,2026-04-12,"Всё хорошо. Тот самый крем и текстура. Что пишут жжёт, я с осторожностью к этому подошла и проверила на муже-всё отлично, не жжёт. Пользуюсь сама каждый день . 🔥✨"
6329,1494,cosmetics,Косметика и уход,1,negative,2025-02-04,"Задала вопрос-Крем Нивея НОВАЯ ФОРМУЛА?Ответили-НЕТ!Ну получайте 1 звезду за то,что вводите в заблуждение.Новая формула-это белая жижа,ничего не имеющая общего со старым кремом нивея! - -"
6380,1504,cosmetics,Косметика и уход,5,positive,2026-07-20,"Удачный ежедневный крем! Без спецэффектов, но добротный. Не раздражает, не лежит пленкой, не воняет навязчиво. Хороший! Кожа жирная, ближе к нормальной, возростная"
6420,1517,cosmetics,Косметика и уход,1,negative,2026-07-19,"Крем не понравился совсем, обыкновенный, дешёвый вариант, ещё и скатывается,( может именно на моей коже) , сразу впитывается и неприятные ощущения после нанесения, что с кремом, что без . Абсолютно не работает"
6426,1520,cosmetics,Косметика и уход,5,positive,2026-07-22,"Заказываю второй раз, крем очень нежный, наносится легко, текстура нежная и легкая, запах очень приятный, крем супер, один из лучших 😊"
6435,1522,cosmetics,Косметика и уход,5,positive,2026-03-17,"Крем этот покупаю постоянно, очень нравится. Действительно работает, но конечно если пользоваться им постоянно. Но я лучше этого крема не нашла, большое спасибо. Раньше использовала ещё натуральное облепиховое масло но почему-то сейчас перестали выпускать, очень жаль. У других производителей совсем не то. Сиберике огромное спасибо за вашу продукцию."
6481,1534,cosmetics,Косметика и уход,5,positive,2026-06-24,"действительно по обзорам защищает, так ещё и увлажняет и лично у моей кожи (жирной, комбинированной) не оставляет этого жирного блеска. просто мастхэв за свою ценю, рекомендасьон"
6482,1534,cosmetics,Косметика и уход,5,positive,2026-06-23,Работает на все 200. Беру уже второй раз. Очень понравилось! Ещё заказала два штуки. Прекрасно подходит под уходовые крема и макияж.
6499,1537,cosmetics,Косметика и уход,5,positive,2026-07-16,"Хороший тональник, заказала сразу три флакона. Оттенок идеально мне подошёл, у меня светлая кожа, почти белая. Хорошо ложится на кожу. Рекомендую. 👍"
6535,1544,cosmetics,Косметика и уход,5,positive,2026-05-14,"Хороший крем, мне подошёл. Хватило на 50 дней (мазала лицо 1 раз в день). Вместе с умывалкой и другими средствами на моей жирной коже стало меньше акне."
6594,1556,cosmetics,Косметика и уход,5,positive,2026-01-22,"Отличный крем, у меня сильно сухая кожа, раньше брала 18, уже как раньше не увлажняет, этот самое то, спасибо ВБ, что у вас можно заказать, раньше только могла только в магазине приобрести."
6604,1559,cosmetics,Косметика и уход,3,neutral,2026-06-07,Про эффект ничего сказать не могу !! Получила и намазала !белый мягкий .нелепкий крем. Слабый приятный запах!!.хорошо и быстро впитался. Нет пленки. Баночка маленькая . Ну никак ни 50 мл за 802 р. Нет никакой защитной пленки . Крышка закручивается и все
6663,1572,cosmetics,Косметика и уход,5,positive,2026-07-24,"Отличный шампунь , приятный запах, обильная пена, хорошо промывает корни с первого раза . Занимает мало места на полке !"
6665,1573,cosmetics,Косметика и уход,5,positive,2025-10-06,"До этого пользовалась многими другими шампунями Fresh Line и скажу: для меня это самые лучшие из всех шампуни! Прекрасно пахнет, отлично мылится, экономно расходуется. Использую в комплексе с другими средствами от выпадения волос (тут важно знать причину, она может быть разная), выпадение прекратилось! Спасибо!"
6678,1576,cosmetics,Косметика и уход,3,neutral,2026-04-18,"Научитесь упаковывать товар, хотелось бы получать его в целостности. Вообще марка хорошая Товар пришёл открытый и пол флакона вылилось в целлофан. Заплотила как за 300 мл, а по факту 150 мл получила."
6699,1585,cosmetics,Косметика и уход,5,positive,2025-09-21,"Не первый раз заказываю, мне подходит, но в этот раз доставка подвела, запаковано в стописят пакетов, а все равно шампунь протек"
6712,1590,cosmetics,Косметика и уход,5,positive,2026-06-09,"Брала всегда 200 мл в аптека, решила заказать на вб в большом формате По запаху похож на оригинал Голова после шампуня чистая"
6836,1635,cosmetics,Косметика и уход,5,positive,2024-07-01,"пенится великолепно! расход маленький. а запааах..💗 в лечебных целях даже не сомневаюсь. концентрат экстрактов и масел. но нужно выдерживать на волосах. ну и бальзам/сыворотка/несмываемый уход конечно необходим. и да! можно хранить в этой же коробочке, только обсушить💡 я делаю это сухой рукой)"
6843,1639,cosmetics,Косметика и уход,1,negative,2026-07-24,"Шампунь неплохой, но я заказала две бутылки по разному адресу, и обе приехали с разбитым дозатором при наклоне вытекает! Хорошо, что осталась старая бутылка с целым дозатором, пришлось перелить. Будьте пожалуйста внимательны при упаковке товара, сверху на дозатор обязательно нужно упаковку, а там только полиэтиленовая пленка."
6848,1641,cosmetics,Косметика и уход,5,positive,2026-06-30,"Заказываю шампунь не первый раз. Посоветовал врач от выпадения волос. Волосы действительно со временем меньше стали выпадать, но я с уверенностью не могу сказать что повлиял именно этот шампунь, а не другие факторы (изменение времени года, погоды, получение большего количества витаминов и т.д.). Однако, в отличие от других шампуней известных брендов Эсвицин довольно хороший шампунь, без сульфатов. Бутылки приехали в коробке. Сами бутылки с шампунем имеют ровно наклеенные этикетки и наклейку на крышке, что говорит о том, что шампуни не открывались до нас. В целом все ок! Спасибо продавцу за товар!"
6926,1659,cosmetics,Косметика и уход,5,positive,2023-08-13,"Пришёл без фирменной упаковки, в пупырке. На колпачке защитная плёнка. Отличий от купленного в Рив Гоше не увидела. Доставили быстро. Спасибо"
6945,1663,cosmetics,Косметика и уход,5,positive,2026-07-09,"Отличный твёрдый шампунь, запах обалденный, у меня тонкие волосы и приходится мыть каждый день, но как только перешла на твёрдый шампунь, мою через день, даже не использую кондиционер, волосы отлично расчёсываются. Реально крутой шампунь. Рекомендую 👍 Всё"
6966,1668,cosmetics,Косметика и уход,5,positive,2026-07-15,"Шампунь действительно работает. Возможно кому-то поможет моя информация при выборе Волосы пористые, секутся и быстро ломаются. До этого пучками сыпались. После применения данного шампуня, ситуация улучшилась. Но дорогие девушки, не ждите чуда. Проблемы нужно решать изнутри. Если у вас нехватка витаминов и ослабленный организм, то вам нужно заниматься здоровьем. А это лишь помощник при комплексном лечении. Шампунь рекомендую!"
6978,1671,cosmetics,Косметика и уход,5,positive,2026-07-16,"Отлично упаковано. В пакете картонная коробка в полиэтилене, в ней еще одна коробка в полиэтилене. По аромату такие же, как в магазине, но дешевле."
7008,1679,cosmetics,Косметика и уход,4,positive,2026-06-04,"как обычный шампунь, то что голова меньше грязнилась тоже не заметила в общем шампунь норм , но больше не куплю"
7175,1724,cosmetics,Косметика и уход,5,positive,2026-03-03,"Шампунь как шампунь, нечего сверхъестественного, пришёл упакованный в пупырку , целый, запах приятный но не сильно ароматный, для моих волос подошёл."
7176,1725,cosmetics,Косметика и уход,5,positive,2026-07-17,"Долгое время уже беру только их. Супер! Волосы мягкие, послушные, а запах какой ммм.... Всех своих подсадила на эту линию. Спасибо!"
7287,1761,cosmetics,Косметика и уход,5,positive,2025-06-03,"Консистенция хорошая ,не жидкая и не слишком густая, легко наносить👍 Очень нравится сыворотка этой фирмы. Спасибо за быструю доставку 👌"
7295,1764,cosmetics,Косметика и уход,5,positive,2024-09-07,"Сыворотка впитывается, увлажняет кожу, не оставляет блеска. Одной карсулы хватает на лицо и руки. Кожа становится мягкой )) пользуюсь давно, покупаю не в первый рпз) рекомендую))👍"
7305,1768,cosmetics,Косметика и уход,5,positive,2025-11-12,"Я использовала первую банку на ночь, хватило на доооолго, почти на два месяца. Вторую уже пустила и в день и в ночь, хватило на месяц. Сыворотка великолепная. Но. Эффекта надо ждать, я получила максимальное удовлетворение от нее через месяц регулярного использования. Я молодая еще пока женщина и активных изменений не имею, но мои минимальные скорректировались немного. Лицо всегда было свежим и увлажненным. Хороший ровный цвет лица после этой сыворотки. Она отлично дополнительно питает, кремом надо закрывать. Две за плечами, третья сыворотка ждёт стоит своего часа и периодами точно буду повторять Моя любовь Долго ждать эффекта"
7360,1777,cosmetics,Косметика и уход,1,negative,2026-02-12,"Заказываю уже не первый раз. Всегда приятный аромат, плотная текстура, виден эффект применения. В этот раз прислали жидкое средство с резким неприятным запахом. Боюсь наносить на кожу."
7364,1778,cosmetics,Косметика и уход,4,positive,2026-05-24,"Жидкая как вода, по коже скользит легко, впитывается тоже. Липкости- ноль. Ушла стянутость, на лбу исчезли шелушения, кожа мягкая. а когда ее наношу под крем- вообще приятно. Морщины никуда не ушли, а вот увлажнение кожа получает теперь постоянно."
7407,1787,cosmetics,Косметика и уход,5,positive,2026-07-23,"Мне очень нравится эта сыворотка,раньше нужно было очень много крема использовать (кожа сухая,возрастная), сыворотка очень хорошо увлажняет кожу и после запечатываю её увлажняющий кремом(крема нужно совсем немного),мне очень подошла, спасибо огромное,заказал её второй раз и ещё четыре уходовых продукта вашего бренда и цена сейчас немного меньше чем была ранее, спасибо."
7450,1793,cosmetics,Косметика и уход,5,positive,2026-04-28,"Вся линейка очень хорошая. Приемлимая цена. Увлажняет, без липкости. Эффект примерно 10-12 дней. Рекомендую к покупке Стоимость, эффект Не выявлено"
7500,1803,cosmetics,Косметика и уход,5,positive,2026-01-27,"Использую вместе с тонером, хорошо убирает постакне, выравнивает тон, кожа выглядит свежо Очень хороший эффект, кожа сияет Цена не самая низкая, но радует объем"
7556,1812,cosmetics,Косметика и уход,4,positive,2026-06-17,"Добрый вечер, походу мне попалось вместо маски-сыворотки, крем. Как крем мне понравилась. Но не как маска, на маску даже не похожа"
7574,1818,cosmetics,Косметика и уход,5,positive,2026-07-16,"Купала ваших три продукта:крем под глаза,крем для лица и сыворотку для лица. Сыворотка действительно хорошая.Заметила что есть отличное увлажнение и питание )))Ещё из плюсов она не оставляет липкий слой!Короче,рекомендую🤍"
7610,1823,cosmetics,Косметика и уход,5,positive,2026-05-06,"Цена сказка , заказала пару штук на запас Пришла в заводской упаковке , выглядит супер , наконец нашла эссенцию с хорошим составом так как кожа склонная к комедонам. Не сушит , хорошо увлажняет 👍🏼 -"
7641,1831,cosmetics,Косметика и уход,1,negative,2024-12-31,"Мало того, что почти 2 недели мне никак не могли мне отправить (товар оплатила сразу), так ещё и не то прислали. Я же просила, что если нет в наличии - отмените его, т.к. я сама сделать этого не могла. Ну, спасибо!😡 Без понятия Всё, начиная от сроков доставки"
7651,1835,cosmetics,Косметика и уход,3,neutral,2026-02-06,"Уже много лет заказываю продукцию фирмы Леврана, но с таким отношением столкнулась впервые. Очень жаль ((( Пришла с приоткрытой крышкой, соответственно 1/3 пролилось, бутылек был испачкан в сыворотке. И осталось. Хотя было упаковано в заводскую коробку и пленку. Из чего делаю вывод, что отправлено было в таком виде, или брак или производитель так заботится о клиентах."
7656,1835,cosmetics,Косметика и уход,1,negative,2021-10-27,"Сыворотка не гелевая, текстура водянистая. Пришла мокрая бутылочка, протекшая. Полагаю, брак упаковки. Это серьезный косяк производителя. Если сыворотка не герметично запакована, она портится."
7657,1835,cosmetics,Косметика и уход,1,negative,2021-08-31,"Покупаю второй раз. Товар пришел испорченным. Коробка вся мокрая. Сыворотка вылилась. Чувство, что уже вскрывали. Открыла крышка без каких-либо усилий. Неприятный осадок."
7692,1842,cosmetics,Косметика и уход,5,positive,2025-12-18,"Я просто поклоняюсь этой сыворотке: она — единственное, что мне помогает от подкожных прыщей, при этом выравнивает и осветляет тон лица, а также увлажняет и не забивает кожу. Все Недостатков нет"
7733,1854,cosmetics,Косметика и уход,5,positive,2026-05-28,"Ждем результата,пока пользуюсь пару дней)не вызвало раздражений🙏 Оставляет небольшой липкий слой на коже,особенно в жару это чувствуется,хоть и закрываю кремом,но все же для меня некритично,посмотрим на эффект при дальнейшем использовании)"
7739,1856,cosmetics,Косметика и уход,5,positive,2025-09-09,"Советую к покупке Точно не помню уже, но эта сыворотка кажется пятая у меня по счету. Увлажняет супер, иногда даже не хочется наносить сверху крем. Сыворотка непрозрачная, а как молочная, нежидкая. Я очень довольна"
7740,1856,cosmetics,Косметика и уход,5,positive,2025-08-03,"Сыворотка понравилась удобно наносить , впитывается легко не оставляя липкости, хорошо питает кожу. Спасибо за подарочек очень приятно, ощущается забота о клиенте. Спасибо всем."
7769,1864,cosmetics,Косметика и уход,5,positive,2026-07-06,"Понравилось это слабо сказано) супер сыворотка! После двух дней использования заметен результат, кожа лица жирнится заметно меньше, исчезли воспаления, в общем однозначно рекомендую 👍 буду брать ещё и ещё!"
7780,1867,cosmetics,Косметика и уход,5,positive,2026-06-17,"Отличное масло для сухой и увядающей кожи! Смешиваю с обычным кремом для лица,увлажняет ,придает лицу здоровый блеск и сияние,впитывается моментально! Рекомендую к покупке!"
7800,1871,cosmetics,Косметика и уход,5,positive,2026-07-14,"Сыворотка пришла целая. На кожу наносится очень хорошо, быстро впитывается,нет ощущения жирности и липкости. Не забивает поры, нет белого налета. Очень комфортно ощущается на коже."
7841,1877,cosmetics,Косметика и уход,5,positive,2026-07-18,Хорошо увлажняет я наношу на ночь и иногда перед макияжем тон очень хорошо ложится Сыворотка не липкая подкожных прыщей не вызвала хотя моя кожа к ним склонна
7859,1882,cosmetics,Косметика и уход,5,positive,2026-07-09,"Помогает Обсыпало страшно, намазала на ночь этой сывороткой и на утро уже ситуация была лучше Буду продолжать пользоваться и заказывать снова"
7899,1893,cosmetics,Косметика и уход,4,positive,2026-07-23,"Пользуюсь два дня вижу работу. Очищает кожу и лечит. Очень неудобный дозатор. Прямо выплевывает средство, даже если стараешься нажать аккуратно или медленно чтоб не брызгал С первого дня убрал сильные покраснения Плохой дозатор"
7949,1902,cosmetics,Косметика и уход,3,neutral,2026-07-20,"озабоченности по поводу упаковки и запаха нет, просто про качество ничего не могу сказать по прежнему, не заметила,,,,, так себе 🤷"
7977,1909,cosmetics,Косметика и уход,5,positive,2026-06-27,"Очень хорошая тушь после третьего нанесения мои поросячьи реснички превратились в красавиц, смывается легко, чулочками, нет эфектв панды весь день, очень рекомендую!!!"
8048,1928,cosmetics,Косметика и уход,2,negative,2026-07-22,"Тюбик туши ужасно пахнет, то ли краска, то ли бензин. Невозможно зайти в комнату где находится эта тушь. Заказывала второй раз, до этого всё было нормально. Но в этот раз полное разочарование"
8059,1930,cosmetics,Косметика и уход,4,positive,2026-07-22,"Тушь хорошая , но смыть её оооочень сложно . И миццелярка , и мыло и пенка для снятия макияжа и всё-равно полностью не смывается"
8083,1934,cosmetics,Косметика и уход,1,negative,2026-07-24,"Взяла термо тушь 1й раз , и больше не куплю .Во первых жидкая ,ресницы склеиваются ,даже иголкой не могу распушить .Понравился лишь цвет туши коричневый ,цвет красиаый."
8102,1936,cosmetics,Косметика и уход,5,positive,2026-02-27,"маска от черных точек я не совсем все поняла , я никогда таким не пользовалась, а вот сыворотка очень зачетная"
8138,1946,cosmetics,Косметика и уход,1,negative,2022-12-28,"Защитная плёнка отсутствует, упаковка повреждена, ужасный запах от наполнения. Фото сделано в ПВЗ, удержали за возврат 150 руб. Не рекомендую!"
8148,1949,cosmetics,Косметика и уход,5,positive,2026-07-24,"Супер тушь! Наносится очень хорошо, не осыпается и нет чёрных кругов под глазами. Вечером хорошо смылась тёплой водичкой 👍 Стойкость и эффект"
8158,1949,cosmetics,Косметика и уход,5,positive,2026-07-22,"Хорошая тушь, с первого раза очень удлинила ресницы, хотя давно не красила их,Но эффект удивил)хорошо пахнет и цвет прям насыщенный черный Крутая 🔥 На увидела"
8162,1950,cosmetics,Косметика и уход,4,positive,2026-07-23,"Хорошо упакована, пленка от вскрытия, пришла вовремя , хороший срок годности . красивый коричневый цвет К моим ресницам не подошла, склеивает, сыпиться ."
8207,1961,cosmetics,Косметика и уход,5,positive,2026-07-22,"Это лучшая тушь👍Разделяет реснички, эффект вау 🤩 не сыпется, не скатывается. Придает нереальный объем, делает ресницы в несколько раз длиннее и выраженнее ."
8214,1962,cosmetics,Косметика и уход,5,positive,2026-07-19,"Заказала у этого продавца в первый раз, товар пришёл целый. Тушь очень понравилась, хоть она и не водостойкая, но весь продержалась на ура. На ресницах почти не чувствовалось (для меня это большой плюс) Думаю заказать ещё, когда это закончиться) P.S. пока писала, увидела, что wb предлагает оценить запах... оказалось, что она реально вкусно пахнет.... для меня это открытие🙃"
8224,1964,cosmetics,Косметика и уход,3,neutral,2026-06-24,"Я рыжая и думала что тушь будет с рыжеватым под тонном, но выглядит просто чёрной. Хорошо смывается. При высыхании не похоже на коричневый оттенок."
8232,1966,cosmetics,Косметика и уход,5,positive,2026-07-23,"Обожаю эту тушь. Она намного лучше, чем дорогие брендовые туши. Легко ложится, не осыпается, не растекается даже в бассейне, снимается чулочками. Беру уже не первую. Однозначно рекомендую 👍"
8256,1970,cosmetics,Косметика и уход,5,positive,2026-07-19,"Хорошая щёточка, подкручивает ресницы. Даже мои пряморастущие реснички остаются подкрученными весь день. Прямо магия какая-то. Очень понравилась тушь. Однозначно буду брать ещё. Щёточка, эффект на весь день, не осыпается, Всё так"
8275,1975,cosmetics,Косметика и уход,5,positive,2026-06-07,"Тушь чудесная! Не то слово даже! Ложится равномерно, без комков, не шипит слизистую, не осыпается. Еще не смывала. Но надеюсь и здесь не подведет! Рекомендую! Взяла два цвета и не прогадала. Для лета самое то, что надо! Зеленый не хакки/что насторожило при заказе, хотела поярче/, так и оказалось: цвет ярко зелено-изумрудный. Смотрится очень благородно и не вызывающе. Можно и в офис использовать."
8279,1976,cosmetics,Косметика и уход,5,positive,2026-04-14,"Быстрая доставка, упаковка не нарушена. Хороший срок годности 👌 Рекомендую 💪 Отличная тушь по доступной цене. Глазки с ней становятся ещё выразительнее и привлекательнее."
8338,1992,cosmetics,Косметика и уход,1,negative,2026-07-13,"Не высыхает уже 2,5 часа. До этого покупала постоянно такую тушь, но в магазине, все было прекрасно. Здесь купила явную подделку, деньги на ветер"
8342,1993,cosmetics,Косметика и уход,3,neutral,2026-07-18,"Тушь не понравилась,не удлиняет, не придаёт объём,надо сделать 3-4 слоя,чтоб увидеть тушь на ресницах. Но за эту цену ничего лучшего ждать глупо."
8355,1994,cosmetics,Косметика и уход,5,positive,2026-07-04,"Осыпается, если будете активничать. Не водостойкая! Если будете плакать, с нижними ресницами все будет печально, но тушь за такие деньги - находка Хорошая тушь, наносится отлично, смывается замечательно, даже можете хорошо глаз потереть и она пропадёт с ресниц, если будет прям лень смывать."
8371,1995,cosmetics,Косметика и уход,5,positive,2026-07-24,"Крутая термотушь! Цвет обалденный — мягкий темно-коричневый, выглядит очень натурально. Реснички разделенные, аккуратные. Огромный плюс, что она вообще не размазывается под глазами (для обладательниц нависшего века это спасение). Смывается обычной теплой водой без «эффекта панды» — просто сходит комочками. Буду заказывать еще!"
8417,2003,cosmetics,Косметика и уход,1,negative,2026-04-25,Доброго времени суток я пользовался этим туром очень довольно долго покупала всегда в магазине но первый раз заказала еа вб у этого продавца отпрааили какую то аналог не знаю совсем другой товар возврат не оформила написала продавцу отвечает наши товары соответствует но нечего не соответствует наверно это первый и последний раз когда у них что то заказываю не могу сказать рекомендую или не рекомендую но отзыв написать решила Не понравилась то что отправили совсем другой товар Другой товар не соответствует товару на фото
8426,2006,cosmetics,Косметика и уход,5,positive,2026-05-15,"Тушь вообще огонь, подружка посоветовала, она покупала в *** за 600-700р , а я тут вообще за копейки купила. С учëтом того, что после наращивания у меня ресниц почти не осталось и все очень короткие, то эта тушь их подняла и удлинила очень хорошо, когда востановлю ресницы, то будет вообще вау эффект. И могу сказать, что я очень удивилась, так как пользовалась другими тушами, и дорогими, и средней цены, но такого эффекта не от одной не было"
8448,2011,cosmetics,Косметика и уход,5,positive,2026-06-29,"Тушь супер! Посоветовали,купила,не пожалела. Не оставляет кругов под глазами,не слипаются ресницы при окрашивании,удлинняет! Крашу ресницы редко,но иногда надо. Эта та самая тушь. Перепробовала очень много,но похоже теперь буду пользоваться только этой. Спасибо за хорошую тушь производителю! Рекомендуем к покупке! 🔥🔥🔥👍👍👍 Хорошо смывается. Очень хорошо прокравшивает ,удлиняет ,не слипаются ресницы при окрашивании. Нет"
8471,2018,cosmetics,Косметика и уход,5,positive,2026-07-07,"Внешний вид, конечно, так себе. Но качество продукта очень даже высокое. Цвет туши яркий, насыщенный. Не осыпается. Ресницы объёмные, пушистые."
8479,2019,cosmetics,Косметика и уход,5,positive,2026-07-08,"Спасибо большое производителю. Я очень долго искала коричневую тушь в разных ценовых категориях, чтобы она удлиняла, не утяжеляла и делала ресницы длинными. И Ваша тушь обладает всеми этими качествами. Просто лучшее, что случалось с моими ресницами. Первое фото - «до», втрое - «после»."
8571,2038,cosmetics,Косметика и уход,5,positive,2026-03-17,"Заказ задержался на 4 дня.Упаковали не ту тушь,но так как очень долго ждала заказ забрала эту тушь.Надеюсь,что она хорошая.В следующий раз будьте пожалуйста внимательнее при отправке заказа."
8623,2054,cosmetics,Косметика и уход,5,positive,2026-07-16,Очень хорошая тушь. Мне подходит. Правда хватает на пару месяцев. Но за такую цену норм. Беру не в первый раз. Рекомендую
8673,2071,cosmetics,Косметика и уход,1,negative,2026-07-23,"Проверяйте качество сразу на ПВЗ-не только срок годности! Я открыла сразу, а тушь сухая, на щёточке ни капли влажной туши ! Отказ."
8689,2074,cosmetics,Косметика и уход,5,positive,2026-07-23,Упаковка была ужасной и он не полный как будто от лили звезды снимать не буду просто в приедь не делайте так... 😥 А так запах очень приятный спасибо
8761,2098,cosmetics,Косметика и уход,5,positive,2025-03-13,"Аромат неизбитый,свежий,яркий по началу,потом,раскрываясь,становится многогранным интригующим и завораживающим.Мне очень понравился и по хорошему очень удивил.Спасибо огромное за парфюмерную радость! Как всегда,ваша ароматная продукция на высоте!!стойкость отменная,около суток чувствую аромат на себе,шлейф приличный,обращает внимание на себя,но не удушающий Сотрудницы спрашивают,чем так вкусно от меня пахнет Два раза уточняли в ватсап по поводу пробников.Всё решили.В итоге пробник прислали не тот,нелюбимый Монталь шоколад.Очень расстроена,так как выбирала пробники,с ароматом которых незнакома и хотелось бы узнать и заказать.Такая ситуация первый раз,печально😔"
8797,2108,cosmetics,Косметика и уход,1,negative,2026-07-24,Не держит запах от слова СОВСЕМ Деньги выброшены в корзину не рекомендую беру уже не первый запах держит одну минуту Полное разочерование
8830,2118,cosmetics,Косметика и уход,5,positive,2026-04-23,"Через честный знак проходит, упаковано было хорошо. Тестер , поэтому, без крышки, аромат знаком, тк тестировала его несколько раз в МК, пришёл точно такой же👍 . Рекомендую, но лучше с предварительным затестом."
8835,2119,cosmetics,Косметика и уход,5,positive,2026-05-22,"Аромат хороший, стойкий, шлейф отличный, но для меня приторные. Тем, кому нравятся сладкие, советую. Розовый перец и ваниль чувствую больше всего Яркие Нет"
8863,2128,cosmetics,Косметика и уход,3,neutral,2026-06-08,"Больше не закажу. Пустая трата денег. И это не по мотивам, так как те очень стойкий аромат, а в данном товаре этого нет. Пришёл товар быстро и хорошо упакован. Запах держится наверное минут 10-15."
8883,2137,cosmetics,Косметика и уход,2,negative,2026-07-07,"Честно, не поняла восторженных отзывов, на которые повелась. У другого продавца запах действительно белый шоколад, эти - нет. Плюс держатся 15 минут максимум. На одежде еще что-то есть, если принюхаться, на теле ничего не остается"
8887,2137,cosmetics,Косметика и уход,4,positive,2026-06-23,"Ооочень бомбический запах! Буду скоро заказывать ещё. Пришли духи в хорошо упакованной коробке. Но. Внутри крышка флакона была повреждена, на видео видно. Содержимое флакона было немного разлито внутри коробки."
8892,2139,cosmetics,Косметика и уход,1,negative,2026-07-24,"Люди которые не любят слишком сладкие духи лучше такое не берите. Я смотрела только на отзывы и разочаровалась... Упаковка хорошая Слишком сладкий , запах чоко пая слишком приторный"
8897,2139,cosmetics,Косметика и уход,5,positive,2026-04-18,"Офигенные духи. Правда, много не надо на себя распылять, так как аромат интенсивный достаточно и хватит 2 пшиков. Пахнут просто прекрасно, не приторно а прям шоколадом 🍫"
8911,2144,cosmetics,Косметика и уход,5,positive,2025-10-29,Мне очень понравился запах Я духи с таким запахом привозила с Японии в 90 годах Это был отпад и вот случайно заказала у вас Сколько будут держаться не знаю посмотрим СПАСИБО
8936,2153,cosmetics,Косметика и уход,5,positive,2026-07-21,"Запах на любителя. Флакончик красивый, дозатор работает хорошо. Милая черная коробочка, упаковано было в пупырку. Советую, но запах нужно слушать чтобы понять подойдет или нет, повторюсь, на любителя."
8961,2162,cosmetics,Косметика и уход,5,positive,2026-07-24,"Неожиданно, но духи очень хорошие. Пахнут вкусно, достаточно стойкие. Вечером нанесла на запястье, утром проснулась запах до сих пор присутствует☺️"
8994,2171,cosmetics,Косметика и уход,5,positive,2026-06-25,"всегда нравились масляные парюмы, аромат спокойный, чувствуется свежесть апельсина, остаётся нежный аромат ванилина с молоком, мне подошли духи буду заказывать"
9028,2181,cosmetics,Косметика и уход,5,positive,2026-07-01,"На одежде запах держится 1.5 суток точно, на руке часов 8 точно, но запах конечно не мой. А так хорошая парфюмерная вода, особенно за такую цену."
9034,2183,cosmetics,Косметика и уход,5,positive,2026-07-24,"Мои любимые духи! Божественный аромат! Ещё и аккуратно,бережно упакованы с записочкой:""Собрано Ольгой с любовью!"" Большое спасибо Ольге и продавцу, буду и дальше радовать себя покупками у вас!"
9085,2192,cosmetics,Косметика и уход,5,positive,2025-08-06,"Довольно-тaки нeобычный aромaт у этих духов с рaскрытиeм в них ноток цитрусовых, грaнaтовых, цвeточных (в особeнности нeжности пионa). Дeржaтся нa кожe достaточно длитeльноe врeмя при этом."
9129,2205,cosmetics,Косметика и уход,5,positive,2026-07-24,"Представьте, что вы разрезаете мягкую фисташковую пасту и поливаете её солёной карамелью именно так звучат эти духи. С первых секунд это не приторный десерт, а очень реалистичный. Стойкость выше среднего (6–8 часов), шлейф нежный, но ощутимый. Идеально для осени и зимы, когда хочется сладости без приторности пожалуй, лучшие духи на моей памяти."
9130,2205,cosmetics,Косметика и уход,5,positive,2026-07-24,"Ой, как внусно они пахнут.🥰 Запах очень интересный, сложно описать, но пахнет и правда и фисташкой и карамелью. Мне очень понравились. Кстати от того сколько раз на себя пшикнешь, можно менять концентрацию. Это очень круто))) А вообще я очень люблю сладкие духи. И эта фирма для меня оказалась целым открытием)"
9150,2207,cosmetics,Косметика и уход,1,negative,2025-01-09,"Кто пишет хорошие отзывы? Это обмен, не ведитесь. Даааа, уважаемые разочарование полное. Запах лишь отдалённо напоминает оринанал, стойкость сложно оценить, её вообще нет. Через несколько минут на коже вообще никакого аромата . Раньше Эйфель славился и попаданием в оригинал и стойкостью, вещи после стирки благоухали. Брала два разных аромата в двух магазинах на вб, оба раза это вода. Но в другом магазине цена по крайней мере меньше, красивая коробочка с лентой и соль для ванн в подарок, у вас и дороже и упаковки никакой. Делаю вывод- Либо тут продают подделку все кто торгует этим брендом, потому что Эйфель десять лет назад стоил 800+ за такой объём, либо фирма пошла ко дну. Стойкости нет Аромат лишь отдалённо напоминает оригинал"
9154,2208,cosmetics,Косметика и уход,5,positive,2026-06-15,"Понравились ароматы. У меня из этих ароматов есть оригинальные два, так вот запах очень похож на оригинальный. Держатся очень хорошо, побрызгала и на коже весь день ощущала запах. Рекомендую, возьму еще в больших флаконах, если они такого же качества."
9162,2209,cosmetics,Косметика и уход,5,positive,2026-07-15,"Аромат чистоты и свежести так и есть. Колпачок от флакона пахнет жасмином, когда нанесла духи, то больше всего напомнило мыло Dove, но потом раскрываются такие интересные ноты, у меня ассоциации с ладаном из церкви, но очень приятный ладан, не вонючий. В целом вообще не плохо, мне понравился аромат. Так как это туалетная вода, а не парфюм, держится так себе, быстро выветривается."
9186,2218,cosmetics,Косметика и уход,5,positive,2026-07-24,"Люблю эту маску за то, что она реально работает волосы выглядят более здоровыми, появляется красивый блеск. Расход экономичный хватает надолго"
9210,2222,cosmetics,Косметика и уход,5,positive,2026-07-24,"обожаю эту маску! беру уже 4 банку и преданна только ей. у меня густые пористые волосы и она увлажнит их на все 100% и сделает их более расыпчатыми, гладкими и шелковистыми. легко наносится и приятно пахнет"
9218,2224,cosmetics,Косметика и уход,5,positive,2026-07-22,"Хорошая маска. Волосы от нее очень послушные и блестящие. Запах оболденный, но после смывания не ощущаю его на волосах. Заказала еще, первая баночка заканчивается."
9247,2232,cosmetics,Косметика и уход,5,positive,2026-07-20,"Покупаю не в первый раз, волосы после нее гладкие , шелковистые, блестящие, послушные, для меня как для блондинки это очень важно. Немного жидковата маска, но это не влияет на ее действие. нет минусов"
9277,2236,cosmetics,Косметика и уход,4,positive,2021-04-30,"Для блонда слабовата. От маски изначально ничего не ожидала, брала из любопытства чтоб наконец узнать что такое натуральная косметика) мажу на ночь под шапку - так увлажнение достойное, если использовать как положено, то Волосы как солома - даже кондиционер не спасает"
9318,2243,cosmetics,Косметика и уход,5,positive,2026-04-21,"Маска с розмарином и перцем проверенные компоненты для роста волос.Оказывает приятный разогревающий эффект , улучшает кровообращение.Легко наносится, волосы после нее шелковистые,продолжу пользоваться."
9332,2246,cosmetics,Косметика и уход,4,positive,2026-07-14,"Единственный плюс это запах, очень сочная Вишенка, а вот волос мой жирнит, как будто и не мыла голову с этой маской."
9381,2258,cosmetics,Косметика и уход,5,positive,2026-07-11,"Бальзам-маска просто супер. Сожгла волосы плойкой, благодаря этой маске уже после первого применения волосы стали гораздо лучше, елочка ушла, стали шелковистыми, рассыпчатыми и здоровыми"
9442,2271,cosmetics,Косметика и уход,5,positive,2026-05-08,"Маска отлично питает и увлажняет волосы, делает их мягкими и блестящими. Легко смывается, не утяжеляет пряди. После применения волосы становятся более послушными и легко расчёсываются."
9465,2278,cosmetics,Косметика и уход,5,positive,2025-05-19,"Первое впечатление хорошее, немного протек, но не критично. Вроде и упакован хорошо в пупырку, но при транспортировке видимо крышка раскрутилась. Консистенция приятная, запах немного на любителя пикантный, волосы увлажняет. Будем тестировать дальше Все хорошо Нет"
9479,2281,cosmetics,Косметика и уход,5,positive,2025-06-16,"Отличное качество всех средст этой линии по уходу за волосами, не утяжеляет, придаёт блеск и шелковистость волосам, улучшает структуру волос"
9490,2285,cosmetics,Косметика и уход,5,positive,2022-09-06,"на данный момент это пока единственная маска благодаря которой я могу расчесать свои сухие волосы. конечно, она не совсем идеальна, но среди того огромного списка, что я пробовала на своих волосах на данный момент она лучшая"
9499,2289,cosmetics,Косметика и уход,5,positive,2026-07-06,"Действительно успокаивает. Голова не чешется после нее. Жаль только, что до шампуня, а не после. Даже после бессульфатного шампуня у меня снова голова начала зудеть."
9528,2296,cosmetics,Косметика и уход,5,positive,2025-06-28,"Показалось, что упаковка быда вскрыта, так как маску просто откручиваешь и все. Но вроде не похоже, что ее меньше. По эффекту супер маска, это видно с первого раза: волосы мягкие, разгладились. Радует, что ее много. У меня пористые волосы, заметила, что стали слишком сухими. Если будет накопительный эффект - вообще 🔥🔥🔥"
9530,2296,cosmetics,Косметика и уход,5,positive,2025-01-23,"Маска очень хорошая девочки берите не пргодаете для длинных волос самое то ни разу не пожалела, что приобрела спасибо продавцу🫶"
9562,2303,cosmetics,Косметика и уход,5,positive,2026-07-16,"В основном использую вместе с разогревающей маской, ее на корни, эту на длину. В последний раз мой парикмахер была довольна состоянием волос, сеченых не было, освежила только длину. Значит работает)"
9568,2304,cosmetics,Косметика и уход,5,positive,2026-07-08,"Лучшая маска для моих волос!!! Пользуюсь года 2, у меня длинные волосы, требуют много внимания, после маски волосы блестящие, напитанные, легко расчесываются"
9569,2305,cosmetics,Косметика и уход,5,positive,2026-07-22,Беру уже вторую пачку очень классная маска если её держать после мытья головы хотя бы минут пять вообще отличные волосы становятся Ну даже если намазала через минуту смыл тоже ничего советую к покупке
9627,2318,cosmetics,Косметика и уход,3,neutral,2026-04-24,"Почему у такой продукции из упаковки только пупырчатая пленка, это никак не похоже на продукцию дсд которая является премиум сегментом Второй момент нет даты изготовления , на которую я должна ориентироваться (написано смотреть на упаковке , на упаковке которой нет) только срок годности. Об эффективности на данный момент ничего сказать не могу Нет ни упаковки , ни даты изготовления"
9636,2319,cosmetics,Косметика и уход,4,positive,2025-08-12,"Пишу адекватный честный отзыв,всегда покупаю разные маски для волос с авокадо,мои волосы пористые блонд,эта маска не жирная,скорее увлажняющая,после применения нанесла ещё свой бальзам,чтобы распутать свои волосы Для натуральных волос думаю будет норм Цена Не жирная"
9694,2327,cosmetics,Косметика и уход,5,positive,2025-12-19,"Не могу сказать из-за неё стали волосы лучше или нет, потому что начала новым шампунем пользоваться, и не могу понять, из-за какого средства хороший эффект 😂 Запах, однозначно у неё 🔥 Запах."
9743,2338,cosmetics,Косметика и уход,4,positive,2026-07-03,"Пушистость исчезла, волосы хорошо укладываются и держат форму и объем. Мои осветленные волосы на ощупь жёсткие и сухие, после другого бальзама были мягче."
9755,2341,cosmetics,Косметика и уход,5,positive,2026-07-22,"Очень понравилась текстура маски, запах. Как только нанесла на кожу головы началось легкое жжение. Приятное тепло. И все 20 минут, что держала. Мне очень понравилась маска. Буду пользоваться, если ещё она поможет от шокирующего выпадения волос, буду заказывать постоянно."
9768,2342,cosmetics,Косметика и уход,2,negative,2025-01-24,"Поэтому и такая цена за средство Назначение данного средства,производитель Запах уже не из лучших...как будто бы средство уже хорошо так постояло на полке или складе...после обратила внимание на сроки,которые на первый взгляд в норме...а на второй, при обращении на свет,можно увидеть под напечатанным сроком, выдавленный при упаковке производителем...и он отличается существенно"
9805,2352,cosmetics,Косметика и уход,5,positive,2026-07-24,"Классная маска, хорошо питает волосы и вкусно пахнет. Наношу на 15 минут на влажные волосы после душа под пакет, потом смываю и волосы шикарные."
9843,2363,home,Товары для дома,2,negative,2026-07-12,"Цвет хороший но сама ткань чисто пылесос или липучка пыли и не избавиться ((( через 4 дня выбросила, Дома чисто, уборка все Гуд, может с окон залетает, но вот есть такие ткани как пылесборник и джинсовые такие же есть все прилипает, вот и эта ткань такая же увы , вот была бы чуть другая ткань было отлично так как цвет правда мой любимый"
9894,2380,home,Товары для дома,5,positive,2026-07-22,"Хороший комплект. Упаковка самая простая -прозрачный пакет. Цвет соответствует заявленному - шоколадный. Размеры и комплектность тоже в порядке. Ткань мягкая, к телу комфортная. После стирки цвет остался неизменным, вода не окрасилась. Рекомендую. Для еще более комфортного использования купила простынь на резинке и наволочки 50х70 такого же цвета."
9905,2382,home,Товары для дома,1,negative,2026-07-06,"Ничего Заказала постельное белье в качестве подарка. Пришло пыльное и грязное, написала продавцу , навстречу не пошли. Очень неприятно за такое отношение . По качеству постельное белье не долговечное)"
9914,2385,home,Товары для дома,5,positive,2026-07-15,"Добрый день. Потрясающий товар, великолепный постельный комплект. Принт по ткани необыкновенный, качество пошива превосходное, материал очень приятный, уютный и комфортный. Благодарю производителя и рекомендую 👍 ❤️🕊️"
9921,2386,home,Товары для дома,5,positive,2026-06-11,"Шикарнейшее постельное белье. Самое что ни на есть летнее. Вишенки очень милые, ткань хлопок с натуральными вкраплениями, мягкая, в меру плотная - я в полном восторге! Один из лучших комплектов в моей коллекции постельного белья🍒🍒🍒 Абсолютно все! Такого нет"
9932,2388,home,Товары для дома,4,positive,2026-07-24,Красивое По всей простыни какие то дырочки в несколько рядов. Как будто не прошитый край. И на наволочках менькие дырочки и зацепки. Обидно. Надеюсь не расползётся.
9935,2388,home,Товары для дома,5,positive,2026-07-20,"Отличное качество! Комплект полностью оправдал ожидания: ткань приятная, а расцветка вживую в точности как на фото в карточке товара. Отдельно хочу отметить аккуратный пошив - все швы идеально ровные. Однозначно рекомендуем к покупке, будем заказывать еще!"
9939,2390,home,Товары для дома,5,positive,2026-07-24,"хорошее постельное белье, простынь на резинке как и хотела, долго искала подходящее постельное и остановилась на этом и не пожалела, спасибо"
9978,2400,home,Товары для дома,5,positive,2026-07-15,"Уже покупаю не первое Постельное белье очень приятное, мягкое, одно удовольствие на нем лежать. После стирки не село. Спасибо продавцу."
10005,2409,home,Товары для дома,5,positive,2026-07-04,"Это постельно оооочень милое! Самый главный плюс в том,что размер простыни идеален,не пришлось её с усилием натягивать. Ранее встречались комплекты евро под мой размер матраса и натянуть простыню было мучением...приятная ткань,не скользкая. Материал, размер простыни"
10060,2425,home,Товары для дома,5,positive,2026-07-02,"Отличное постельное белье. Просто наслаждение. Пришло ч срок, упаковка на 5.расцветка соответствует описанию. Спасибо продавцу. Рекомендую. За такие деньги После стирки цвет не поменялся"
10062,2425,home,Товары для дома,5,positive,2026-06-28,"Качественное постельное белье. После стирки цвет не потеряло, ткань приятная . Заказала два разных комплекта этого продавца, однозначно рекомендую! Хороший материал"
10064,2426,home,Товары для дома,5,positive,2026-07-24,"Взяла комплект и не пожалела. Ткань плотная, но при этом очень приятная к телу: не колется, не скользит, спать комфортно даже летом. После пяти стирок цвет не потускнел, катышков нет, швы остались ровными.Размер подошёл идеально. Отдельно радует, что почти не мнётся — выглядит аккуратно даже после сна. Однозначно рекомендую!"
10091,2432,home,Товары для дома,5,positive,2026-06-02,"За такую цену, это шедевр исполнения и качества!!!👍🏻👍🏻👍🏻 Рекомендую к покупке!!! Отличный пододеяльник!!! Заказываю второй, только другой расцветки. В первый раз с молнией проблемам были и остаются, но это не критично совсем. А вот сейчас, молния идеально застёгивается! Швы ровные, нитки не торчат, качество материала такое же хорошее!!! При стирке, в режиме рекомендованном производителем, не линяет и не деформируется!!!"
10123,2443,home,Товары для дома,5,positive,2026-07-03,"Что радует , что постельное как на картинке смотрится, продавца рекомендую 👍👍 Очень приятная цена. А качество высший класс 👍 да ещё и за такие деньги 💷💷"
10126,2444,home,Товары для дома,1,negative,2026-06-10,Отвечаю на ваш ответ. Я звонила по номеру телефона который у вас указан вместе с товаром как визитка я не знаю где вы просите не писать плохой отзыв если что связаться с вами естественно естественно наверно его написать не могу. Второй момент я как раз таки про этот серый в цвете графит и говорю в оттенке он у меня был именно графит я до этого заказывала в других магазинах в Иваново но тут решила у вас взять несколько комплектов на пробу и не смогла вернуть так и валяется всё
10131,2446,home,Товары для дома,3,neutral,2026-02-01,"Постельное белье не понравилось 🤷🏻 На перкаль совсем не похоже, больше на бязь, жёсткая ткань. Дважды пришлось стирать, чтобы краска выстиралась. Закатывается."
10147,2450,home,Товары для дома,5,positive,2025-11-10,"Заказала из вашего набора еще один пододеяльник, тоже темно коричневый, но пришёл другой оттенок. Жаль. А так все отлично 👍 Очень мягкое, классное, большая простынь. Посмотрим как будет в носке Немного отличается цвет. В жизни более блеклый"
10155,2453,home,Товары для дома,3,neutral,2026-07-22,"Это не бязь, сразу говорю тем кто надеется купить за 1700, бязь за 1700 не продается, ткань твердая и грубая"
10190,2461,home,Товары для дома,1,negative,2026-05-16,"Пришли кастрюли маленькие! К сожалению забирала не я, по этому не увидела сразу. Прошу вернуть разницу в цене. Покупала почти за 6 тыс. Нужны были именно большие кастрюли. Фото товара приложу."
10227,2470,home,Товары для дома,1,negative,2026-07-20,"Ужасно !!! Все кастрюли помяты , потертости. Такое чувство собрали весь неликвид и отправили . Позорище !!!! Коробка порвана . Брали на подарок , и такое пришло ! Не рекомендую продавца . И не надо писать , что это случайность . Вы целенаправленно положили все мятое ."
10232,2471,home,Товары для дома,4,positive,2026-07-23,"Кастрюли вроде нормальные, не проверяли, но качество упаковки страдает. Забрала потому покупала в подарок, но так нельзя доставлять товар, нужно еще в одну коробку для транспортировки упаковывать!"
10236,2471,home,Товары для дома,5,positive,2026-06-29,"Получила свою новую любовь, даже не одну, аж целых четыре. Прекрасные кастрюли, давно нужно было обновить свою кухонную посуду, решила начать именно с них. Плотные, увесистые, нигде не помяты. Уже испробовала, прекрасно ведут себя на электрической плите, быстро греют"
10257,2476,home,Товары для дома,3,neutral,2026-07-11,"Больше такие кастрюли не куплю. Цветочки на кастрюлях. Как детская посудка, метал тонкий, местами не покрыт эмалью, через месяц заржавели!"
10262,2478,home,Товары для дома,1,negative,2026-06-26,"Отказ, потому что вместо трёх кастрюль пришли две. На коробке нарисованы три. Очень жаль, сделала заказ снова. Надеюсь пришлют три."
10264,2480,home,Товары для дома,5,positive,2026-07-20,"К самим кастрюлям претензий нет. То что хотела, маленькие, легкие. Подходят для индукции. При нагрева страшно трещат крышки, надеюсь они не лопнут. Доставка оставляет желать лучшего"
10277,2483,home,Товары для дома,1,negative,2026-07-03,Давно являемся клиентами WB и первый раз такая неприятность….🤬Прислали 2 кастрюли (вместо трех) и обе разбитые….. придется их выбросить. Очень жаль ☹️. Ждали их долго и очень расстроились 🙁
10326,2497,home,Товары для дома,5,positive,2026-07-19,"Очень хорошие кастрюли. Упакованы качественно, все пришло целое, без сколов. Красиво смотрятся в интерьере кухни, функциональные размеры для семьи из трех человек."
10329,2497,home,Товары для дома,5,positive,2026-07-10,"Спасибо производителю и продавцу за красивый и качественный набор посуды.Упаковано в две коробки,внутри большой пакет.Очень пригодился,т.к на пвз не было ни пакетов,ни скотча чтобы сделать ручку.Каждая кастрюля и крышка упакована в пупырч.пленку.Очень довольна покупкой."
10338,2499,home,Товары для дома,3,neutral,2026-01-07,"К сожалению возврат. Кастрюли очень понравились, красивые, думаю готовить еду в них было бы одно удовольствие. В большой кастрюле на дне чёрное пятно, средняя кастрюля с вмятиной."
10367,2506,home,Товары для дома,5,positive,2026-06-05,"Вроде хорошие кастрюльки, такие малютки. В самой маленькой я даже не знаю что делать) 😂 но для приготовления еды для малышей супер"
10370,2507,home,Товары для дома,5,positive,2022-10-27,"Набор красивый, кастрюли сделаны горшочками, но размеры не соответствуют заявленным. По факту размер кастрюль: 3,5 литра, 2,6 литра, 1,5 литра"
10373,2508,home,Товары для дома,5,positive,2025-05-19,"Понравились кастрюли, выбирала долго а остановилась на этих. Подошли и по размеру и по форме. Спасибо продавцу, все пришло в целом состоянии."
10405,2513,home,Товары для дома,4,positive,2025-12-02,"У одной крышки на ручке резиновое покрытие порвано, не доглядела на пункте выдачи. Ну, а так - объемы соответствуют, комплектация полная. Тяжеленькие, дно довольно толстое. Вскипятила воду, как и у других, по дну пошли пятнышки. Надеюсь, это только внешнее изменение, на безопасность продуктов в кастрюлях не влияет."
10409,2514,home,Товары для дома,1,negative,2026-06-25,"Кастрюли очень маленького размера, до этого брала тако же литра у другого продавца, они были больше по размеру В этих , в самой большой из них, даже 5 штук яиц не сварить,"
10435,2518,home,Товары для дома,5,positive,2025-10-09,Пользуюсь уже три года . Решила только написать отзыв . Все кастрюльки до сих пор в отличном состоянии! Рекомендую продавца 👍
10478,2526,home,Товары для дома,5,positive,2026-07-08,"Упакованы кастрюли в обычную транспортную коробку новую, без повреждений, а вней была фирменная коробка ( новая, без изъянов)- прекрасный вариант для подарка. Спасибо, за уважение покупателя! Кастрюли очень красивые, удобные, качественные. Варила на индукционной плите рисовую молочную кашу. Впервые в жизни ничего не пригорело! Каша получилась СУПЕР! Кастрюлю легко и быстро помыла руками. Никаких изменений цвета, пятен и т.д. НЕТ! Готовить в этих кастрюлях в РАДОСТЬ и УДОВОЛЬСТВИЕ! Рекомендую набор и продавца. СПАСИБО RONDELL!"
10496,2529,home,Товары для дома,2,negative,2023-11-14,"Кастрюли не соответствуют заявленому объëму, а так материал неплохой, но объем очень растроил! Самая большая кастрюля не 5 л, а 4,ковшик не 2.1, а 1,5! Печально что обманули"
10550,2544,home,Товары для дома,5,positive,2026-07-19,"посуда пришла без царапин все целое как будет в использовании покажет время выглядит очень хорошо, тяжелая, спасибки продавцу за быструю доставку"
10563,2545,home,Товары для дома,5,positive,2026-07-23,"Вся посуда очень хорошо упакованна, приятная на ощупь, сразу перемыла и начала готовить, дно толстое прочное, закипает быстро, в комплекте даже отвертка для крепления ручек на крышки, дизайн просто шикарный"
10609,2553,home,Товары для дома,5,positive,2025-10-20,"После готовки есть немного на дне точки , но это ничего такого страшного, а так товар очень хороший, упаковано асе хорошо, спасибо продавцу Массивные, хорошие , качество хорошее"
10611,2553,home,Товары для дома,5,positive,2025-05-25,"Прекрасный набор , ручки не нагреваются , сковорода отличная ! Когда кипит кастрюля из под крышки не выливается содержимле Вообщем всем реклмендую"
10657,2565,home,Товары для дома,4,positive,2026-06-14,"Если сильно не набивать , то впринципе норм! Применять можно , но осторожно !!! Хлипкие , на одном из трех в углу имелась дырдочка (но на функцию не влияет )…"
10674,2570,home,Товары для дома,3,neutral,2026-07-22,"Ужасно тонкие коробки. Если положить сандалии, то норм. Если кроссовки, то коробка просто не выдерживает, уже не говорю о демисезонной обуви. Разочарована."
10748,2608,home,Товары для дома,5,positive,2026-07-24,"Нужная вещь, очень выручили, прям порядок навела с ними, выдерживают много всего положить, до 3 х кг, возьму ещё, советую,"
10753,2610,home,Товары для дома,1,negative,2026-07-09,"Хочу дополнить свой отзыв. В отношении продавца хочу сказать,что не добросовестный. Отказалась от заказа 1 июля,в день выдачи заказа,а деньги все ещё не вернули. Бот пишет всякую чепуху. Выйти на оператора не удается. Прошу связаться со мной и дать адекватный и исчерпывающий ответ по причине задержки возврата денег.А лучше вернуть деньги сразу,без всяких утомительных переписок."
10762,2612,home,Товары для дома,5,positive,2026-07-24,"Прекрасная, новая, хорошо упакована. Акцент на ""новая"", т.к. ранее заказывала у другого продавца, пришло нечто очень ""уставшее"". Не то чтобы б/у, но валялось и ездило непонятно где. Здесь идеально!"
10822,2628,home,Товары для дома,4,positive,2026-06-15,"Хороший органайзер, НО к сожалению отказ, т.к. уголок отломан был. Такие вещи лучше упаковывать не в пленку, а в коробку."
10868,2647,home,Товары для дома,5,positive,2026-07-15,"Очень удобный органайзер. Брала себе для сумок. Мало места занимает. Брала на пробу. Хочу взять ещё один. К покупке рекомендую, очень практичная вещь…☝🏻👍"
10919,2667,home,Товары для дома,5,positive,2026-07-10,"Я не знаю, как я раньше жила без этой лампы. Мне все нравится. Да, на много часов не хватает, но это не критично. 3 режима освещения, отличное управление сенсором"
10960,2680,home,Товары для дома,4,positive,2024-11-16,"Недорого, цвет красный, мне под торшер. И размер подошёл. Посмотрим в действии Небольшая, мне такая и нужна была Выключатель на проводе, хотелось бы на плафоне (такая была раньше)."
10964,2683,home,Товары для дома,5,positive,2026-07-09,"Прекрасная классическая, лампа на струбцине, все детали идеально выполнены исправно функционируют,все металлическое, крепеж к столешнице из прочного пластика, что обеспечит бережное отношение к мебели и надёжное крепление. Цена за такое качество просто космос. Я заказывала две лампы, коробки были убитые, но лампы внутри прекрасно упакованы в пупырку и никак не пострадали.Отличный товар за небольшую цену спасибо огромное 🫶👍👍👍"
11013,2697,home,Товары для дома,3,neutral,2026-07-15,"9 месяцев отработал исправно После этого, лампа при включении теплого света сама переключается на холодный свет, а потом и вовсе отключается, так же при максимальном свете издает шипящий звук на всю комнату. (Видео прикрепила)"
11052,2708,home,Товары для дома,5,positive,2026-07-19,"Отличная лампа! Беру уже 4 штуку для работы. Заряда хватает на 5 часов точно, больше не проверяли. 3 режима. На природу самое то!"
11100,2721,home,Товары для дома,1,negative,2026-07-02,"Продавца не рекомендую Пришел недокомплект, т.е. не было подставки на которую крепится лампа.Коробка в которой была лампа вся потрепанная ."
11209,2766,home,Товары для дома,1,negative,2026-07-24,"Пока не знаю что сказать. Проверить нельзя, только после оплаты. На упаковке кроме номера и штрх кодов ничего нет. Нет размера коврика, артикул не совпадает, вот и все"
11283,2798,home,Товары для дома,5,positive,2026-06-20,"Коврик идеально подошел в ванную комнату. Не скользит, прорезинен, не имеет постороннего запаха. Безопасен. Приятный на ощупь. Особо отмечу- для ног имеет легкий массажный эффект. Покупкой довольна. К покупке однозначно рекомендую."
11300,2806,home,Товары для дома,5,positive,2026-03-22,"Отличный коврик! Мягкий и пушистый, не скользит! Брала в туалет, не люблю коврики с вырезом для унитаза, а этот в самый раз!"
11317,2812,home,Товары для дома,5,positive,2026-07-18,"Очень хорошее качество, без запаха.Но коврик под унитаз очень маленький, если положить его под выемку унитаза, то ноги стоят не на коврике, а на полу."
11328,2817,home,Товары для дома,4,positive,2026-03-15,"Похоже на фото, товар тот. Но воспроизведено все некачественно. Цвет не белый, а какой-то розово-бежевый. На фото не передать. Кружочки все кривые."
11336,2821,home,Товары для дома,5,positive,2026-07-10,"Продавцу спасибо за демократичную цену и хорошее качество! ВБ спасибо за то что он существует! Упаковка целая, чистая,заказ пришёл вовремя. Коврики тактильно плюшевые,не скользят."
11343,2823,home,Товары для дома,2,negative,2026-01-26,"С отзывом поторопилась, противоскользящим его не назовёшь. На второй же день подскальзнулась и упала. Мягкий, приятный для ног и не более. Ожидания не оправдались, выброшенные деньги, как и коврик."
11362,2831,home,Товары для дома,1,negative,2026-06-18,"Внешний вид сильно отличается от картинки. Рисунок нечеткий, блеклый. Запах просто убийственный!!! Ванная окрасилась в синий цвет! Очень не советую данный товар! Это небезопасно не только для детей, но и для взрослых!!!"
11417,2854,home,Товары для дома,5,positive,2026-07-04,"Рекомендую к покупке Невероятно яркое и красивое! Для пляжа самое то, что надо! Легко стирается, не линяет, ворсинки на теле не оставляет, быстро сохнет. Живу на море и всегда для своих гостей беру в подарок эти полотенца для пляжа. Все довольны."
11481,2880,home,Товары для дома,5,positive,2025-09-15,"полотенце серии harmonica от торговой марки dome порадовало хорошим качеством. приятное на ощупь, хорошо впитывает влагу, мягкое, насыщенный цвет, полностью из хлопка. к покупке рекомендую быстрая доставка, доступная цена"
11483,2881,home,Товары для дома,4,positive,2026-06-20,"Это трудно назвать продажа товара. И неуважение покупателя да и себя как продавца. Товар это лицо продавца. К качеству нет нареканий. Полотенца скомканы, плохо упаковано."
11512,2895,home,Товары для дома,5,positive,2026-07-14,"Мне все подошло. То, что и надо было. Небольшие, хороший плотный пластик. Защелки работают нормально. Упаковано на отлично, доставка оперативная .спасибо."
11522,2898,home,Товары для дома,5,positive,2026-07-11,"Набор большой и универсальный. Все детали целые, упаковано отлично. Нет никаких посторонних запахов. На одном из 21 контейнера неплотно защелкиваются короткие боковые крепления."
11527,2901,home,Товары для дома,4,positive,2026-07-24,"Заказывала сразу три набора контейнеров и очень ждала этот заказ. Планировала использовать абсолютно все контейнеры для приготовления и хранения еды, поэтому была уверена, что получу качественный товар. К сожалению, после распаковки меня ждало огромное разочарование. На одной из крышек полностью отсутствует защёлка. Именно отсутствует — она не сломалась и не отвалилась при транспортировке, её просто изначально нет. В коробке её тоже не было, поэтому очевидно, что это производственный брак. Кроме того, на одном из контейнеров обнаружены трещины. Очень похоже, что дефект появился ещё на этапе изготовления. Использовать такой контейнер, особенно для запекания, я не рискну. Есть опасения, что при высокой температуре он может не выдержать и лопнуть, а это уже вопрос безопасности. Очень обидно получить такой товар, особенно когда заказываешь сразу три набора и рассчитываешь пользоваться каждым контейнером. Вместо радости от покупки осталось только разочарование. Очень надеюсь, что продавец обратит внимание на качество продукции и поможет решить эту проблему."
11569,2915,home,Товары для дома,5,positive,2026-03-23,"Покупала такие лет 6 назад. Хотела купить другие, но муж сказал искать именно с такими зажимами, нашла, купила, но взяла другой объём. Герметичные, надёжные. Жаль, что не складываются один в один."
11592,2925,home,Товары для дома,1,negative,2026-06-26,Цена явно завышена Цвет Очень мизерные один только более менее нормальный а два пря совсем маленькие под соусы какие-то возможно
11604,2929,home,Товары для дома,5,positive,2026-07-16,"Это находка!!! Очень удобный ланч-бокс! С собой брать еду на пикник с ребенком, или обед мужу на работу, или перекус подростку в школу. Супер, очень понравилось! Всё есть, даже приборы! Закажу еще набор."
11609,2932,home,Товары для дома,5,positive,2026-07-13,"Хорошие контейнеры, единственное крепко не закрывается. Для хранения в холодильнике сойдёт, а вот с собой в дорогу взять будут уже опасения что может открыться крышка."
11618,2935,home,Товары для дома,3,neutral,2026-04-13,"Продавцу надо повнимательнее быть,возврат не делала пригодятся Хорошее качество Не соответствует описанию,было указано 0.23,0.5 и 0.9 а прислали другие,на этикетке на контейнере указано так же,а упаковано под этикеткой 0.2,0.3 и 0.6"
11655,2946,home,Товары для дома,5,positive,2025-03-10,"Отличные судочки, уже опробовал в деле, только единственный минус в том, что производитель наклеивает фирменную ленту прям на судочки, что лучше делать предварительно обернув товар плёнкой."
11675,2951,home,Товары для дома,4,positive,2024-03-10,"Отличные контейнеры, не первый раз заказываю. Звезду снимаю за несоответствие цвета - да, представьте себе, для некоторых людей это важно! Я всегда подбираю себе на кухню те цвета, которые мне приятны и какое де разочарование, когда вместоикораллового оттенка как на фото получаешь грязно-сиреневый оттенок - хотелось даже одну звезду поставить! Перезаказа бы, да, думаю, такой же цвет и придет снова."
11683,2956,home,Товары для дома,5,positive,2026-02-13,"4 июля 2025 года прислали контейнер на 550 мл, а заказывала на 1200 мл! Ответ с вопросом игнорировали, и вообще, WB отметили: ""нарушаю правила"". Получилось у меня два контейнера по 550 мл. Возвращать не стала, но осадочек остался... Качество отличное."
11716,2970,home,Товары для дома,5,positive,2025-12-04,"Выглядит отлично. Качественный прозрачный пластик. Подходит крышка от контейнера на 260 мл. Одинаковые длина и ширина с контейнером на 260 мл, так что друг в друга вставить не получится."
11725,2973,home,Товары для дома,5,positive,2026-07-17,"Все очень понравилось И яркие цвета, и различные объёмы контейнеров, и то что их можно сложить и уменьшить для хранения Спасибо большое производителю 👍"
11732,2975,home,Товары для дома,1,negative,2023-11-18,В карточке указаны размеры 5.5х6х16 в итоге бокс как лист А4. Огромный. Занимает пол рюкзака. Не вводите в заблуждение. Забирать не стала. Жаль что не сфоткала
11766,2986,home,Товары для дома,1,negative,2026-06-27,"Не рекомендую данного продавца , приобрела контейнеры , первая партия пришла хорошая, заказала повторно, вторую нп было время смотреть, придя домой распоковала коробку, асемаонтейнеры покоцаны, в царапинах, рисунаи смыты, чуть ли не дырявые, продавцу оипрасила и фото и видео, контейнеры были куплены в подарок, продавец в обмене и возврате отказал....."
11767,2986,home,Товары для дома,1,negative,2026-06-27,"Что можно обдумывать неделю, если брак виден на фото невооружённым взглядом?! Так вышло, что ничего не понравилось-брак. Набор, к сожалению, оказался брак. На 4-х контейнерах из пяти сколы, на дне снаружи вздутия, непрокрас внутри контейнера. Пользоваться таким набором нет желания( хотела заменить свой старый облупившийся набор на новый, а прислали ещё такой же). Не знаю почему, но в возврате отказали, хотя это право покупателя- вернуть даже просто не понравившийся товар! Такого продавца крайне не рекомендую."
11799,2998,home,Товары для дома,3,neutral,2026-06-13,"В целом симпотично, но не так как на фото. Смотрится в реальности дешевато. На фото ремешок как кожаный аккуратный, вживую тряпочный( выкупила потому что срочно надо было. А так рекомендация продавцу изменить фото на реальное а не фэйк"
11854,3014,kids,Детские товары,5,positive,2026-02-15,"Детали крупные, сыну 1,9 справился легко, все как в мультфильме, пазлы были собраны и сразу было видно, что деталей хватает, но мы все равно проверили в пункте выдачи, Обожаем синий трактор"
11910,3036,kids,Детские товары,1,negative,2026-07-23,"Заказала два шт ,один пришел без лески и палочки ,не посмотрела на вб ,в итоге в мусор ,если товар хоть как-то упаковать,то этого не случится"
11913,3036,kids,Детские товары,1,negative,2026-07-05,"Почему отправили без лески ,и без этой палочки ??? Я бы вернула если бы ребенок его так не ждал , верните мои деньги за свой испорченный товар !!!!!"
11933,3043,kids,Детские товары,1,negative,2026-07-19,"Истерика ребенку обеспечена😭 не вздумайте заказывать (( Единственное, что удалось найти в стиле Леди Баг . Светится, пришло целое Дочка очень ждала йо-йо леди баг, но как только взяла в руки, он раскрутился вниз, нитка оборвалась и корпус развалился"
11934,3043,kids,Детские товары,3,neutral,2026-07-09,"Игрушка не очень конечно, разматывается, обратно не подпрыгивает как положено, просто нитка разматалась и всё, ребёнку конечно будет интересно, но мне как родителю, непонятно, почепочему так плохо стали делать йо-йо"
11968,3053,kids,Детские товары,1,negative,2026-07-24,"Не советую данный товар и продавца, крышка сломана, сам конструктор между собой плохо держится, продавец отлоняет заявку на возврат товара, если не хотите трепать свои нервы, заказывайте в другом месте"
11984,3056,kids,Детские товары,2,negative,2026-06-18,"Хорошие по качеству, детишкам понравились 🥰 Очень интересно в водичке плавает, ровно как будто стоит на хвостике, не лежит на дне , не плавает на поверхности. Одна русалка лежит на дне (((((( брак."
12018,3068,kids,Детские товары,5,positive,2026-07-22,"Ребенок фанат 3 кота, поэтому телефон понравился Ребенок почти 3г доволен. Даже спит с ним Очень громкий и нет кнопки выкл. Приходится вставлять обратно заглушку для батареек, чтобы музыку прекратить."
12043,3076,kids,Детские товары,5,positive,2026-07-11,"Понравилась игрушка тем, что она многофункциональная! Ребенок сначала походил с каталкой, ручку сняли - пистолет с мыльными пузырями, дома протерли и убрали бутыль - Малыш катает как машинку)"
12112,3098,kids,Детские товары,2,negative,2026-07-20,"С виду хорошие спиннеры Когда начала закручивать винт, увидела что он треснут. Соответственно пользоваться нельзя 🚫 Присоски не держат. Короче деньги на ветер."
12118,3099,kids,Детские товары,5,positive,2026-05-19,"Сын любит Грузовичка Лева, поэтому заказала ему именно его)) в ванной прикольно купаться с ним, выполнен качественно, запаха резины нет)"
12120,3100,kids,Детские товары,5,positive,2026-07-21,"Пока малыш только перебирать и рассматривает, но нам 1,6 .Мне очень понравилась игра. Отличная печать, гладкие фигурки, размер для детской ручки, яркие. Всё ок"
12132,3102,kids,Детские товары,5,positive,2026-06-27,"Ребенок нам улице запускал весь день. Для детских ручек удобно. Для игры на улице самое то что надо. Крепкий пластик, улетел далеко и не разбивался."
12136,3105,kids,Детские товары,2,negative,2026-02-26,"Не ожидала, что пазлы будут буквально рассыпаться в руках. Где подложка? Хорошая задумка создать пазлы от больших к маленьким. Мы начали с больших. Почему нет подложки на пазл? Это одноразовая вещь? Когда берёшь в руки в этой тончайшей рамке, которая ничего не держишь, всё рассыпается. Не ожидала такой подставы. Раньше все пазлы собирались на специальную подложку из картона - у каждого пазла своя подложка."
12147,3109,kids,Детские товары,4,positive,2026-03-11,"Глаза нарисованные, а дети маленькие всё грызут, поэтому глаза наполовину стëрлись. Задумка интересная, но с глаза надо как-то по другому бы делать, чтоб детям в организм не попадала краска."
12153,3111,kids,Детские товары,5,positive,2025-12-21,"Ставлю 5 потому что понравился дизайн , интересное движения стоя и лежа, были бы ножки помягче,малыш у было бы комфортней, а остальное класс"
12167,3114,kids,Детские товары,1,negative,2023-08-20,"КРАЙНЕ НЕ РЕКОМЕНДУЮ!!!! Заказывала планшет для ребенка развивающий, пришла музыкальная книжка, поменялась карточка товара одним днем, в пункте выдачи и нечего было предъявить получается, так как товар у них в базе уже поменян и совпадает… еще «плюсом» - доставка в Калининград стоит 200 рублей, отказ от товара, который я не выбирала- 100 рублей… просто нет слов… тысячу раз подумайте, прежде чем заказывать у этого продавца Получается просто 300 рублей подарила!"
12168,3115,kids,Детские товары,5,positive,2026-05-11,"Ребенок не выпускает ее из рук. Наш ребенок грызет всё, что попадает ему в руки. В этой игрушке слоями легко сходит краска (всё, что не синего цвета). Это не претензия к продавцу, игрушка не грызунок и краска на такое жесткое использование не рассчитала. Просто предупреждение для родителей маленьких бобров как наш"
12180,3119,kids,Детские товары,4,positive,2026-07-16,"Соответствует описанию, яркие картинки, ребенок любит играть Яркая печать, но ничем не закреплена поверх, нет слоя типа лака, придется самостоятельно покрывать, из-за чего рисунок стирается (и да, после 1 игры собаку ребенок сгрыз)"
12182,3119,kids,Детские товары,5,positive,2026-07-12,"Отличные пазлы для детей! Детали большие, ребенку удобно вставлять. Качество отличное, печать не стирается. После многократных игр пазлы как новые Качество"
12190,3122,kids,Детские товары,3,neutral,2026-07-21,"Цветовой исполнение не соответствует фото. Ждали красивый радужный пельмешек, пришло жалкое подобие заявленного. Цена не соответствует качеству. Посмотрела хорошо только дома, ребёнок ждёт."
12194,3123,kids,Детские товары,1,negative,2026-05-30,"Коробка порвана, батарейки были вставлены. Когда распаковала, тетрис был уже включен, на экране все зависло. Некоторые кнопки перепутаны, игры зависают. Ребенок расстроен"
12216,3132,kids,Детские товары,2,negative,2026-07-15,"Сами рыбки хорошие, а вот удочка и сачок желают быть покачественее за такую цену, я брала дешевле и то там намного лучше, но повелась на сачок и взяла это вариант Разломалось сразу же в первый день"
12249,3142,kids,Детские товары,5,positive,2026-07-08,"Превзошли мои ожидания, очень классная игрушка. За такую цену очень много мелодий . Всё работает. Ребёнку 2 года очень понравилось Всё супер 😍"
12251,3142,kids,Детские товары,4,positive,2026-06-16,"Хороший русский язык! Можно за одно это уже похвалить. Звук приятный, кнопочки работают, режимы переключаются понятно. Хорошая штучка Песенки не целиком, приходится допевать мне самой"
12319,3165,kids,Детские товары,5,positive,2026-07-01,"Ребенку очень понравился, сразу только не понял как играть , нам три года , потом разобрался. Очень прикольная игрушка для маторики рук и быстрого мышления. Даже взрослому интересно"
12323,3166,kids,Детские товары,4,positive,2026-07-03,Очень много трафаретов чтобы собирать игрушка очень интересная но она совсем не яркая как на фото здесь. И цвета не подходят фишечек поэтому огорчило меня. Так игрушка нужная интересная и можно долго в нее играть.
12340,3170,kids,Детские товары,4,positive,2026-06-29,"Погремушка классная по дизайну, а также имеет крайне приятное звучание. Однако, помыть ее перед применением еще тот квест. Внутри игрушки создается испарина, которую трудно просушить. У нас погремушка сохла три дня (в том числе под мощной струёй горячего воздуха от фена) перед тем как окончательно быть готовой к применению. Да и после этого в одной сфере шарики катаются только от усилия, чего перед промывания не было. Ставлю 4 звезды из-за этой неприятности. В остальном погремушка супер!"
12347,3172,kids,Детские товары,5,positive,2026-06-10,"Все Будто магниты слабые, годовасику тяжело пока понять, как удержать червяка. Но может, если сильнее будут, то тяжело будет птенцу отдать"
12348,3173,kids,Детские товары,1,negative,2026-07-24,"Игрушка на 5 минут У племянника был подобный…тем племянник года два играл и после пролежал в шкафу более трех лет, даже не севший был, качественный, заказала новый, так как этот потеряли… пришло жалкое подобие, которое сломалось через 5 минут…"
12376,3183,kids,Детские товары,4,positive,2026-07-05,"Задумка, простые формы, цвет Вместо двух треугольников-всего один, зато квадратов три штуки, явно напутали. Плюс искренне не понимаю зачем клеить ваш qr код прям на крышку, на самое видное место? Во-первых, ребенок все тянет в рот и зубами на раз-два сгрызает наклейку, во-вторых, очень сложно начисто ее убрать взрослому, не помог даже предварительный нагрев феном, не весь клей отошел, пришлось тереть губкой и все равно клей не отмылся, зато поцарапался пластик👍🏻 крышка плохо защелкивается, о чем другие покупатели тоже пишут"
12383,3185,kids,Детские товары,5,positive,2026-07-08,"Отличная игрушка для малышей. Брали в дорогу в поезд как очередную развлекашку на 5 минут, в итоге отвлекала минут 30)) и домой привезли - играет. Кормит животных с руки, т.к. ложку сломал сразу же. Картон плотный, не мнется, не разваливается, много раз собирается и разбирается. Очень понравилось, что овощи для кормления не пластик, а как плотная стерка, резинка - отлично ложатся в детскую ручку, не падают с грохотом. В общем отличная игуана за отличную цену!"
12388,3185,kids,Детские товары,5,positive,2026-05-25,"у овощей отваливаются зеленый хвостики, пришлось все разобрать чтобы ребенок не подавился этими деталями, а так задумка классная, ребенок увлеченно играет и кормит животных и всех всех всех теперь)) ну и ложку можно было сделать более прочной и глубокой, а то как обычная одноразовая пластиковая..."
12463,3207,kids,Детские товары,2,negative,2026-07-17,"+ Большой, яркий - тонкая леска При первом же запуске леска порвалась и змей улетел не понятно куда ( так и не нашли его). Пришлось второй заказать. Так что леску сразу на другую меняйте."
12481,3214,kids,Детские товары,1,negative,2026-07-21,"Качество самого слипа хорошее. Слип воняет химозой. Такое ощущение, что взяли брусок хозяйственного мыла и втерли в одежду. Вонь невероятная. Постирала один раз, запах не прошел. Попробую еще постирать, не знаю будет ли толк. От запаха у меня запершило в горле. Очень хотелось бы понять, что это вообще может быть такое."
12488,3219,kids,Детские товары,5,positive,2026-07-22,"Замечательный комплект!Качество на высшем уровне,и очень приятный дизайн. Удобный,красивый и очень приятный к телу!Прекрасный товар! Приятно,что быстро доставили!Спасибо всей команде!"
12539,3236,kids,Детские товары,5,positive,2023-03-13,"Хорошие ползунки. Высоковаты конечно, почти до подмышек доходят, но в ножках размер точно соответствует 56 размеру. Малышу тепло зато. Материал ползунков мягкий, а вот кофточка оказалась пожестче, но это и понятно, пошиты изделия с разницей в 1 год. 2022 и 2021 года соответственно. Это единственный недостаток для меня. Снижать балл не буду, тк это то, что искала."
12540,3236,kids,Детские товары,1,negative,2023-01-29,"Двухмесячный ребёнок снимает их с себя за минуту,притом что ползунки выбраны по размеру. И резинка слабая, и носок не держит, ножку сразу вынимает. Деньки потрачены впустую, ползунки лежат в шкафу"
12544,3239,kids,Детские товары,5,positive,2026-07-17,"Мягкий, красивый материал, 100% хлопок, соответствует картинкам, подойдут на пухленького ребёночка, идет в размер. После стирки не сели, цвет сохранился, материал не красится. Стирала все 3 одновременно при температуре 30 градусов. Буду заказывать еще, очень понравились бодики."
12574,3246,kids,Детские товары,5,positive,2024-12-18,"Очень мягкая, приятная ткань. Нежные и красивые цвета. Ровные швы, ползунки отличные) буду заказывать ещё, малышке в них комфортно, спасибо😊 Нет"
12575,3246,kids,Детские товары,5,positive,2024-12-16,"Очень понравились, закажу ещё в другом цвете🥰 Ползунки прелесть😇 Нитки нигде не торча, никаких дыр и тд. на изделиях нет🥹 Качество 🔥 Нет"
12624,3266,kids,Детские товары,5,positive,2026-03-26,"Я была уверена что материал другой на ощупь, но резинка хорошая это плюс Легкие, но немного твердоватая ткань, я надеялась она мягче"
12631,3269,kids,Детские товары,5,positive,2026-05-26,"Ровные швы, нитки не торчат, хлопок очень мягкие и приятные на ощупь как раз для малышей,заказываю второй раз, первый раз брала в рубчик вообще прекрасные, второй раз тонкая кулирка, как раз на жару. мой взгляд маломерят на размер. В общем рекомендую"
12649,3272,kids,Детские товары,3,neutral,2026-06-22,Ткань хлопок по качеству отличное За такую цену ужасные застёжки чуть ребёнок потянул и весь голый. Не советую брать из-за застёжек
12705,3290,kids,Детские товары,5,positive,2024-11-14,"Возьму ещё, будет здорово, если будет лилового цвета)) Отличные кофточка и штанишки, многие пишут, что цвет разный, но мне пришли тон в тон. Хорошо как поддева под комбез)) качество за эти деньги супер👌🫶🏻"
12734,3299,kids,Детские товары,3,neutral,2026-02-13,"Очень обидно, выкидывать жалко, пришлось перешивать кнопки Быстрая доставка, хорошая упаковка Не успела надеть на ребенка как большая часть кнопок отлетела"
12742,3301,kids,Детские товары,5,positive,2026-03-28,"Штаны заказала отдельно Хорошее качество, тёпленькая водолазка . Берите на 2 размера больше , 68 прям в притык на пару раз на ребёнка 63 см."
12754,3305,kids,Детские товары,4,positive,2026-06-25,"Очень хотела взять этот песочник. Приятный, тонкий, самое то на лето. Но длина тела оказалась слишком маленькой. На фото заказанный песочник 92 размера и зелёный (мой для сравнения 86). Жёлтой линией отметила на сколько короче у данного товара тело. Пришлось отказаться, так как 92 размер налезет разве только на 80й. А жаль, качество очень хорошее и расцветка симпатичная. Тонкий хлопок, приятный на ощупь. Короткая длина тела"
12802,3319,kids,Детские товары,5,positive,2026-06-21,"Спасибо! Упаковка выше всяких похвал! В оригинальной и еще защитная! Заказывала у двух других продавцов и там все пробитое приходило, а у вас не стыдно на подарок!"
12807,3320,kids,Детские товары,4,positive,2026-07-01,"Товар хороший, но, лестница держится на добром слове а точнее на соплях, крыша не лезет как надо, как на рисунке не получается, пока собирала дерево несколько раз ломалось, неустойчивое."
12908,3346,kids,Детские товары,5,positive,2026-04-23,"Конструктор собирали 4 вечера, инструкция понятная, в комплекте все самое нужное. Детали качественные, запаха нет, получилось ярко и красиво, ребенок рад."
12970,3361,kids,Детские товары,5,positive,2026-03-20,"Покупали конструктор для семейного досуга - несколько вечеров прошли просто супер, понравилось всей семье. Цена полностью оправдывает качество, все детали в комплекте , а ещё хорошая, понятная инструкция👍🏻"
12986,3367,kids,Детские товары,5,positive,2026-07-21,"За свою цену отличный конструктор, все на месте, цвет деталей одинаковый, пластик качественный. Особенно понравилась детализация подвески, антикрыльев и кокпита. Получил огромное удовольствие от сборки. Качество"
13001,3368,kids,Детские товары,4,positive,2026-02-05,"Неприятно, что коробка рваная. Для подарка брали. Очень надеюсь, что следующие покупатели будут получать целый товар. Лучше в доп.коробке такое отправлять. Но по пакетам вроде все на месте."
13054,3378,kids,Детские товары,5,positive,2026-06-26,"Конструктор понравился, упакован отлично, пришел в дополнительной коробке, сборка обещает быть увлекательной, а готовая модель выглядит потрясающе, Ребенок в восторге"
13087,3389,kids,Детские товары,5,positive,2026-07-16,"Вообщем я очень доволен, конечно по сборке не сравнится с оригинальным Лего, в оригинальном Лего каждый пакет пронумерован и ты собираешь по сути по пакету, а тут к сожалению не так это единственный минус который есть С лево кстати оригинал покупал в свое время около 25к этот за 1300 по сути разница ни какой Если еще сомневаешься в покупке, не сомневайся не пожалеешь, я кайфанул и разочаровался что первый покупал *** как дорого"
13111,3394,kids,Детские товары,5,positive,2026-04-24,"Дополнительная упаковка была бы отличным плюсом, но в целом решаемо. Можно просто убрать ее и будет довольно презентабельно. Интересный конструктор. Взяли на подарок. Нет дополнительной упаковки транспортной. Наклейки вб приклеены на заводскую плёнку. И плёнка чуть чуть повреждена."
13198,3436,kids,Детские товары,5,positive,2026-02-20,"давно и сказала стильный рюкзак, этот смотрится хорошо в образах, удобный для меня вариант, если нужно много вещей с собой классный цвет и материал, он ооочент вместительный, несколько отделов, но при этом не выглядит огромным"
13199,3437,kids,Детские товары,5,positive,2026-03-10,"Спасибо за аккуратный пошив и деликатный размер рюкзачка.. Думаю, внученька обрадуется будет им пользоваться с радостью Славный и компактный, легонький.. Как раз малышу.. Можно сложить игрушку, салфетки и что-то на перекус на прогулку.. Всё отлично.. Очень боялась ""вонючести"", но ничего подобного"
13208,3440,kids,Детские товары,5,positive,2026-07-17,"Ребенок не выпускал из рук весь день новую сумочку и отправилась с ней в детский сад на следующей день. В общем, ей очень понравилось! Прошита аккуратно, посторонних запахов нет"
13296,3469,kids,Детские товары,2,negative,2026-03-29,"Это был подарок. Забирал ребёнок. Первый карман с молнией закрывается не до конца тк не хватает зубчиков на молнии. Вб стал,, тяжелым,, вернуть не смогли. Много раз зарекалась тут не покупать ничего лучше переплатить, но купить в др месте где спокойно примают бракованный товар. Вид и цена Брак на молнии"
13345,3481,kids,Детские товары,5,positive,2026-05-10,"Ребенок оторваться от них не может! Складывать готов бесконечно 👍( нам 2,7) очень яркие, достаточно количество штучек в одном пазле."
13352,3483,kids,Детские товары,2,negative,2026-05-07,"Ложите хотя бы в пакет чтоб части не потерялись - они просто выпасть могли из коробки, не говоря уже про не товарный вид и неуважение в клиенту! Цена Вот так ее упаковал продавец - никак!"
13371,3488,kids,Детские товары,2,negative,2026-03-29,"Продавцом было заявлено 104 пазла,да было 104,но не хватает ещё 16 пазлов для полной сборки картинки. Сами красивые Не хватает пазлов"
13382,3491,kids,Детские товары,1,negative,2026-03-10,"Ну конечно, сего я ожидала за сто рублей 🤡 Ничего Должен быть набор, а по факту только 1 пазл пришел (сказочные питомцы)"
13401,3496,kids,Детские товары,5,positive,2026-02-28,"Интересно, сложно. Собирали все вместе целый вечер и ещё утром. Захватывающая игра, внуку 4 года, но очень бойко собирал. Коробка хлипкая, помятая. Неприятно"
13472,3523,kids,Детские товары,4,positive,2025-01-18,"Бабуля 86 лет при сборке испытала трудности из-за того, что цвета на коробке на совпадают с цветами на пазлах. Например, на коробке нарисованы подарки красного цвета, а на пазлах коричневые. В других брендах такой проблемы не было."
13500,3532,kids,Детские товары,5,positive,2025-04-17,"Яркие пазлы, рисунок совпадает, количество полностью соблюдено. Вчера с внучкой собрали картинку, хоть в рамочку ставь. Внучка довольна и я тоже. Ранее покупали Чебурашку и тоже все отлично. Внучка меньше сидит в телефоне, собирает пазлы от этого больше пользы. Спасибо!"
13506,3535,kids,Детские товары,1,negative,2026-07-13,"Товар вообще никак не был упакован , и вот итог . Ребёнок расстроен . Как можно вообще не упаковывать . Кошмар какой то ."
13507,3535,kids,Детские товары,5,positive,2026-06-20,"Продавец, упаковывайте в пленку, либо скотчем прихватите с двух сторон чтобы не открывалась коробка… Отказ в пункте выдачи. Цена Коробка никак не упакована. Пришла открытой. Не хватало 10 шт из пазла."
13545,3543,kids,Детские товары,5,positive,2025-02-24,"Сложный пазл с малкими деталями. Отлично для тех, ето уже умеет их обирать и хочет поскрипеть мозгами. Сын собирал пару дней с нашей помощью."
13573,3552,kids,Детские товары,3,neutral,2026-07-01,"можно ли что то сделать с тем, что нет одной детали или нужно оформлять возврат и заказывать по новой? товар очень хороший, цвет яркий нет одной детальки"
13581,3555,kids,Детские товары,5,positive,2025-04-12,"Покупала внуку на подарок. Переложу только в более удобные при открывании коробочки для ребенка (3 года). Приобрела сразу три вида. Спасибо изготовителю и продавцу. Рекомендую к покупке Пазлы качественно изготовлены, краска яркая. Всё хорошо"
13602,3562,kids,Детские товары,5,positive,2026-07-02,"Яркие узнаваемые картинки, гладенькие края фрагментов, интересные сюжеты. Надеюсь внуку понравится. Рекомендую. Спасибо продавцу за упаковку. Все пришло в отличном состоянии"
13628,3570,kids,Детские товары,5,positive,2026-06-25,"Все хорошо Все отлично, красивыц пазл, все детали Немного продавлена крышка, но не страшно, поскольку брала для себя. На подарок- было бы плохо"
13658,3583,kids,Детские товары,3,neutral,2026-06-24,"Пришло быстро, всё норм По рисунку на коробке пазл с трудом соберёт даже взрослый. И коробка не удобная, в отличии от коробок с крышками"
13659,3583,kids,Детские товары,3,neutral,2025-07-03,"Пришла мятая коробка,хорошо,что брали на на подарок,а себе,ещё не собирали,до этого брали пазл с динозаврами,все было хорошо и светятся и коробка не помята,надеюсь в этот раз все пазлы будут на месте,жду внучку!Потом отзыв будет"
13688,3593,kids,Детские товары,5,positive,2026-06-26,"Спасибо продавцу, мне понравились карандаши, радует есть Ф. И упаковщика, спасибо, жду ещё карандаши но менее штук. Рекомендую 👍 Прекрасная упаковка, яркие цвета."
13728,3610,kids,Детские товары,1,negative,2026-04-26,"Возвращаю тк очень твердый царапает поверхность, не яркий. Нет упаковки для хранения. Искала мягкий типа масляного в основе. Не подходит для наложения на красочный слой в деталях. Белого нет"
13757,3616,kids,Детские товары,5,positive,2026-04-15,"Один набор вскрыла, ради интереса, проверила каждый предмет, всё в наличии, фломастеры пишут все, цвета яркие. Срок годности хороший. Огромное спасибо продавцу! Отличный товар! Здравствуйте! Отличный набор, каждый набор обтянут в плёнку, помимо этого упакован в индивидуальную коробку, коробка очень прочная, заказывала 28 штук на выпускной, все наборы пришли целые, без единой царапины и вмятины, от трёх наборов пришлось отказаться только потому что несколько ребят не выпускаются. Продавца рекомендую однозначно!"
13771,3620,kids,Детские товары,5,positive,2026-02-27,"Красивые цвета, много разных оттенков! Дети несколько раз уже уронили пару карандашей, ничего не сломалось, все прекрасно. Спасибо! Отличные карандаши"
13823,3645,kids,Детские товары,5,positive,2026-01-31,Внученька рада. Появился интерес к рисованию. Карандаши мягко рисуют и для малыша удобно удерживать и формировать правильный захват благодаря форме.
13838,3650,kids,Детские товары,5,positive,2026-07-04,"Он идеален, мил, бел, пушист, мягок и влюбил в себя моего ребенка с первого взгляда, теперь они не разлучены! Я не люблю мягкие игрушки, но даже меня гусь покорил. Рекомендую!"
13863,3659,kids,Детские товары,2,negative,2026-07-20,"Игрушка, от слова совсем, не соответствует той, что на фото. Поэтому отказ. Заказывали на подарок, но такому подарку рады не будут."
13907,3677,kids,Детские товары,4,positive,2026-07-24,"На игрушке дырка, но так как товар задержался, перезаказывать времени не было, пришлось забрать и зашивать самостоятельно, так как игрушка была на подарок"
13951,3692,kids,Детские товары,4,positive,2026-04-26,"Ооочень милая игрушка, такая красивая что не передать Пришла испачканная на розовом сердечке, спиртом оттерлось, жемчужинки под одним глазом не было, пришлось свою наклеить, брала на подарок, конечно игрушка в своей коробке вообще непрезентабельно выглядит"
14071,3737,kids,Детские товары,5,positive,2026-07-21,"Обалденная игрушка🔥🔥🔥 пришла в отличном состоянии, хорошо упакована, батарейки прилагаются, всё работает, всё двигается , пищит, ходит ... 👍👍👍👍👍👍👍👍👍👍👍👍 супер игрушка 🔥🔥🔥🔥🔥🔥🔥🔥🔥🔥🔥🔥🔥🔥🔥🔥🔥🔥даже мы , взрослые, залипли 👍👍👍 очень рекомендую🔥🔥🔥"
14102,3746,kids,Детские товары,5,positive,2026-07-24,"В целом я не могу сказать что это плохая реплика. Отличий конечно очень много, но за такую цену они очень крутые. Если вам важно сходство с оригиналом то придётся переплатить. Жалко только что попалось два одинаковых (к сожалению мне нужен конкретно розовый) очень жаль что на это никак нельзя повлиять, придётся заказать ещё пару штук и надеется что в этот раз повезёт. У одного слегка слезла краска с носика, но я думаю в этом нет ничего критичного и это легко исправить акрилом. Ещё удивительная вещь, что вроде два одинаковых цвета, но они абсолютно разные, даже плотность и цвет резины на мордочке. Но как видите сшиты они ровно и это самое главное"
14137,3760,kids,Детские товары,3,neutral,2026-07-11,"Девушка довольна, но выглядит странно, я подумал что так и надо, но оказывается нет.. Уши кривые, когда стал фотографировать, нашел дырку. В общем за каждый косяк минус звезда, поэтому 3. Из плюсов: приятный на ощупь, не линяет, как бывает с некоторыми игрушками. Каких-то неприятных запахов нет. Цвет как на фото."
14164,3771,sport,Спорт и отдых,5,positive,2025-10-19,"Вложили удобную бумажку с подсказками по растяжке Спасибо !🤍 Клевый ковер. Думала будет немного другой текстуры. Но ничего, очень крутой, как в Пинтерест."
14177,3773,sport,Спорт и отдых,5,positive,2026-06-26,"⭐️⭐️⭐️⭐️⭐️ Заказывала коврик для йоги, а в итоге получила урок о том, что друзьям нельзя доверять забирать твои заказы. Он забрал коврик с пункта выдачи и с тех пор успешно уклоняется от его возвращения. Так что сама я на нем так и не позанималась. Надеюсь, хотя бы ему он помогает достичь внутреннего спокойствия. К товару претензий нет, а вот друга рекомендовать не могу. На фотке очень красивый"
14251,3786,sport,Спорт и отдых,5,positive,2026-04-27,"Коврик трэвэл формата, какие от него могут быть ожидания, чтобы он складывался - он и будет тонким, это надо понимать перед покупкой. Не скользит, купила, сходила в студию - отлично позанималась с удовольствием. Да, конечно, он тонкий и нужно под него класть местный коврик. Но я для этого и брала, чтобы не тащить отдельно коврик в рулоне, взяла этот для рюкзака. Тактильно он очень приятный. Если вы хотите коврик, чтобы на нем можно было заниматься не подкладывая другой - так это и другой ценовой сегмент... Отличный коврик, тактильно приятный, не скользит Нет"
14304,3795,sport,Спорт и отдых,4,positive,2024-12-03,"Не скользит. Это плюс Вроде неплохой Какие то пятна на коврике и круглый отпечаток. Вроде ерунда но почему я должеа платить деньги за товар с дефектом. Вот честно простр не понимаю, не теи копейки стоит."
14315,3797,sport,Спорт и отдых,5,positive,2026-06-17,"Тяжелый, таскать его на себе может быть не очень удобно, но я купила для домашнего использования, так что для меня это не существенно. Это действительно нескользкий коврик, наконец-то руки не уезжают в собаке мордой вниз. Упаковка отличная (коробка, чехол, коврик проложен бумагой и запакован в пленку)."
14330,3799,sport,Спорт и отдых,5,positive,2024-05-19,"Этот коврик для фитнеса превзошел все мои ожидания. Он невероятно прочный и обеспечивает превосходную амортизацию, что делает мои тренировки более комфортным и безопасным. Толщина и плотность коврика поглощают удары и снижают нагрузку на мои суставы, что особенно важно для упражнений с высокой ударной нагрузкой. В целом, я настоятельно рекомендую этот коврик для фитнеса всем, кто ищет качественное, удобное и долговечное решение для своих тренировок."
14342,3803,sport,Спорт и отдых,1,negative,2026-04-29,"Мягкий руки и ноги четко фиксируются Пятна от прикосновения с кожей остаются, и не отмываются даже с фейри.. Помыла водой повесила его на перекладину и он коснулся пакета *** окрасился от пакета так что отмыть невозможно. В общем за 3 применения коврик в пятнах. Запах очень неприятный. Не советую!"
14411,3818,sport,Спорт и отдых,5,positive,2026-06-01,"Коврик супер! Пришёл во время. Цвет огонь! Толщина 0,8. Хороший размер на высокий рост. Удобный чехол. Хотелось бы ручку, чтобы носить на плече."
14421,3820,sport,Спорт и отдых,4,positive,2026-05-06,"Стоит учесть что он очень тонкий Хороший коврик, красивый цвет, пришел хорошо упакованный Запах особо не выветрился по прошествию нескольких недель, и становится даже ощутимее если на коврик попадает солнце."
14426,3820,sport,Спорт и отдых,5,positive,2026-02-14,"Крутой коврик, как и все у йогаматик! Но у этого коврика обалденное сцепление, какого нет в премиум ковриках с велюром. Для сухих рук идеально!"
14439,3823,sport,Спорт и отдых,5,positive,2025-11-10,"В целом осталась довольна, пришел без заломов и повреждений, буду заниматься. Спасибо! Красивый яркий цвет фиолетовый с желтым кантом идеальное сочетание! Размер хороший Очень мягкий, не хватает плотности, что может сократить срок эксплуатации"
14481,3831,sport,Спорт и отдых,5,positive,2026-07-21,Пластик издавал женный запах но быстро выветрился. Надеюсь не таксично. Все пришло целое и в полной комплектации спасибо. Ребенок счастлив и я тоже))
14489,3833,sport,Спорт и отдых,5,positive,2026-07-24,"Гантели внуку понравились. Ставлю 5 звезд. Заказывала в качестве подарка в другой город. Все хорошо, правда задержали с доставкой на 2 дня, но для нас это не критично. Не знала, что гантели нельзя самим забрать с пункта выдачи, а только доставка курьером, а за это взяли оплату 50% от стоимости гантелей."
14493,3833,sport,Спорт и отдых,5,positive,2026-07-19,"Доставили только блины без грифов. Порадовало, что продавец оперативно отработал и без вопросов выслал недостающие элементы. Огромный респект ему Отличный набор, даже веса соответствуют номиналу"
14561,3848,sport,Спорт и отдых,5,positive,2026-07-04,В целом очень даже не плохо за свои деньги я очень доволен EW образный гриф просто прекрасен он мягкий в зоне хвата и хорошо фиксирует приручившиеся гантели так же много блинов и приспособлений из которых можно что то новое придумать гири можно использовать как подставку для блинов Упаковка довольно хреновая мягкие элементы помялись но это мелочи так же блины сами чем то обмазаны вонючим лучше их протирать
14579,3854,sport,Спорт и отдых,1,negative,2026-04-27,"Товар не соответствует описанию, пришли 7 пластиковых дисков без заглушек, и даже без штанги на что вообще крепить эти блины..... Коробка пришла в таком виде как будто её самой Москвы пинали ногами...."
14599,3860,sport,Спорт и отдых,5,positive,2026-07-12,"Все получили!! НО доставка- в мешке, с 7- ю наклейками, просто безобразие, все в скотче, лишь бы не выволилось, спасибо"
14603,3862,sport,Спорт и отдых,5,positive,2026-07-18,"Гантели пришли без повреждений, но сам короб в котором они хранятся к сожалению поврежденный. Но это ничего, главное инвентарь целый, детишки довольные."
14628,3870,sport,Спорт и отдых,5,positive,2026-06-17,"Все четко!не стал заливать раствором,не захотел возиться,засыпал сухим,если залить будет больше вес.Горлышко от пластиковой бутылки подходит идеально.Пришлось повозиться пару часов,16 блинов засыпать!по совету из предыдущих отзывов заглушки обклеил скотчем чтоб не просыпалось .В итоге вес получился 44 кг.на фото видно.Отзанимался пару недель,в принципе доволен,хотя неудобно бывает некоторые упражнения, из за того что узкое расстояние штанги,когда все блины нагружены.вывод такой;есть небольшие неудобства,но как говорится кто хочет ищет возможности,чтоб заниматься,кто не хочет ищет причины!"
14637,3872,sport,Спорт и отдых,5,positive,2025-09-08,"Качество хорошее. Приятные. Но для меня , к сожалению, большеваты. Не очень удобно держать. В зале поменьше были. Но цена огонь."
14638,3873,sport,Спорт и отдых,1,negative,2026-05-27,"Гантели понравились 👍 Удобная форма, приятно держать в руках, покрытие мягкое и не скользит. Для домашних тренировок вес оптимальный, руки не устают слишком быстро. Качество хорошее, выглядят стильно и аккуратно. Пользуюсь с удовольствием 💜"
14663,3878,sport,Спорт и отдых,5,positive,2026-03-27,"Все понравилось Все детали на месте, есть дополнительные резинки для зажима, памятка(руководстово) Упаковка - простая коробка, если разберешь, то не соберешь. Сама одна ручка для гантелей немного в масле была или в чем-то таком."
14726,3899,sport,Спорт и отдых,5,positive,2025-11-16,Так как все остальное ок не снял бал. Но выбрал этот товар из за кейса Упаковка была сломана. Стоит лучше упаковать
14732,3900,sport,Спорт и отдых,1,negative,2026-07-01,"С таким качеством идите торговать на блошиный рынок , в жизни не куплю больше у вас ничего, ребята задумайтесь перед покупкой... Тянутся Рвутся"
14749,3906,sport,Спорт и отдых,5,positive,2026-07-15,"Доставка задержалась на 1 день. Должны были привезти 14 июля, а привезли 15 июля. Ну это не критично. Молилась чтобы пришел полный комплект и без изьянов. Все хорошо, мне повезло. Даже положили вроде ролик для пресса. Ну я так думаю. Я не поняла честно говоря что это и для чего. У меня были уже гантели разборные 20 кг, я с ними занималась 2 месяца и вот решила увеличить вес. Я довольна. Надеюсь 40 кг не понадобится. Я рекомендую продавца. Единственный минус это то что доставка платная."
14753,3907,sport,Спорт и отдых,5,positive,2026-05-01,"Диски 1,25кг 8 штук. И маленькие по 0,5 кг 4 штуки. Каждая гантель весит 7,3 кг. Мне подходит. Небольшая разница На фото другие диски по 2кг"
14771,3913,sport,Спорт и отдых,3,neutral,2026-05-24,"Резины на тросе не хватает, болтов нет вообще. Собирайте как хотите. Болты снимали со старого велосипеда. А подходят не все. Очень разочарованы."
14772,3913,sport,Спорт и отдых,5,positive,2026-05-19,"Велик шикарный, это как Мерседес среди великов. Собирал его 5 часов со всеми регулировками. Огромное спасибо за инструкцию, подробную, но я воспользовался куар кодом в этой книжке и собирал по видео инструкции на рутубе. Шикарно, все понятно рассказано. Нет заглушек на педальный узел. Мне кажется они должны быть в комплекте"
14775,3913,sport,Спорт и отдых,5,positive,2025-10-11,"Отличный велосипед, сыну понравился, наверное уже месяц катается и нареканий нет. Хорошо проварен, приехал целый без повреждений, комплект соответствует, купили за достаточно низкую цену."
14801,3917,sport,Спорт и отдых,2,negative,2026-07-20,"При получении обращайте внимание на наличие резьбы на педалях, судя по отзывам и теперь уже личному опыту часто встречается её отсутствие((( Курьерам огромное спасибо за своевременную и качественную доставку товара и отзывчивость! Отсутствовала резьба на педалях, проскакивают скорости"
14809,3917,sport,Спорт и отдых,3,neutral,2026-06-19,"Продавец сделал вид ,что ему интересна проблема. В итоге в чате так проблема и не решилась ,продавец просто молчит ."
14812,3918,sport,Спорт и отдых,5,positive,2026-07-25,"Все в целом здорово, велосипед симпатичный. По инструкции, ее толком нет, вернее в том виде что она есть, она вам мало чем поможет, но если руки растут откуда надо проблем не будет. По материалам, в целом то все хорошо, но китайцы любят мягкие металлы в соединительных элементах (болты/гайки) так что будьте нежны с такими узлами, рама норм, прикрепил детское сиденье я и ребенок довольны"
14823,3919,sport,Спорт и отдых,5,positive,2026-07-20,"Брал сыну-подростку. Нам обоим понравился. Красивый цвет, велосипед аккуратно и строго смотрится. Качественная рама, навеска и аксессуары. Довольно легкий вес (спасибо нетолстой раме и ригид-вилке), ход хороший. Скорости переключаются чётко и мягко. Собирается за 10 мин (из которых 5 - распаковка). Не потребовал никакой регулировки тормозов и переключателя скоростей. Собрал, сел, поехал. Что приятно удивило - наличие прилично толстого мануала с подробными инструкциями по сборке, настройке, обслуживанию и пр. Упакован был отлично, без повреждений доехал. В общем хороший велик за неВЕЛИКую цену Рекомендую."
14833,3920,sport,Спорт и отдых,5,positive,2026-07-20,Велик классный лёгкий удобный но доставка очень долгая почти десять дней шёл а так всё отлично ход лёгкий рекомендую продавца
14870,3923,sport,Спорт и отдых,4,positive,2026-07-22,"В целом все супер. Полное соответствие цена качество. Но как у большинства хотелось за 3 копейки получить пушку бомбу🤣 Из первых неисправностей пока только задняя каретка раскрутилась пришлось регулировать. Ну в перспективе надо будет менять и заданию и переднию втулки родные дай бог сезон отходят , ну это и ожидаемо за такую сумму 😅 Цена Соответствует своей цене"
14892,3925,sport,Спорт и отдых,5,positive,2026-07-21,"Отличный. Сам велик был почти собран полностью (заднее колесо). На осталось собрать только переднее и колесо и руль. В комплекте было все, что должно быть, кроме противоугоночного троса"
14922,3928,sport,Спорт и отдых,1,negative,2026-07-14,"Нету там эксцентриков- это раз. Во вторых на фото болта даже видно, что туда вилка не оденется- это два. Инструкцию я вашу не один раз пролистал и просмотрел видео - это три."
15055,3944,sport,Спорт и отдых,5,positive,2026-07-07,"Велосипед по первому впечатлению очень хороший, тем более за свои деньги, посмотрим как будет себя вести на дороге Хорошая сидушка Пока не обнаружено"
15080,3949,sport,Спорт и отдых,5,positive,2026-07-13,"Заказали на др сыну, очень ждали чтобы пришёл вовремя, но задержали доставку на 1 день. Но тут претензия не к продавцу. Сборка без инструкции, но муж быстро справился, минут за 40. Немного покоцаный, несмотря на то, что был обмотан в этих местах. Нам не критично, уж очень хотели именно эту модель. Отзыв пишу спустя несколько дней, велосипед супер, сын гоняет, доволен. Правда крылья пришлось снять, слабоваты. Особенно заднее."
15092,3950,sport,Спорт и отдых,5,positive,2026-06-12,"Рекомендую Купил второй велосипед этой фирмы. И второй раз отличный велосипед. Велосипед за счёт отсутствия переднего амортизатора достаточно лёгкий. Едит мягко, плавно. Скорости переключаются хорошо. Сборка очень доступная."
15111,3954,sport,Спорт и отдых,5,positive,2026-07-14,"Пока только забрал и распоковал , отзыв дополню после сборки , вроде на первый взягля все целое и все в наличии"
15120,3955,sport,Спорт и отдых,5,positive,2026-07-08,"Рекомендую к покупке. Отличный велосипед. На рост 186см, взял 21 раму, и не ошибся. Цвет красивый. Отличный велосипед, за небольшие деньги. Пришёл в срок, упаковка целая, комплектность полная, сборка заняла полчаса. Рекомендую к покупке."
15233,3974,sport,Спорт и отдых,1,negative,2026-04-07,"Продавец отвечает на вопросы через раз, неуважение к покупателю, не хочется после этого иметь дело в принципе с платформой ВБ. Товар пришёл с повреждениями"
15239,3975,sport,Спорт и отдых,5,positive,2026-06-28,"Брал дочери, очень довольна. Пришол очень быстпр и в срок. Упакован довольно хорошо. Продавцу огромное спасибо, советую продовца покупателям. Велосипед хорош, очень яркий, оригигальный дизайн. Недостатков нет, разве, что в моем случае необходимо дополнительная настройка 3 - ей передачи недовключается и туговато включать."
15245,3976,sport,Спорт и отдых,4,positive,2026-07-10,"Дополняю отзыв. После настройки ""скоростей"" стало получше +1. Тормоза притерлись что ли, стало несколько лучше, но все равно буду пытаться их настроить, может получится добиться торможения в юз, пока на это они не способны. Колеса за сутки спустили 5psi - не знаю может от температуры. В целом мне стало чуть больше нравиться."
15256,3976,sport,Спорт и отдых,5,positive,2025-11-13,"Отличный велосипед! Легкий, поднимается одной рукой. Формфактор позволит кастомизировать велосипед подДля себя поменяю ведущую звезду на более большую, в данной комплектации смог разогнаться только до 32км/ч по прямой. Конечно, совсем скоро будет Лёгкий"
15265,3978,sport,Спорт и отдых,5,positive,2026-07-06,"Велосипед отличный! Собран на 90%, остаётся установить руль, переднее колесо и седло. Собрала сама за полчаса. Брала доче, 10 лет. Рост 140. Катается без проблем. Инструкция на русском языке. Упакован очень хорошо, доставка быстрая. Рекомендую!!! Качество! Быстрая доставка! Упаковка! Быстрая сборка! Все так!!!!"
15282,3979,sport,Спорт и отдых,1,negative,2026-06-12,"Не берите Цвет Данный велосипед придется еще настраивать самостоятельно. Обе машинки переключения передач идут под замену. От бренда Shimano только наклейка, а так, обычная подделка. Оба колеса ведет восьмеркой. Лучше доплатите немного денег и возьмите в специализированном магазине"
15319,3985,sport,Спорт и отдых,2,negative,2026-06-21,"Инструкция не понятная, пришлось собирать без нее. Написали в чат, чтобы прислали код на видео по сборке, третий день тишина. Велосипед то собрали. Но не можем настроить, чтобы переключались скорости правильно. Приходиться везди в другой город настраивать. Просто ужас. Никакого удовольствия от подарка. На картинке красивый. Собрали красивый. Не можем настриить переключатель скоростей"
15326,3985,sport,Спорт и отдых,5,positive,2026-05-10,"Собрали с сыном. Видео по сборке помогло( . Коробку с фурнитурой покрепче бы сделать доехала открытая расыпалось хорошо ничего не потерялось но могло. Резьба на заднем крепоение под тормоз плохо нарезано. Выглядит стильно, тот факт что надо самому собирать дал хорошее время проведеное с сыном и он начал понимать как все устроенно. Спасибо"
15354,3988,sport,Спорт и отдых,5,positive,2026-06-22,"Здравствуйте, велосипед просто вау, но к сожалению у него есть дефекты, переднее колесо с небольшим люфтом, заднее так вообще с восьмеркой, аж задевает за раму, как можно решить этот вопрос, избегая обратной доставки, так как велосипед уже полностью собран, может быть вы сможете отправить мне другое колесо? Практически все, не смотря на то, что имеются дефекты( Колесо ходит восьмеркой."
15412,3997,sport,Спорт и отдых,5,positive,2026-03-18,"Велик — огонь! Собрал за 20 минут. Скорости переключаются четко, тормоза дисковые, схватывают моментально. Выглядит дорого и солидно. Для дачи и выездов на природу самое то, в сложенном виде занимает минимум места в коридоре"
15430,4004,sport,Спорт и отдых,5,positive,2026-07-24,"Велик хороший. Комплект полный.Но видео сборки полная шляпа. Я со своим техническим образованием еще разобрался. Но для кого-то, возможно, придется кого-нибудь просить собрать, нет ключей, хоть бы шестигранник положили. И седло жёсткое нужно докупать поудобней."
15441,4004,sport,Спорт и отдых,5,positive,2026-06-14,Велосипедом полностью доволен! Собрал за три часа без особых проблем. Крылья пришлось докупить. Осталось отрегулировать всё под себя и обкатать. К покупке рекомендую!
15500,4014,sport,Спорт и отдых,1,negative,2026-07-13,"При вскрытии под камерой,была обнаружена вскрытый пакет,где был небрежно запихон костюм.При осмотре куртки была обнаружена зацепка на капюшоне,Все показали работнику.Естественно вернули костюм.Верните деньги!Хорошо,хоть все вскрывали и вели осмотр под камерой!"
15544,4033,sport,Спорт и отдых,5,positive,2026-07-17,"Стильный, качественный костюм. Внучка сразу оценила. Рады, что наш отечественный товар не уступает иностранным фирмам ни по дизайну, ни по качеству. Спасибо и производителям и Вайлдберриз."
15548,4034,sport,Спорт и отдых,3,neutral,2026-07-24,"Заказала костюмы в том году и в этом, качество стало хуже , выкупила, просто очень нужен костюм такой , поэтому выкупила .Указано хлопок 95%, но там его не такое количество, видео сразу , почему , изменилось качество костюмов ?"
15560,4037,sport,Спорт и отдых,1,negative,2026-07-23,"Как ранее и писали разная ткань у шорт и футболки на ношении не отразилось, НО после первой стирки в 30 градусов белая окантовка на футболке окрасилась, теперь а ней только картоху копать. Очень разочарована, костюм хорошо сидел."
15592,4045,sport,Спорт и отдых,5,positive,2026-07-18,"Хороший костюм, тёплый и мягкий, на не высокий рост хорошо, для меня главное, что кофта не длинная, штаны на резинке внизу, широкого манжета нет , это плюс. Цвет очень темно синий, мне понравился. Цена по акции, за что спасибо так же. Доставка вовремя и упаковка хорошая."
15620,4055,sport,Спорт и отдых,4,positive,2026-06-27,"Симпатичный костюм. Сел очень хорошо на муже. Как по мне , то плртноватапя ткань для лета. А так приятный по цвету и фасону. Кое-где торчат нитки, что обидно за эти деньги. За это снимаю звезду. В целом, рекомендую"
15643,4064,sport,Спорт и отдых,5,positive,2026-07-22,"Для дома - пойдёт. Удобный, НО на мой 42-44 шорты постоянно зажигаются и становятся трусами) думаю, для девочку 46р это будет еще более неудобным. На попе просвечивают сильно. Чашки в топе ездят туда-сюда, нужно следить, чтобы не убегали 😅 Для 406₽ ожидаемое качество. Если бы не пара нюансов, было бы идеально"
15665,4075,sport,Спорт и отдых,5,positive,2024-12-20,Отличное качество. Мягкий не стоит колом хоть и с начесом. Горловина хорошо тянется. Рукав мягкий не толстый дол верхнюю одежду самое то! Спасибо! Дороговат 😊
15674,4077,sport,Спорт и отдых,5,positive,2025-10-09,"Классный костюм за адекватную стоимость. Ребенок просто выбрал другой. И этот был большеват. Видимо большемерит, потому что сын ростом 136 и брюки можно смело подворачивать. В целом это не минус, в таких костюмах не особо видно, но имейте ввиду, кому нужно прям чтобы в размер был."
15713,4093,sport,Спорт и отдых,5,positive,2026-07-02,"Смотрится очень классно. Штаны, ожидаемо, длинные. Собрали на площадке кучу комплиментов и просьб на ссылку товара. Штаны пришлось собрать на резинку внизу, иначе волочатся по земле."
15719,4096,sport,Спорт и отдых,5,positive,2023-05-24,"По размеру подошёл на рост 110-116, хороший костюм, правда я думала он будет теплее, но это видимо я перепутала сама ткань)"
15759,4109,sport,Спорт и отдых,4,positive,2026-06-01,"За свои 500 руб конечно оправдывает красивый вид. Жаль что нельзя поставить оценку 4 большим минусом. Термос красивый, удобный, заваривала душистые травы-ситечко в тему. Минус-не держит горячее состояние воды положенные 12часов. Заварила мяту с мелиссой с собой на работу в 8утра, а к 12 он был средней температуры, около 70 градусов, в 3часа дня стал ещё более остывшим. И это летом, что будет зимой?"
15760,4109,sport,Спорт и отдых,3,neutral,2026-02-18,"На ПВЗ проверяла крышку, казалось нормально будет работать. Но факт в том, что как только в термос наливаешь жидкость и кладёшь хотя бы на бок, протекает. Да, не сильно, но и это для термоса не норма. Про удержание тепла. Купила я этот термос, чтобы заваривать шиповник. Так вот времени удержания тепла не хватило, чтобы его заварить. Покупка может и не совсем для меня бессмысленная, но своих функций полноценно не выполняет. Расстроена, так как надежды были Красивый. Без повреждений Мало держит тепло, не герметично закрывается"
15767,4112,sport,Спорт и отдых,5,positive,2026-03-23,"Холод ещё не сохраняли, но тепло держит, как заявлено. Отличная вещь, легкая, тепло держит, но сама при этом не нагревается. Спасибо продавцу!"
15806,4122,sport,Спорт и отдых,5,positive,2026-07-20,"Прекрасный термос. Брала для похода, очень спасал. Темп держит долго, чай был всегда горячим, что в горах немало важно. Рекомендую"
15852,4134,sport,Спорт и отдых,5,positive,2026-05-19,Заваривать с травой 24 часа высокую температуру не держит. Но так все устраивает. Жаль только что на термос нет ручки
15875,4138,sport,Спорт и отдых,1,negative,2026-03-15,"Внешний вид Очень сильно нагревается при наличии горячего, в руки взять невозможно, надеюсь, что это просто брак! Пока ответа от продавца не дождалась..."
15908,4144,sport,Спорт и отдых,3,neutral,2024-11-25,"Качественный удобный термос Не держит от слова совсем,купила чтобы в машине была теплая вода пить ,решила проверить налила кипяток в 12 часов через 6 часов в помещении вода остыла до температуры помещения соответственно в машине даже 3 часа не выдержит при минусовой температуре"
15934,4150,sport,Спорт и отдых,5,positive,2025-10-01,"Идеальный термос для школьников. Лучший из всех, которые мы пробовали, а их было немало. Если кажется, что цена высоковата, поверьте, качество намного выше!"
15952,4157,sport,Спорт и отдых,5,positive,2026-03-31,В целом я довольна. Спасибо. Термос отличный. Тепло держит отлично. Не посмотрела на заявленную высоту. Очень высокий. Не влезает в сумку. Если не закрывать защелку на клапане открывается от лёгкого нажатия.
15976,4162,sport,Спорт и отдых,5,positive,2026-07-13,"Классный термос! Коробка, правда убитая, но сам термос в порядке. Съёмная тканевая ручка была внутри самого балона. Брала в подарок. Посмотрим как себя он покажет в походе."
16025,4171,sport,Спорт и отдых,5,positive,2026-06-29,"Отличная вещь! Отпечатков пальцев не оставляет, тепло/холод держит достаточно. Объем устраивает - ни больше, ни меньше не надо. Удобно, что крышка фиксируется при открытии. Муж доволен - это самое главное. Порадовала быстрая доставка 👍"
16043,4173,sport,Спорт и отдых,5,positive,2026-01-12,"Хорошая термокружка в авто и не только... Хорошо держит тепло. Сделал чаю в дорогу и спустя три часа напиток ещё обжигал... Пил маленькими глотками. По моему мнению это лучшая кружка, что у меня была... Рекомендую к покупке."
16047,4174,sport,Спорт и отдых,3,neutral,2026-07-14,"Возможно он неисправный. Так как нагреваться снаружи термос на должен Компактный термос , удобно брать с собой Практически не держит кипяток. Через пару часов полностью остывшая. И при жили сам сильно горячий снаружи , невозможно держать в руке"
16051,4175,sport,Спорт и отдых,5,positive,2025-09-23,"Термос превосходный! Красивые расцветки! Очень удобный объём! Внутри есть сеточка и таймер на крышке, это супер функция! Универсальный, подойдёт для сохранения в нем тёплыми напитки и для сохранения холодными в жаркую погоду! Всем рекомендую к покупке! Купила детям разных цветов! И себе для тренировок!"
16093,4185,sport,Спорт и отдых,5,positive,2025-12-09,"Отличная термокружка, хорошо держит тепло. Внешний вид и качество просто огонь. Рисунок- гравировка. Ничего с ним не будет. Вечный. Цвет черный матовый в руке приятный. Нет"
16097,4186,sport,Спорт и отдых,4,positive,2025-12-09,"Приобрела в апреле 24 года за смешные деньги - лучшее соотношение цены и качества! Если правильно ставить резинку и грамотно заливать напиток, то не течет. Удобный носик для питья. До сих пор служит на ежедневной основе. Из минусов: довольно быстро облупилась краска, видимо от носки в рюкзаке. Пользоваться уже не солидно, нужно кружку менять) но за такую стоимость можно менять хоть каждые полгода"
16135,4197,sport,Спорт и отдых,5,positive,2026-02-14,Покупали 3 термоса от данного производителя перед новым годом. Всем довольны .тепло держит .само покрытие термоса качественное.нареканий нет .рекомендую .
16149,4199,sport,Спорт и отдых,5,positive,2025-12-29,"В принципе отличный термос на вид приятный,стильный берёшь в руки добротный такое приятное ощущение качества залил в кипяток в 20:00 в 8:00 утра градусов 60"
16176,4206,sport,Спорт и отдых,5,positive,2024-11-21,"Заказывала мужу, он в восторге. Размер для подстаканника его машины идеальный, не болтается. Покупалась кружка с целью ""кофе утром по дороге дом-работа"". В прежней кружке остывал где-то на полпути, в этой остается горячим еще долго. Не протекает, пить удобно. Долго не остывает напиток."
16193,4210,sport,Спорт и отдых,5,positive,2026-06-30,"Отличный термос, прекрасно держит горячий чай, были по службе на дежурстве с 20 вечера до 4 утра, на утро температура чая в термосе 46С . Очень удобно открывается одним нажатием на кнопку и отличная идея с ситечком, рекомендую."
16220,4215,sport,Спорт и отдых,5,positive,2025-03-19,"Отличный термос, комфортно держать в руке 550 мл оптимально брать с собой погулять на небольшие расстояния на 1 человека Качество, удобная крышка, герметичность, держит кипяток"
16248,4222,sport,Спорт и отдых,1,negative,2026-07-16,"Настолько некачественной формовки деталей я давно не видел, ни одна деталь не входит в свои позы, уже на первом этапе сборки по инструкции я не смог вставить не одну деталь в другую, там где казалось бы толщина металла не позволит ему погнуться, он гнется просто из за того что ты вставляешь одну трубу в другую, краска в момент сборки вся ооблазиет, и не из за того что детали плотно друг к другу прилегают а из за того что пока ты их вставляешь через костыли они труться друг об друга, в общем мое мнение что это не турник а просто чермет👎"
16267,4227,sport,Спорт и отдых,5,positive,2026-06-03,"Отличный турник, легко установить и убрать, при этом совсем ничего не придётся сверлить или вкручивать, также могу сказать что прочный, видно что из качественных материалов, также есть поролоновые накладки чтоб не натирало руки, в проём 85 см отлично подошёл, однозначно 5 звёзд)))"
16297,4233,sport,Спорт и отдых,5,positive,2025-10-27,"Турник отличный 👍 по весу тяжёленький как и положено. Нагрузку держит , мои 70 и плюс ➕ дочка 20 ! Как и заявлено 👍 Продавцу спасибо 🤝👊👍Рекомендую 👍"
16316,4240,sport,Спорт и отдых,5,positive,2026-03-01,"Выбирала турник с возможностью разных хватов и не ошиблась. Удобно подтягиваться, вся семья довольна.Доставили быстро и вовремя. Рекомендую к покупке. Отличный турник! Закрепили без проблем, крепёж в комплекте."
16324,4241,sport,Спорт и отдых,5,positive,2020-11-10,"Получил полный комплект + две заглушки в запасе оказались. Советую, монтируется на стену за 20 минут! К качеству турника и доставке никаких претензий, пришло что заказал."
16355,4249,sport,Спорт и отдых,3,neutral,2026-05-02,Да как может круглая палка в круглой дырке не прокручиваться? И материал стены тут никак помочь не может. Я естественно затягивал его двумя ключами!
16362,4250,sport,Спорт и отдых,5,positive,2026-02-08,"Все нармалды, шатались ручки и сам турник, но изоленты намотал 3 слоя, и все намертво держится, надеюсь не *** в ближайшие 3 года Изи бриджи, бриджи изи"
16363,4250,sport,Спорт и отдых,4,positive,2026-01-22,"поставрл на стену, все гораздо лучше но все же, + грипсы довольно плохие, плоские и рельеф натирает. спасибоьза обратную связь"
16425,4263,sport,Спорт и отдых,5,positive,2024-04-28,"К качеству турника претензий нету, всё супер! А вот к Вайлдберриз есть: коробку пинали и рвали по ходу в каждом распределительном центре, где-то *** одну стойку. В пвз не проверил, не было времени."
16517,4284,sport,Спорт и отдых,1,negative,2026-01-29,"Совершенно хлипкая не жёсткая конструкция, с соблюдением всех правил не держится на стенах из за сильного прогибания. Не соответствует описанию, должен быть возврат. При первой установке были причины не использовать, возможно получить травму слетев вместе с ним на пол."
16541,4288,sport,Спорт и отдых,5,positive,2023-12-25,"Замечательный турник. Есть множество разных хватов. Не заскучаешь подходить! Красивый. Эстетичный! Есть возможности подвесить качели, и (или) же подвесить боксерскую грушу. Хороший спортивный товар"
16542,4288,sport,Спорт и отдых,5,positive,2023-12-12,Турник просто огонь!!! Тут 5 звезд мало🙃было бы 10 поставил все 10.(есть с чем сравнивать) .Пришел вовремя. Комплект полный. Упаковано добротно.главное собирать по инструкции 😉(инструкцию бы цветную👆было бы неплохо)
16558,4291,sport,Спорт и отдых,5,positive,2026-02-05,"Турник классный.Сыну очень нравится. Металл не тонкий. Купил с рифлением. Для уверенности купил другие анкеры,в комплекте с турником были крепления, но взял помощнее. Вообщем берите, не пожалеете. Смотрел в спортивном магазине за 1000-2000 р, совершенно другое качество исполнения. Минусов нет"
16596,4298,sport,Спорт и отдых,5,positive,2025-02-22,Отличный турник Крепление из толстого металла - 5мм и 4мм. Труба длинная - 97см и не тонкая - 33мм. Всего два небольших сварных шва и они выглядят отлично. Покрашено отлично. В комплекте и шурупы с дюбелями и анкера. Колпачки на каждый шуруп и гайку. Недостатков просто нет
16625,4303,sport,Спорт и отдых,5,positive,2026-06-24,"упаковка с двух сторон открытая была, не завернули в упаковочный пакет , хорошо детали скотчем прикрепили не растерялись, а так , хорошо,установили дома, каждое утро занимаюсь , спасибо"
16651,4309,sport,Спорт и отдых,5,positive,2026-07-10,"Эти резинки для фитнеса очень хорошего качества и презентабельного вида. Заказ пришёл быстро и хорошо упакован. Но, для моих восстановительных тренировок пришлось отдать предпочтение комплекту с меньшей нагрузкой. Спасибо за доставку. Извините за хлопоты."
16675,4320,sport,Спорт и отдых,5,positive,2026-01-22,"Отличные резинки,, для начинающих там резинки разной группы натяжки, слабые, посильнее, я выбрала сильную, мне 64 года, через 2 дня прошло правое пяточное сухожилие, а есть ли у производителя отдельно резинки самой плотной натяжки? Ответьте, девочки, кому хочется поддержать свое здоровье, заказывайте, так интересно со всеми этими не дорогими приспособления заниматься,, спасибо"
16701,4327,sport,Спорт и отдых,2,negative,2026-07-09,"Хорошая ширина, поэтому не скатываются, как узкие. Почти нет разницы в сопротивлении. Единственная более или менее нормальная резинка - самая слабая, потому что она самая длинная. Две другие тянутся так же, но они короче, поэтому просто в какой-то момент ограничивают движение полностью, потому что ткань сама не тянется. Ты в середине движени упираешься в тупик и все. Получается ужасно маленький диапазон движения. То есть где можно было бы поднять ногу выше, шире, реально задействовать мышцы, ты не можешь это сделать, так как длины резинки не хватает."
16706,4330,sport,Спорт и отдых,4,positive,2026-07-13,"Резинки не плохие за свои деньги, пришли хорошо упакованы, мешочек в подарок для хранения. Скатываются, слипаются между собой, заниматься не очень удобно"
16752,4345,sport,Спорт и отдых,5,positive,2026-07-20,"Фитнес резинки тугие, при занятиях придётся прикладывать силу,что очень важно. Видно, что изготовлены из высокопрочного материала. Понравились. И всегда приятно получать бонус в виде патч, спасибо, приятно."
16765,4346,sport,Спорт и отдых,5,positive,2026-06-01,"Очень удобный фитнес резины, приходит в компактный упаковке, в аккуратном мешочке, удобно носить с собой или брать в поездку (поместились в ручной клади). Красивые цвета, очень нежно. Четыре вариации натяжения – это очень удобно. По сравнению с другими производителями с тяжелой резиной можно работать – огромный плюс Компактная упаковка, стильные цвета, хорошее натяжение, градация отягощения Не нашла"
16787,4353,sport,Спорт и отдых,5,positive,2025-09-12,"Давно хотели приобрести фитнес-резинки и ленточный эспандер для домашних тренировок, остались очень довольны. Резинки очень эффективны, разные уровни натяжения, все пришло в красивом мешочке, упаковка качественная, Спасибо Продавцу."
16804,4359,food,Продукты питания,5,positive,2026-07-21,"Благодарю Анну за прекрасную упаковку, все дошло в чудесном виде. Спасибо за подарочек! Мой любимый кофе!!☕️ пью только его! Процветания Вашему магазину и успешных продаж!!!😘😘😘"
16832,4374,food,Продукты питания,5,positive,2026-06-20,"Всегда стараюсь пить этот кофе, когда скидки и возможности есть. Я , обычно, его покупаю к новогодним праздникам ик дню рождения! Спасибо большое продавцу, рекомендую 👍 Кофе отличный"
16862,4382,food,Продукты питания,5,positive,2025-04-10,"Очень вкусный кофе. Как в кофейне😁Насыщеный вкус, пенка, ванильный ароматизатор - не противный химический, а приятный гармоничный, усиливающий вкус самого кофе. Обязательно закажу ещё 👍"
16900,4399,food,Продукты питания,5,positive,2026-07-19,"Итак, на этот раз я решил купить у вас уже восемь банок. Что же будет дальше? 😂 Все банки в отличном состоянии! 🙏 Так, так, — то было, как видите, в прошлый раз 9 июня. А сегодня 19 июля. Это значит 6 ваших банок мне хватило ровно на 40 дней. У меня там, кстати, ещё где-то на одну, две чашки осталось из предыдущей партии, последней банки, как вы видите на фотке. 😅"
16903,4401,food,Продукты питания,5,positive,2026-03-31,"Спасибо за сборку продавцу и сборщикам. Все хорошо упаковано. Пью этот кофе уже давно . Мягкий вкус , приятный аромат. Рекомендую👍 Минусов нет."
16996,4427,food,Продукты питания,4,positive,2024-07-16,"ну средненько, горчинка в норме, вкус мне напоминает небезызвестный турецкий кофе, который продается везде. в общем и целом брать можно для разнообразия, иногда. упакован был в толстый пакет, упаковка герметичная, без повреждений, срок годности в норме"
17022,4435,food,Продукты питания,4,positive,2026-06-21,"За помол я бы поставила 3 ⭐, видны остатки не перемолотых кофейных зерен, вижу такое впервые. Яркого запаха кофе нет, пенка средней плотности. Чувствуется горечь. Послевкусие :горечь , чуть кислинка. Не моё кофе, люблю более мягкий вкус."
17039,4441,food,Продукты питания,5,positive,2026-03-31,"Робуста — мой новый фаворит! Крепкий, ароматный, с благородной горчинкой и оттенками шоколада. Завариваю в турке — получается идеально. Бодрит моментально, вкус насыщенный, без кислинки. Упаковка удобная, помол ровный. Однозначно рекомендую всем, кто любит покрепче!"
17113,4465,food,Продукты питания,3,neutral,2026-07-10,"Всегда заказываю кофе этой марки,и отличный кофе👍, решила попробовать чай, но ,к сожалению, не могу найти хороший, этот чай очень красивый, насыщенный цвет, но ни вкуса ,ни запаха,ни терпкости"
17116,4467,food,Продукты питания,5,positive,2026-07-24,"Очень вкусный чай. В нашей семье кофе практически никто не употребляет, но в нашей коллекции чаев этот занимает достойное место!"
17180,4498,food,Продукты питания,5,positive,2026-06-22,"Заказ пришёл раньше на 2 дня за это отдельное спасибо. Чай очень вкусный даже не ожидала что мне понравится, зеленый чай не люблю совсем пробовала много раз но этот с удовольствием пили, действительно карамельно молочный вкус, запах приятный спасибо продавцу и WB. Рекомендую к покупке"
17204,4506,food,Продукты питания,4,positive,2026-05-03,"Чай хороший, беру другие из вашего ассортимента, но этот показался менее насыщенным, ожидания были завышенными. Но на каждый день, пойдет🙏❤️"
17249,4528,food,Продукты питания,5,positive,2026-06-18,"Качество чая прекрасное, беру не в первый раз. В упаковке шёл подарок, небольшая пиала. Приятный бонус. Прекрасно упакован в плотную коробку."
17308,4553,food,Продукты питания,5,positive,2026-07-10,"Все в порядке, чай вкусный, срок годности отличный. Рекомендую. Доставка на два дня раньше. Цена у этого продавца была самая дешевая."
17379,4579,food,Продукты питания,5,positive,2025-05-12,"Чай очень понравился ☺️. У него аромат более утонченный, и напоминает карамель что-ли. Листочки хорошего качества, без веток и прочего. Пробую разные чаи, на данный момент - это (кенийский FOP) мой фаворит."
17470,4611,food,Продукты питания,1,negative,2026-07-24,"ООО очень мало орехов, одни крахмальные резиновые цукаты и изюм. Кешью и фундука совсем практически нет. Лучше добавить немного денег и приобрести ореховую смесь без изюма и остального мусора...."
17471,4611,food,Продукты питания,2,negative,2026-07-20,"Сроки нормальные, но смесь ужасная по качеству (видимо условия хранения нарушены). Забирал муж, не проверил в пвз, а зря. Раньше брали все было в порядке, на этот раз не повезло, больше брать не буду. Не рекомендую, ну или обязательно проверять перед получением."
17502,4620,food,Продукты питания,5,positive,2026-05-13,"Заказала набор орехов, всё пришло аккуратно упаковано. Орехи свежие, вкусные, без странного запаха и мусора. Удобно брать для перекуса или добавлять в кашу и десерты. В целом набор понравился, буду заказывать ещё."
17553,4634,food,Продукты питания,5,positive,2026-07-21,"Вкусный Восток. Курага без косточек пришла хорошо упакована без брака и повреждениий,мягкая,чистая одна к одной , нравятся взрослым и детям, рекомендую к покупке."
17582,4643,food,Продукты питания,5,positive,2026-06-01,"Рекомендую! Свежий, чистый( что очень важно), на зубах ничего не скрипит. Мягкий. Немного пахнет прогорклым маслом, особенно минусом не назову, тк мою , но даже если не мыть, то вкусно, чисто информация для особо придирчивых."
17592,4647,food,Продукты питания,1,negative,2026-03-08,Я впервые покупаю настолько отвратительную смесь. Мало того что она чересчур уж чёрствая и старая она ещё и с жуками с живыми. Отвратительно. Великое желание отнести смесь в санэпидемстанцию и пожаловаться в Роспотребнадзор
17605,4650,electronics,Электроника,1,negative,2026-07-16,"ужасные наушники, на скоростях не успела проверить на пвз, не работает один наушник, а если не достать другой, другой не работает"
17705,4674,electronics,Электроника,5,positive,2026-05-16,"Очень наушники понравились, все наушники у меня вываливались с ушей,ушки мои маленькие, а эти сидят как тут и были. Очень кдобно, ничто не давит, я из почти не чувствую. Очень комфортно . Красивые, удобные, чудр !!!"
17786,4686,electronics,Электроника,1,negative,2026-01-25,"Я очень ждала эти часы отзывы все хорошие пришла домой поставила на зарядку попыталась включить они не включаются не каким образом, в ремонт занесу может починят я просто рассчитывала на эти часы я расстроена 1 звёзда Красивые Не работают"
17791,4687,electronics,Электроника,5,positive,2026-07-07,"На вид красивые. Лёгкие и удобные. Вот только это не часы, а обычный фигнёй браслет с урезанным функционалом и ОС. После часов Samsung не могу привыкнуть к урезаному функционалу. Циферблатов много, но настроить нельзя, собранной сводки о сне по утрам не приходит. Собственно много чего отсутствует из функционала часов на wear OS."
17793,4687,electronics,Электроника,1,negative,2026-06-26,"Если вы заказали у данного продавца товар, то имейте ввиду сразу что вам придется выкупить товар. Заказала данную модель и вторые часы той же фирмы только круглые. Выбирала на ПВЗ при камерах, решила от данной модели отказаться, так как другая форма понравилась больше. Но мне отказали в том что упаковка была вскрыта. То есть когда я покупала электросамокат а он стоит не 6 тыс а 50 тыс и я спросила почему упаковка вскрыта, мне ответили что перед отправкой продавец вскрывает проверяет комплектацию и отправляет. Вопрос почему тогда покупатель на ПВЗ при камерах не может вскрыть и посмотреть содержимое. Как оно выглядит и примерить?"
17805,4690,electronics,Электроника,5,positive,2026-06-12,"Ремешок был сломан который второй , резенивый целый. Все работает пока, я довольна часами, но не довольна что ремешок сломан очень хотелось его одеть , ну и ладно новый заказала ."
17817,4692,electronics,Электроника,1,negative,2026-04-16,"Отстой приедет не то что на картинке синхронизация отстой программное обеспечение не работает, пикселя на экране как у ЭВМ 90годов Синхронизация не о"
17853,4696,electronics,Электроника,5,positive,2026-06-23,Работают исправно. Зарядку держит долго. Даже при сопряжении. Можно включить и выключить функции которые тебе не нужны. В приложении для телефона огромный выбор циферблатов. Покупкой доволен. Все Пока не обнаружил
18055,4730,electronics,Электроника,5,positive,2025-09-01,"Пользуюсь колонкой уже пару недель — впечатления только положительные. Звук чистый, мощный, басы глубокие, но не перегружают общую картину. Особенно приятно слушать джаз и электронику — все детали слышны, инструменты не ""сливаются"". Подключается быстро по Bluetooth, связь стабильная,зарядку держит дольше 12 часов Однозначно рекомендую тем, кто хочет качественный звук без переплаты за бренд. Отличный выбор для дома и путешествий."
18154,4759,clothing,Одежда и обувь,1,negative,2026-03-07,"Товар в ужасном состояние, будто до меня его носили, хочу оформить возврат продавец не выходит на связь, и поддержка не отвечает 5 день,продавца не рекомендую!!!!смотрите хорошо товар в пункте выдачи"
18209,4779,clothing,Одежда и обувь,5,positive,2026-07-04,"Размер мал прибыл, ещё вес мне не понраву оказался, надежда была на легче чем оказалися, но так лапти добротные, батюшке красивше были"
18316,4804,clothing,Одежда и обувь,5,positive,2025-11-25,"Отличный пуховик на зиму! Особенно понравились манжеты и двусторонняя молния: удобно при ходьбе. Сам пуховик теплый. Качество хорошее. Крой плеча отличный, нет торчащих ниток, пух распределен распределен равномерно, приятный цвет ткани."
18336,4808,clothing,Одежда и обувь,4,positive,2026-01-25,"Красивая модель, хорошая ткань и хорошо пошита Снимаю звезду за то, что куртка заявлена как зимняя, но она очень тонкая, может на европейскую зиму. Демисезон до -5 максимум"
18365,4814,clothing,Одежда и обувь,5,positive,2026-03-14,"Ношу 54 размер, купила 50. Нормально не в плотную , но и не болтается. Смотрится хорошо, рукова самое то. Спасибо. Единственное ушью немного самый низ,а может и не буду."
18387,4817,clothing,Одежда и обувь,5,positive,2026-03-16,"Хорошая куртка, пошита хорошая, но очень громоздко смотрится , большемерит. Хотя кому как у всех фигуры разные. А так качественная вещь, очень неплохая."
18397,4818,clothing,Одежда и обувь,4,positive,2026-07-12,"Качество на высоте, лёгкий и тёплый Скроен на фигуру ""груша"", точно не подойдёт на 62-64 на не узкие плечи, хотя во всех других местах сел ""оверсайз"", короткие рукова."
18398,4818,clothing,Одежда и обувь,4,positive,2026-07-12,"Очень ждала это пальто . Я представляла,что подол будет как- бы струиться. Но не случилось,пальто толстое. Не стала даже примерять. Модель хорошая,но не для этой ткани и набивки. Не впечатлило. Отказ."
18404,4819,clothing,Одежда и обувь,5,positive,2026-06-05,"Как на фото,правда вся мятая пришла.Незнаю как поведёт себя наполнитель после стирки,но это отдельная история,о которой уже не узнаешь сразу 😌"
18449,4829,clothing,Одежда и обувь,5,positive,2026-03-13,"Качество куртки очень хорошее, добротный мех, на свой 48р я взяла 46р в ней удобнее себя чувствовала. 48р более свободный Немного не нравятся карманы, вроде как то торчат , но это уже так придирки"
18457,4831,clothing,Одежда и обувь,4,positive,2025-01-21,"Куртка не плохая , но не мой фасон . На фото смотрится красиво , в живую хуже . Оказ Куртка понравилась."
18458,4831,clothing,Одежда и обувь,5,positive,2024-12-12,"Парка понравилась, качественная. Кто любит посвободней, то можно взять на размер и побольше, но я взяла размер в размер, мерила на кофту теплую."
18478,4835,clothing,Одежда и обувь,5,positive,2026-01-12,"Качество пуховика понравилось: швы, обработка - всё очень достойно. Очень лёгкий! Прислушалась к отзывам, что пуховик большемерит, напрасно! Оказался мал, даже не стала застегивать, чтобы лишний раз не теребить прекрасную вещь. Если бы решила приобрести, то заказала бы теперь на размер больше, 54(у меня 52 р.). Самые приятные и важные моменты - это его лёгкость и качество! Пуховик для зимы, конечно."
18483,4835,clothing,Одежда и обувь,5,positive,2025-12-03,"Товар пришел качественный. Очень удобный пуховик, лёгкий, до -20, как пишет продавец в нем тепло. Карманы двойные и такие и на замке и карман внутренний. Я ношу 54, мне пожалел 52. Рекомендую для покупки"
18502,4841,clothing,Одежда и обувь,5,positive,2026-04-08,"Куртка понравилась, идёт в размер, на мой рост рукава были длинноваты, но предусмотрен отворот, поэтому всё понравилось. Правда молния застёгивается не сразу, нужно немного ""помучаться"", куртка толстая, тёплая, мне нужна была на осень, а эта больше зимняя, но я решила взять, потому что у нас в Сибири и осенью бывает очень холодно. И ещё капюшон очень хорошо закрывает горло, можно даже без шарфа носить. Заказывайте, не пожалеете."
18511,4842,clothing,Одежда и обувь,4,positive,2026-01-04,"красивая куртка, много кто кричал мне «оооо у тебя аляска куртка» тепло, сегодня одела одну футболку и свитер под куртку, на улице было -4. за такую сумму могли бы и натуральный мех сделать"
18535,4846,clothing,Одежда и обувь,4,positive,2026-01-26,"Не знаю, насколько он будет тёплый, в носке будет видно, думаю, что он не для холодной северной зимы, больше для тёплой еврозимы. Но если не на большие расстояния или на машине ехать, наверное, будет нормально. Нормальный пуховик, в чёрном цвете понравился больше, в бежевом вообще не понравился ни ткань, ни цвет, как-то бледно смотрится, в чёрном лучше. Что большемерит не заметила, по размеру подошел как надо. Сидит хорошо, выглядит прилично, длина оптимальная, то, что мне нужно, ни короткое, ни длинное. Показалось, что тонковат, довольно лёгкий для пуховика."
18567,4851,clothing,Одежда и обувь,5,positive,2026-07-15,"Платье отличное, можно с ремешком, можно свободно носить, мне в пол( рост158), буду немного укорачивать, что бы не наступать. Идёт в размер."
18642,4873,clothing,Одежда и обувь,5,positive,2026-06-21,"Отличное платье на лето, и в офис, и на прогулку. В нем комфортно, удобно. Все неровности прикрыты, не просвечивает. Если, конечно, не надевать чёрное бельё)) Цвет, качество."
18654,4875,clothing,Одежда и обувь,5,positive,2026-06-15,"Платье красивое, хорошо сидит, аккуратно сшито и качество не плохое. Но вот за такую ткань, цена чуть завышена..., за 1200 можно было бы, но не выше Цена завышена, можно было бы и подешевле за тряпочную ткань"
18684,4881,clothing,Одежда и обувь,4,positive,2026-07-19,"Хорошо сидит. Ткань приятная, дышащая и не мнется. Не на полные руки. Рукав не свободный. На высокий рост. У меня 167.в пол. Немного обрежу"
18708,4884,clothing,Одежда и обувь,5,positive,2026-07-15,"Для тех кто переживает, что платье просвечивает, проблема решается телесным бельем подходящего оттенка для вашей кожи. Вообще ничего не видно❤️ проверено на себе 🙏🏻"
18733,4892,clothing,Одежда и обувь,4,positive,2026-07-19,"Красивые , ткань хорошая . Но вот пришёл с браком была дырочка В петельке куда ремень вставляется . Поэтому отказ ."
18745,4895,clothing,Одежда и обувь,5,positive,2025-09-15,"Джинсы понравились,выкупили 40 размер,удобные,мужу понравились,брала на подарок.Не знаю,как при стирке себя покажут,но пока все отлично,цвет,качество все устраивает.Спасибо продавцу за быструю доставку."
18752,4899,clothing,Одежда и обувь,4,positive,2026-02-11,"Вроде норм, но немного длиноваты на рост 183 в талии 42 отлично. В живую чуть темнее, чем на фото. - это полоски эти"
18757,4901,clothing,Одежда и обувь,5,positive,2026-07-12,"Сели великолепно.. Пошив качественный.. На рост 172, вес 90 --34 размер подошёл как родной..Рекомендую . Огромное спасибо продавцу и ВБ за качественный товар и быструю доставку.."
18765,4903,clothing,Одежда и обувь,5,positive,2025-04-19,"Классные джинсы, сидят отлично Купили сыну на рост 186, главное не короткие Немного велики в поясе на худенького,.удем носить с ремнем"
18785,4907,clothing,Одежда и обувь,5,positive,2026-06-05,"За свою цену не плохая вещь 👍 по поводу оверсайз не совсем, на свой 42-44 заказала S села в размер❤"
18799,4912,clothing,Одежда и обувь,3,neutral,2026-04-20,"Очень оверсайз - ношу размер 58, заказала 58-60 и утонула.. Перезаказала на 54-56 и то свободно сидит. По качеству вроде нормальная, пошита хорошо, посмотрим как поведёт ткань после стирки"
18844,4921,clothing,Одежда и обувь,5,positive,2026-05-06,"Не считая осень уставшей коробки, все отлично , почему бы не сделать внутри голенища натуральную кожу ) подкладка в стопе мягкая тканевая , стелька очень мягкая, немного большемерят показались Удобные, красивые Коробка убитая"
18848,4922,clothing,Одежда и обувь,5,positive,2026-07-20,"Хороши сапожки😍 пришли хорошо упакованы, коробка новая, не потрепана,сапоги аккуратно сложены! Очень довольна! Надеюсь в носке будут тоже хороши . Каблук удобный. Спасибо продавцу🫶🏻"
18862,4923,clothing,Одежда и обувь,1,negative,2026-02-17,"Брала сапоги по совету подруги, когда она заказывала то была коробка большая для сапогов и не было этих заломов! Ужасная упаковка товара которая портит его"
18887,4928,clothing,Одежда и обувь,5,positive,2026-03-30,"Неожиданно оказались самыми удобными. Заказывала 6 разных моделей , разных производителей. Но эти за счёт мягкой экокожи в районе голени не торчат . Сделаны на первый взгляд аккуратно. Упаковка нормальная. На 37 взяла 37. Мягкая экокожа, удобная колодка , но пока просто мерила. Надеюсь комфорт сохранится и во время эксплуатации носки. Минусов пока не обнаружено."
18905,4931,clothing,Одежда и обувь,1,negative,2026-03-26,"Ужасный запах, просто УЖАС. На весь пвз. За такую цену, извините меня, такого запаха быть не должно! Работайте над этим."
18928,4935,clothing,Одежда и обувь,5,positive,2026-07-12,"Купила эти сапоги перед походом. Стопа проблемная, широкая. Ни о чем не пожалела! Половину недели были ливни, град. Выдержали всё! 4 часа ходьбы от места стоянки до ближайшей деревни - удобные, свою работу выполняют - ноги остались сухие. Вставила в них стельку помягче - и всё, ноги как в мягких тапках. (Фото не передаёт всю грязь, которую они выдержали). Вторую половину похода ходила в них по вечерам - лучше кроссовок. Однозначно 10/10. Очень удобные сапоги Всё понравилось"
18949,4937,clothing,Одежда и обувь,5,positive,2025-12-15,"Отличные , теплые сапоги , брала 38 чуть свободный, Обзват голенище 40 см сели хорошо но чуть чуть туговато , не критично , берите больше размером если нужно по свободнее)"
18957,4939,clothing,Одежда и обувь,5,positive,2026-06-17,"Хороший удобный каблук. Легкие, красивые. Но мне, к сожалению, не подошли. Ошиблась с размером. Оказались сильно велики на стопу 26 см. Удобные стильные летние сапоги."
18967,4940,clothing,Одежда и обувь,5,positive,2026-01-22,"Очень классные, в них очень удобно , сделаны качественно. Верх велюр, внутри натуральный мех чуть выше щиколотки,цвет сероголубой,заказывала под шубу.У меня обхват 43см сверху, оделись спокойно, взьем у меня небольшой, ношу 40р, заказала 41 немного давит пальцы , растроилась, хотела сразу в них пойти, закажу на размер больше"
18974,4941,clothing,Одежда и обувь,5,positive,2025-12-16,"Ботинки внешние очень понравились, смотрятся отлично. Заказала 39 и 40, на мой 39,5-40, 39 р-р совсем в притык, а 40 с тонким носком как раз, но были сомнения, что с теплым будет не комфортно, перезаказала на р-р больше."
18997,4944,clothing,Одежда и обувь,3,neutral,2026-02-24,"Модель сапогов мне очень понравилась, мой рост 158. Стопа 26 см,40 размер сел хорошо. Пришли с браком, отказ. Заказала повторно."
19041,4950,clothing,Одежда и обувь,5,positive,2026-03-16,"Потрясающие сапоги! Ношу уже почти месяц: не натирают, не промокают, каблук и колодка очень удобные. Размер соответствует. Товар был хорошо упакован, без брака, доставлен в срок. Я очень довольна покупкой!"
19076,4955,clothing,Одежда и обувь,5,positive,2026-03-19,"Смотрятся эффектно. В размер. На 25.5 см стопы подошел 40й размер. Не могу сказать , что очень удобные: тк пятка не зафиксирована (из-за широты сапога) она гуляет. Сапог держится в основном только за счет половины стопы (от пальцев до середины). Досадно, что понимаешь это лишь когда начинаешь носить их. Прошлась по пвз-там не ощутила этого нюанса. Резюмирую лично свои ощущения: для эффекта и неспешной прогулки- замечательный вариант. Для ежедневной ходьбы, тем более быстрого шага -точно нет! Одним словом , несмотря на маленький удобный каблучок сапоги явно не ‘беговые’"
19080,4956,clothing,Одежда и обувь,5,positive,2026-03-19,"Испробуем в следующей зиме Пришли быстро. Понравилась цена. Размер подошёл. Красивые Коробка была замотана скотчем, видимо уже кто-то мерил. Голенище немного торчит сверху."
19082,4956,clothing,Одежда и обувь,3,neutral,2026-02-23,"Сапоги были без коробки, в тонком сером пакете, впервые с таким сталкиваюсь. Заявлено, что они кожаные, но это обман. Всё равно забрала, потому, что хорошо сели на мою ногу."
19241,5001,clothing,Одежда и обувь,5,positive,2026-03-17,"Очень красивые сапоги . Сидят идеально на ноге. Надеюсь будут носиться . Про качество ничего пока не могу сказать, так как первый раз беру обувь этой фирмы. Кстати спасибо большое за добросовестную упаковку продавцу."
19287,5010,clothing,Одежда и обувь,5,positive,2026-02-26,"Самые крутые сапоги! Я в них и убегала, и прыгала через лужи, так что проверку на прочность прошли 😁 Колодка супер удобная и каблук устойчивый! Качество"
19340,5023,clothing,Одежда и обувь,5,positive,2026-06-24,"Сапожки супер, натуральная кожа, натуральная шерсть. Очень теплые. Туфли 38размера, сапожки беру 39. В голенище, конечно обьем не43, а меньше. А так спасибо продавцу. Я довольна покупкой."
19387,5030,clothing,Одежда и обувь,5,positive,2026-07-08,"Сапоги мягкие, за такую цену даже очень и ничего Но коробка пришла так сильно измята, видно ходят туда сюда, потому что с браком. Подошва на обоих сапогах треснута, на одном стёрто покрытие"
19418,5034,clothing,Одежда и обувь,5,positive,2026-06-24,"Сапоги очень хорошие, в размер, ноге очень удобно, стелька мягкая, подошва не тонкая, нога не будет мерзнуть.Хоть и для осени-весны, но до -5-10 можно ходить. Смотрятся стильно. Очень довольна!"
19449,5040,cosmetics,Косметика и уход,5,positive,2026-06-26,"Спасибо за качественный товар! Процветания вам! Уже который раз беру этот крем и себе, и на подарок подругам. Независимо от типа кожи всем нравится эффект (у одной сухая, 50 лет, у другой - жирная, 33 года) У меня тип кожи комбинированный, на щеках всегда сушит,зимой и осенью идеальный вариант. Ну или летом как ночной крем. А ещё от этого крема у меня прошли высыпания. Нет минусов, только плюсы"
19461,5043,cosmetics,Косметика и уход,1,negative,2026-07-21,"Категорически не советую этот крем, через два дня на лице появилась сухость в области где проводилась депиляция. Кожа облазиет. Очень очень разочаровал товар."
19506,5055,cosmetics,Косметика и уход,5,positive,2026-07-17,"Шикарные кремушки оба сливочные. Кожа напитана после них. Запах сладкого масла. Приятный, но я люблю другие запахи. Если кто брал крем буренка. Так вот один в один. Возможно возьму еще. Объем большой."
19534,5063,cosmetics,Косметика и уход,5,positive,2025-06-15,"К покупке рекомендую, отличный крем 👍🏻 Очень хороший крем, нет липкого слоя, приятный запах, хорошо увлажняет, нет эффекта маски на лице, кожу не жирнит, удобный дозатор Минусов не обнаружила"
19551,5066,cosmetics,Косметика и уход,5,positive,2026-07-18,"Думаю не оригинал,у меня кода не капризная,жирная,ложится прям как легенький крем не ощущается вообще,людям с кожей склонной к высыпаниям не советую рисковать,но мне норм"
19598,5074,cosmetics,Косметика и уход,1,negative,2026-05-10,"Оформляла заказ на 5 мая. Среди товаров был крем Cera Skin. Продавец начал сборку накануне вечером ( 4 числа). Вовремя, крем не приехал. В ЛК была дата ""довоза"" на 8 мая. Ждала курьера до 23:00 - ни предупредительного звонка, ни заказа не получила. Утром 9 мая, статус заказа был ""в пункте выдачи"". Вечером в 21:45 - в разделе доставок его нет - он в разделе завершенных покупок, хотя никто не звонил и не передавал заказ. ""Спасибо"" всем - и WB за чудо-курьеров и отсутствие ответа в службе поддержки, и продавцу - который отправляет товар накануне получения[вместо того чтобы вернуть деньги сразу т.к он явно не справляется с указанными сроками поставки]. (Покупки у данного продавца совершаю регулярно, но после такого, ни у него конкретно, ни тем более на данной площадке заказывать ничего не буду)."
19619,5077,cosmetics,Косметика и уход,5,positive,2026-07-25,"Хороший крем для лица и тела. Запах приятный очень, хорошо впитывается крем, не диодный и не оставляет липкости. Удобно пользоваться и брать с собой на море. Пользуюсь пока на даче, но и для отпуска на море такой крем заказала."
19660,5086,cosmetics,Косметика и уход,4,positive,2025-08-06,"Не подошел,волосы как салома. До этого брала Epica Delicat вот от него волосы мягкие. А от этого все торчком и жесткие"
19677,5092,cosmetics,Косметика и уход,4,positive,2026-07-03,"Бальзам пришел даже без пупырки. Была сломана крышка, взяла , потому что качество отличное. Шампунь был завернут в пупырку. Что, на бальзам пупырки не хватило??"
19683,5094,cosmetics,Косметика и уход,5,positive,2025-11-09,"Отличная находка для меня, езжу часто, беру с собой, удобно! А моет как, это вообще круто! Благодарю за такое изобретение!"
19701,5098,cosmetics,Косметика и уход,5,positive,2026-05-07,"Много лет предпочитаю для тонких волос. Экономично расходуется, мне хватает надолго. После последней покупки осенью, стало дороже на 200р здесь на ВБ"
19702,5099,cosmetics,Косметика и уход,5,positive,2026-06-22,"Шампунь с освежающим эффектом и ароматом, очень хорошо очищает кожу головы и волосы. После использования волосы чистые, объемные, мягкие. Очень довольна."
19710,5100,cosmetics,Косметика и уход,1,negative,2024-07-14,"Как продукт не плохой , мне нравится ) но когда заказываешь шампунь и бальзам , а приходят два шампуня - это конечно очень обидно ….😒😒"
19733,5107,cosmetics,Косметика и уход,1,negative,2026-07-23,"Не промывает волосы вообще , голова будто после масла , сначала думала из-за бальзама, помыла голову еще раз , и все тоже самое"
19788,5116,cosmetics,Косметика и уход,5,positive,2026-02-21,"Сыворотка шикарная! Увлажняет отлично, как раз в период отоплений. На следующий день даже после умывания кожа не стянутая, сегодня даже не мазала, так как до сих пор увлажненная, нет ощущения стянутости. Вкусно и приятно пахнет, цитрусовых, свежестью) Обожаю этот бренд! Очень хороший состав, и за эффект советую всем! Эффект, текстура Минусов нет"
19804,5119,cosmetics,Косметика и уход,5,positive,2026-04-29,"Сыворотка великолепная. Пахнет приятно, при нанесении чувствую минимальные покалывания. Я использовала 2 недели раз в три дня , сейчас 1 раз в два дня. На ежедневное переходить не буду , такого количества вполне хватает."
19854,5127,cosmetics,Косметика и уход,5,positive,2026-03-14,"Мысль гениальная: та же кожа, те же морщинки (ну почти), почему бы не увлажнять? Забиваем на нее, так как никто не видит.. Купила и даже самооценка как будто выросла, реально хожу довольная собой🙏🏼❤️"
19855,5127,cosmetics,Косметика и уход,5,positive,2026-03-14,"Читала описание, в голове сразу: лицо мы мажем, декольте мажем, а самая нежная кожа обделена. Реально же. А там же такая же кожа...Довольна. Использую каждый вечер перед сном."
19900,5135,cosmetics,Косметика и уход,5,positive,2026-07-03,да. да. да. идеальная сыворотка. убрала прыши словно ластик. был запущенные щеки. плюс пользовалась пенкой раунд лаб и кремом от пропеллер.
19929,5139,cosmetics,Косметика и уход,4,positive,2025-08-10,"Люблю и давно пользуюсь вашей косметикой. Было интересно прсмотреть видео о производстве. Запаковано хорошо в пластик-пупырку👍🏻 Сыворотка прияиная, не липкая, легко впитывается, приятный аромат. Упаковка - дешевенький картон. Но мне это неважно. Все равно коробку выкидываю сразу. А вот сам флакон: нет стикера контроля вскрытия! Как я пойму, что до меня не открывали?"
19980,5148,electronics,Электроника,1,negative,2026-07-20,"Это ужасно! Я очень хотела наушники, заказала во второй раз и оба пришли брак! Помогите, на фото показано максимум что они могут, продавец не отвечает, на наушниках включается подсветка, но сами они не заряжаются, на табле не включается цифры. Не советую, не видитесь на маленькую цену, продавец тоже не ответственный. Если продавец вернёт деньги или поможет решить проблему, изменю отзыв."
20000,5153,electronics,Электроника,5,positive,2026-07-20,"Неплохие наушники, при условии, что основной критерий - удобство. Не могу носить другие наушники, болят уши практически от всех. Звук неплохой, звукоподавление среднее. Слышно всё, особенно если громкость средняя. Но это для меня скорее плюс, на улице не мешают ориентироваться. Единственное, работать в них сложно. При движении постоянно задеваются кнопки управления и они то отрубаются, то активируют голосовой помощник на телефоне. Если просто идти или просто - сидеть всё прекрасно. Заряда хватает на 4-5 часов. Не ощущаются на ушах даже при длительной носке Постоянно выключаются от любого прикосновения"
20067,5165,electronics,Электроника,1,negative,2026-07-18,"это не наушники, а просто ***, простите но это так, им месяц а они уже сдохли, это нормально? я вообще вам не советую их брать,звук ужасный, и заряжаются долго, а как разрядиться так они первые, за пару секунд разряжаются."
20097,5173,electronics,Электроника,1,negative,2026-06-27,"сначала в пункте проверила, вроде заряжал, даже 15 минут простояла а пришла домой , спустя сутки в поездке решила зарядить и не включается совсем, в мусорку!! ничего подделка"
20108,5175,electronics,Электроника,5,positive,2026-07-01,"Пришёл быстро, упакован отлично.Вес 174 грамма — это реально мало. Телефон заряжает до 80% за 40 минут. Цвет графитовый — строгий и элегантный. Сплошные плюсы."
20139,5179,electronics,Электроника,5,positive,2026-05-08,"Один отзыв почему-то не опубликовали. Вес паурбанка по отдельности виден на фотографии в каждом из отзывов. И составляет 1047г., 1057г., 1060г."
20184,5192,electronics,Электроника,3,neutral,2026-06-12,"Дополняю первоначальный отзыв. Первое впечатление сильно подпорчено, так как при использовании в квартире, при стабильном сигнале сети Интернет (Wi-Fi роутер мощный), каждые 20-30 минут колонка теряет связь с телефоном, а еще через пару минут полностью отключается. Так же очень напрягает громкий звук включения, подключения и отключения, который невозможно ничем отрегулировать, или возможно я не нашла способ это сделать (инструкции, к сожалению, в комплекте отсутствовала)."
20193,5195,electronics,Электроника,5,positive,2026-02-25,"Брал для квартиры чтобы соседи не вешались.пойдёт. Хорошо играет за свою цену.лучше чем Хуго нс6 20в.свои нюансы.нет микрофона.зато есть уровень заряда аккумулятора.звук один.на Хуго звук колонки плюс с телефона можно добавить. Коробка помятая колонка целая.пломбы вскрыты колонка в нутри не в пакете,от просто лежал.либо чей-то отказ либо кто-то смотрел.может при отправке."
20244,5218,clothing,Одежда и обувь,5,positive,2026-03-27,"Легкие, удобные, на ноге смотрится хорошо, стопа у меня 26,6 большамерят, так что берите несколько размеров) надеюсь прослужат 2 сезона) продовца советую!"
20263,5223,clothing,Одежда и обувь,1,negative,2026-07-02,"Кроссовки маломерят на два размера, правый кроссовок очень узкий. Написал продавцу чтобы сделать возврат, два раза отклонил хотя всю ситуацию объяснил 🤷"
20319,5238,clothing,Одежда и обувь,3,neutral,2022-06-02,"Платье не понравилось. Цвет в реальности не совпадает с фото, значительно темнее, оно прям зеленое. Ткань тоже не понравилась. Размер выбирала по размерной таблице, оказалось большим в груди и пройма прям слишком свободная"
20372,5256,clothing,Одежда и обувь,5,positive,2025-04-11,"Отличная футболка, материл плотный, не просвечивает, универсальна, подходит как мужчине так и женщине, заказывала мужу, но и себе такую же закажу"
20416,5273,cosmetics,Косметика и уход,5,positive,2026-05-19,"Крем очень хороший. Беру его постоянно. У меня сухая и аллергичная кожа. Крем подошёл идеально. У крема плотная текстура в меру жирный, хорошо впитывается и не оставляет липкого слоя. Кожа после него мягкая и увлажненная."
20449,5282,cosmetics,Косметика и уход,1,negative,2026-07-15,"Ждала этот крем , но он пришел просроченный !!! ЕХР до 2026.04 значит до апреля ! Я не посмотрела и выкупила !!! Придется крем выбросить ! Зря потраченные деньги ! Не рекомендую продавца"
20454,5283,cosmetics,Косметика и уход,4,positive,2026-07-22,"Возможно от солнца спасает, но он плотный сам по себе и под макияж ложится некрасиво, останься блеск и как будто не ровно тон нанесен"
20476,5290,cosmetics,Косметика и уход,5,positive,2026-06-05,"Ставлю 5, так как увлажняет идеально. А дальше посмотрим. Только начала применять для себя новый крем. Может и помолодею. 😊"
20478,5290,cosmetics,Косметика и уход,1,negative,2026-03-29,"Джонтам- производитель Корея, а прислали Омга- Китай, обидно за зря потраченые деньги. Зачем обманывать? Не надежный поставщик! Доставка вовремя Не тот крем, который заказывала."
20487,5296,cosmetics,Косметика и уход,3,neutral,2026-06-30,"Шампунь отличный Упакован плхо, открылась крышка при транспортировке, часть шампуня пролилась, выкупила, тк срочно нужен был в поездку, доставка была задержана"
20491,5296,cosmetics,Косметика и уход,5,positive,2025-10-31,"Вы можете крышку заклеевать при отправке? Хороший ведь шапмунь, я второй раз беру, второй раз приходит открытый, но сегодня немногл вытекло, забрала. А если много вытечет?"
20504,5300,cosmetics,Косметика и уход,5,positive,2025-10-17,"Пользуюсь недавно, про эффект ничего не могу сказать,но отмывает хорошо. Мне понравилось. Наверное закажу ещё раз Запах очень приятный, пена обильная."
20510,5302,cosmetics,Косметика и уход,1,negative,2024-05-27,"Пользуюсь шампунями ботавикос очень давно, повелась на большой бутыль по акции, просто ужас! Волосы не промывает, после двух недель использования стали тонкие, тусклые, такое ощущение, что грязная голова после него! Покупала раньше такой шампунь в маленькой упаковке у другого продавца, совсем по-другому было. Деньги на ветер, что в нем намешано, не знаю. Не могу вернуть шелковистость и объем до сих пор. Очень жаль."
20527,5310,cosmetics,Косметика и уход,5,positive,2026-05-05,"Волосы долго не пачкаются , хорошо пенится, запах приятный , хватает на долго , т к концентрированный . Рекомендовать не могу , т. к . Все индивидуально .мне подошел."
20542,5316,cosmetics,Косметика и уход,5,positive,2026-07-15,"Хороший шампунь, о результате говорить еще рано, пользуюсь не долго. Пенится хорошо, мою голову по 2 раза, волосы мягкие и шелковистые. Упаковано просто. Фото к сожалению нет."
20579,5325,cosmetics,Косметика и уход,1,negative,2026-07-08,"Впервые решилась заказать всю линейку ухода от данного бренда. От самой создательницы увидела видео-комментарий, что сыворотка, которую все хвалят была в неудачной таре с пипеткой, что тару поменяли. В карточке товара я выбрала именно позицию , у которой была картинка новой тары! Уже поменяли… видимо после плохих отзывов! Итог : пришло в старой таре с пипеткой, которой действительно неудобно наносить и расход увеличивается … что за обман потребителя? Ставлю одну звезду, потому что оценить качество пока не смогла, а разочарование от использования получила и обман потребителя с новой тарой."
20604,5330,cosmetics,Косметика и уход,5,positive,2025-05-21,"Использую буквально пару дней Но хочу заметить, что поры сузились прям на следующий день после пременения. При этом реакции кожи в виде раздражения/сухости/акне пока не замечена. Дополню отзыв, если будут проблемы. Но качество сыворотки 5% - огонь"
20650,5339,cosmetics,Косметика и уход,5,positive,2026-03-13,"Моя кожа сказала мне спасибо за эту сыворотку. Беру уже не в первый раз, так как от этого средства очень хороший эффект. Доставка быстрая, все пришло в целости, отдельное спасибо за присланный пробник крема."
20666,5341,cosmetics,Косметика и уход,5,positive,2026-06-02,"По моим ощущениям я и правда выгляжу свежее что ли после недели применения по утрам под крем. Тяжело объективно оценить, тк работаю в бешенном ритме и просто тупо не высыпаюсь постоянно. Но как-будто да, лучше. Пипетка, на мой взгляд, спорное решение для такой текстуры. Кажется, что сыворотка для нее слишком густая, поэтому плохо «заходит» внутрь пипетки."
20705,5348,cosmetics,Косметика и уход,4,positive,2026-07-22,"Про полезность не могу пока ничего сказать, только купила. Меня больше волнует обьем. Как пример, вот две баночки, и там и там по 30 мл. Только баночка от аскин в два раза меньше. Как будто там не 30 мл, а 15-20 мл. Уважаемый продавец, почему так? Просто интересно 🧐"
20735,5356,cosmetics,Косметика и уход,5,positive,2026-05-21,"Купил по совету друга, но действие оказалось медленным – постакне исчезает лишь спустя недели, а дозатор неудобный, часто выдавливает слишком мало продукта."
20760,5356,cosmetics,Косметика и уход,5,positive,2026-05-17,"Взяла второй флакон после первой недели, после применения кожа ощущается мягкой, морщинки стали чуть менее выраженными, но цена всё же выше, чем я ожидала."
20767,5356,cosmetics,Косметика и уход,5,positive,2026-05-16,"Пробовал сыворотку после работы в офисе с постоянным кондиционером — увлажняет кожу на целый день, не ощущается тяжёлой, но хотелось бы более экономичный вариант с большим объёмом."
20771,5357,cosmetics,Косметика и уход,5,positive,2026-06-03,"Купила 100 ампул второй раз, за эти деньги и такой сосиав- наношу и на тело, руки, декольте, шея, колени, ну и лицо конечно, даже волосам достается👍 Отличная сыворотка по такой цене"
20786,5363,cosmetics,Косметика и уход,5,positive,2025-12-09,"Всё понравилось. Насыщенный черный цвет,отличная кисточка,фактура туши тоже хорошая,не сухая. Единственное,хотелось бы чтобы тушь была в коробочке. Пришла как на фото,в защитной плёночке. Цвет,кисточка. Нет коробочки."
20805,5372,cosmetics,Косметика и уход,2,negative,2026-05-06,"Неудобно пользоваться, не видишь что красишь. По эффекту вообще ничего не делает... Кисточка не такая как на картинке, она слишком крупная"
20840,5383,cosmetics,Косметика и уход,5,positive,2026-06-28,"Хорошая тушь, яркая. В два слоя даёт очень хороший объём, не плохо удлиняет. Но чтобы смыть её - надо прям постараться. Вроде как это термотушь и должна смываться теплой водой, но водой смывается не на 100%, остаётся голубоватый оттенок на ресницах. А дальше, все как в тумане - гидрофильное масло не взяло, мицелярка тоже, только двухфазная смывка справилась Стойкая Иногда кажется, что через чур стойкая"
20859,5390,cosmetics,Косметика и уход,5,positive,2026-07-19,"Беру такую тушь в течении много лет, пока не испортилось качество. Единственно плохо , что упаковка не закрыта. Все таки должно быть заввакумировано пленкой или наклейкой."
20884,5400,cosmetics,Косметика и уход,5,positive,2024-12-09,"Давно смотрела на эту тушь, купила. Это лучше чем я ожидала. Тушь хорошо ложится на ресницы и сохраняется даже в непогоду. Смывается хорошо, что меня тоже порадовало. Не осыпается"
20894,5402,cosmetics,Косметика и уход,5,positive,2025-12-04,"За свою цену тушь отличная,на фотографии весь день с ней была. На темных ресницах правда как черная смотрится, но на свету видно что фиолетовая :)"
20904,5405,cosmetics,Косметика и уход,1,negative,2026-04-16,"В возврате отказали. Я знакома именно с этим ароматом и покупала его в официальном магазине неоднократно . То что пришло, не соответствует оригинальному аромату. Поэтому, советую людям покупать не тут"
20963,5421,cosmetics,Косметика и уход,2,negative,2026-03-04,"Запах едва уловимый, спиртом не пахнет. Стойкости нет. Цвет водички на картинке розовый, по факту просто прозрачный, как вода. Жаль. 😥"
21050,5450,cosmetics,Косметика и уход,5,positive,2026-07-02,"Может и не оригинал, но пахнут так же. Насколько долго держится запах не могу сказать, так как на себе не слышу. Н"
21090,5461,cosmetics,Косметика и уход,5,positive,2026-05-12,"Это уже третий мой заказ!!!! Советую всем попробовать этот продукт!!!! Оооооо……. Это мега находка!!!! Волосы невероятно мягкие, послушные и блестят как после салона!!!"
21094,5462,cosmetics,Косметика и уход,5,positive,2026-02-09,"Огонь маска, волосы мягкие, шелковистые. даже после осветления мочалка на голове превращается в послушные шелковистые волосы. Лучшая маска за мою жизнь"
21099,5464,cosmetics,Косметика и уход,5,positive,2026-04-17,"Волосы выглядят как после ламинирования. На второй день тоже гладкие без утюжка,посмотрим как дальше будет. Покупала восстанавливающую. Думаю нужно попробовать ещё купить разогревающую"
21139,5473,cosmetics,Косметика и уход,5,positive,2025-05-28,"Используем лечебные средства этой компании, поэтому с большим доверием заказала данную косметику и не пожалела. Однозначно всем рекомендую! Маска просто шикарная для моей густых волос средней длины. У дочери длинные волосы, ей тоже очень понравилась. ￼ волосы после неё мягкие, шелковые, аромат великолепный!"
21158,5481,cosmetics,Косметика и уход,1,negative,2026-03-21,"Заказала не читая отзывы так и пришло, ужас какой. То что я ждала маска супер отличная, а это вообще что??? Не тот товар"
21185,5488,cosmetics,Косметика и уход,4,positive,2025-12-18,"Использовала вместе с шампунем этой же серии. По итогу могу сказать что волосы расчёсывать было намного тяжелее, чем при использовании обычного ухода. После сушки феном волосы блестят, но на ощупь к сожалению сухие. Возможно, т.к. эффект накопительный, мне нужно больше времени чтобы понять подходит ли мне данный продукт, либо, нужно наносить больше маски чем я пробовала Экономичный расход, удобный формат Эффекта ""вау"" к сожалению не произошло Считаю слишком высокой цену за такой объем"
21221,5495,cosmetics,Косметика и уход,5,positive,2026-06-05,"Волосы после хны оживают, блестят, становяться пушистыми, легкими. Добавляю дополнительно репейное масло, сок алое.Очень понравилась хна. Рекомендую. Хорошего качества с натуральными природными компонентами. Хна 2024года"
21227,5496,cosmetics,Косметика и уход,5,positive,2026-01-17,"Не ожидала, но эффект хороший. Волосы были пересушены после крайней биозавивки, и постоянного окрашивания. С первого применения волосы стали мягче, не путаются, легко расчесываются. Эффект держится и на следующие дни, а не только после мытья, как при пользовании другими масками/ бальзамами"
21233,5498,cosmetics,Косметика и уход,5,positive,2025-05-25,"Тем кто знает, что такое креатин, особенно после процедуры, волосы после использования маски выглядят так же. Мягкие, послушные, даже кончики выгледят иначе. Про аромат должна быть отдельная история, он космический. Пользуюсь шампунем и термоспреем этого производителя. Поэтому если вы сомневаетесь, уберите сомнения в сторону и приобретайте, не пожалеете. В наше время тяжело найти средство ухода для волос хорошего качества. Производителю желаю не останавливаться на достигнутом. Успехов."
21235,5499,cosmetics,Косметика и уход,5,positive,2025-09-20,"Покупаю у вас второй раз. Качество действительно на высоте. Пожалуйста, не изменяет своим принципам, тщательно проверяйте качество товара, так как перед немного ранее купила, такую же маску в магазине, после двух использования увидела, что состояние волос значительно ухудшилось, чего раньше после использования этой маски ни когда не было. Пришлось заказать у вас. По получению вашей маски, сравнила обе. Магазинная была в такой же точно таре, но сама магазинная маска была с очень ярко выраженным приторним запахом и по цвету была ярче, чем у ваша. Разницу видно. Магазинную можно просто выкинуть, так как она оказалась подделкой."
21246,5502,cosmetics,Косметика и уход,4,positive,2026-06-15,5 практиков мало:( Пришло всё аккуратно красиво не повреждено Помыла голову им пока что с первого применения результат не очень видно
21268,5507,home,Товары для дома,5,positive,2026-06-23,"Рекомендую однозначно. Комплект очень нежный, качественно пошит, цвет, как на фото. Покупайте, даже не сомневайтесь. Спасибо продавцу за качество продаваемого товара. 👍 💐 Всё на высоте. 👍"
21284,5516,home,Товары для дома,1,negative,2024-11-26,"Написанно бежевый-красный, пришёл грязно-бежевый с красным, будто на нём уже спасли, на фото упродавца не сильно видно что он бежевый, кажется даже немного белым, зато у девушки на пвз видно что он грязно- бежевый, ткань тоже не лучшего касества, и швы не ровные, короче, не рекомендкю)"
21308,5526,home,Товары для дома,1,negative,2026-07-22,"Качество желает быть лучшим, особенно крой, простынь вся кривая ,одна наволочка выкроена вдоль другая поперёк, очень жаль ... Ожидала лучшего..."
21383,5545,home,Товары для дома,5,positive,2023-06-28,"Кастрюльки отличные . Ручки не греются, еда долго сохраняет тепло . Несмотря на то, что 7ли из Казахстана в Москву - товар пришел в хорошем состоянии."
21391,5547,home,Товары для дома,5,positive,2026-01-25,"Классные кастрюли, не знаю пока как покажут себя в деле но к покупке рекомендую. На подарок очень хорошо. Пришёл набор хорошо упакованный, продавцу 5"
21455,5567,home,Товары для дома,5,positive,2026-07-22,"Набор кастрюль мне понравился 👍, с виду вроде бы маленькие, но как заявлено 2л и 3л. Очень изящные, не громоздкие, такие- как хотела... 😉 качество хорошее, упаковано отлично... Спасибо продавцу за хороший товар 😊 Надеюсь, будут радовать меня долго..."
21465,5568,home,Товары для дома,5,positive,2026-03-02,"Даже не ожидала, что они такие красивые. Дно реально толстое, стенки у кастрюль не тонкие. Смотрятся просто загляденье! Вся коробка с тремя кастрюлями очень тяжёлая, потому что каждая из набора тяжеленькая. Пришлось доставку оформить курьером, потому что серьезный вес, да и коробка большая. Всё целое, и крышки, и сами кастрюли. Прекрасно упаковано внутри и проложено всякими паролончиками и целлофаном. Покупала на подарок человеку, который занимается заготовками на зиму, он был в восторге! Потому что такие большие качественные кастрюли ещё надо поискать, да за такую цену! Пожалела, что не сфотографировала, но снимок на карточке товара соответствует реальному виду. Очень рекомендую хозяюшкам!)) Отличный набор кастрюль!"
21479,5572,home,Товары для дома,5,positive,2026-02-07,"Всем советую 🔥 Очень порадовала скидка, набор обошелся в 4600 рублей и доставка 1 день🔥. Упаковано на совесть, нигде ничего не болтается, каждая крышка и кастрюля в индивидуальном пакете и много картонок. Кастрюли тяжеленькие, то что надо,внутри мерная шкала. Всем советую продавца👍"
21496,5578,home,Товары для дома,5,positive,2025-12-11,"Тяжелые качественные кастрюли с пятислойным дном. Стенки толстые, ручки как у моих. Стекло прочное. Купила на смену похожим семислойным, которыми пользовались 20 лет( тяжелые, ручки кастрюли и ручки крышки не нагреваются или слегка; пища долго остается теплой) Посмотрим как будут эти в эксплуатации!?"
21507,5579,home,Товары для дома,5,positive,2025-11-27,"Спасибо за упаковку. Кастрюли хорошие, Нину с один Дороговато за две штуки конечно🥺зашла в магазин и была огорчена тем что можно было за эту цену Три штуки приобрести"
21550,5596,home,Товары для дома,1,negative,2026-07-09,"Очень плохого качества липкие как бумажные, ручка оторвалась сразу хотя короб даже не был загружен, однозначно не рекомендую, развалится. Неудобные и очень мягкие."
21583,5608,home,Товары для дома,5,positive,2025-10-10,"Вместительные Не очень хорошо держать форму. Но в принципе, об этом и не было заявлено. Кому принципиально жёсткий каркас , то не подойдёт"
21638,5629,home,Товары для дома,5,positive,2026-02-13,"Если для пользования при отключении света - лучше чем свечи)) Лёгкая, маленькая, выручает при отключениях света. 3 режима + приятный ровный свет На минимальном режиме светит 60-80 мин при полной зарядке"
21680,5641,electronics,Электроника,3,neutral,2026-01-07,"Отличные на вид плюс , в складывании. Заукоподовляемость ноль. И ты слышишь что говорят и все слушаю что у тебя в наушниках, ладно музыку но и разговоры"
21683,5642,electronics,Электроника,1,negative,2026-07-21,"При малейшем косании наушника ставят на паузу, потом долго тупят чтобы включить, очень неудобные, при отключении одного наушника, повторно не подключается без постановки в бокс, не рекомендую."
21694,5643,electronics,Электроника,5,positive,2026-07-16,"Понравились часы, купили ребенку, стильные, яркий дисплей, есть много функций, шагомер, приходят уведомления с телефона, измеряют пульс, удобная магнитная зарядка, заряд долго держат."
21719,5649,electronics,Электроника,5,positive,2026-07-02,Часы отличные. Советую к покупке. Пришли быстро в нормальной упаковке. Быстро подключился. Не могу пока настроить уведомления. Завтра спрошу у специалистов.
21744,5653,electronics,Электроника,5,positive,2026-07-19,"Умные часы понравились. Положительным аспектом является корректное измерение сердечного ритма, что подтвердилось при перепроверке с помощью механического тонометра. Это позволяет решать проблему с мониторингом артериального давления, обеспечивая возможность наблюдения за показателями в любое время и в любом месте."
21748,5653,electronics,Электроника,5,positive,2026-07-14,"Дизайн очень понравился. Заказывала четыре вида. Выбрала эти. За счет граней и небольшое количество страз смотрится очень эффектно, переливаются 👍 Единственное не очень чувствуется вибрация при вызовах, немного напрягает. В Макс смс приходит с вб приходит, с ВК нет смс."
21750,5653,electronics,Электроника,5,positive,2026-07-09,"Очень крутые часы. Смотрятся стильно и дорого. Интуитивно понятный интерфейс. Большой выбор настроек и параметров, отслеживают шаги четко, без уменьшения или лишней прибавки. Приложение позволяет совместить с айфоновским приложением параметры, что тоже огромный плюс. Отдельно хочется отменить стильную упаковку, в которой и подарить не стыдно"
21785,5661,electronics,Электроника,3,neutral,2025-12-15,"Кто нибудь у продавца следит за тем, что конкретно заказал человек или пофиг? Внешне неплохо, а какова истины емкость-покаже 3-4 цикла заряд-разряд Заказывал черный, а пришёл белый"
21822,5669,electronics,Электроника,5,positive,2026-07-14,"Повербанк пришёл упакованный, коробка целая. Начальный заряд 68%, заряжает быстро, сам разряжается медленно. В комплекте шёл провод type-c, зарядить сам повербанк можно как от провода type-c, так и от micro-USB. Единственное, что может смущать, вес устройства, но вы не пожалеете, если приобретете его."
21883,5685,electronics,Электроника,5,positive,2026-03-16,"Как зарядка для телефона хороший вариант, если у вас любой телефон кроме Realme, Oppo и других суббрендов концерна BBK Хорошее качество исполнения, индикация заряда и быстрой зарядки, компактный, не сильно тяжелый, поддерживает быстрый заряд как телефонов так и самого себя, ну быстрый конечно же не на полную мощьность, а 22w. 1. К сожалению не работает быстрая зарядка с телефонами Realme, но это проблема телефонов, а не павербанка, т.к. у Realme своя технология б/з. Vooc. 2.Второй момент, usb лампочки не работают на этом павербанке т.к. он их просто не видит 3. Встроеная подсветка ни о чём, очень тусклый холодный не приятный свет."
21886,5686,electronics,Электроника,5,positive,2026-07-19,Отличный повербанк! Пять устройств за раз поставил на зарядку. Все четко! Ощущение что в нем реальная емкость. Спасибо продавцу. Рекомендую.
21914,5696,electronics,Электроника,1,negative,2026-01-26,"Колонка хорошо работал одну неделю, потом перестал работать. Зарядку принимает, но не включается. Я ничего с ним не делал, он не падал из рук."
21974,5717,electronics,Электроника,5,positive,2026-07-04,"Для информации что я заметил: серия ""air eco"" отличается от просто ""air"" тем что коробка чуть проще, нет целлофановой защиты коробки и в комплекте нет провода type-c для зарядки. Характеристики/дизайн наушников и самого бокса идентичные. Т.е. по факту лишнее убрали и цена стала привлекательнее. Всем советую, смысла переплачивать нет. Шикарные наушники. Цена просто песня - 635р. Оригинал. Звук хороший. К смартфону Tecno подключились за 1сек."
21979,5718,electronics,Электроника,1,negative,2026-07-13,"Включила наушники, не прошло и 5ти минут как правый наушник сел со 100% до 42, хотя всю ночь был в заряженности футляре! Хватило заряда на 25 минут левого наушника! Все видно на скриншотах!!! Верните деньги или пришлите новый наушник, пользоваться данной аппаратурой невозможно, хотя до этого брали у вас и все было хорошо Ничего Левый наушник разряжается не успеешь моргнуть"
21986,5719,electronics,Электроника,5,positive,2026-07-11,"Наушники пришли в хорошей заводской упаковке. Внутри с наушниками шнур для зарядки и амбушюры нескольких размеров. На экране зарядного кейса яркая индикация зарядки наушников. Наушники без проблем подключились к телефону. Инструкция, понятная и подробная. Качество звука отличное. Покупкой доволен."
22018,5724,electronics,Электроника,2,negative,2026-03-05,"Ребенок расстроился вместо радости - бесконечное ожидание Хорошее качество звука и картинки на дисплее. Подарили ребёнку на новый год, все было хорошо, но 31 января дисплей пошел пятнами, которые с каждым днём все увеличивались к 5 февраля, когда часы сдали в ремонт на дисплее уже ничего не было видно. Отвезли в сервис 5 февраля, до сих пор не починили. Сказали, что если за 45 дней не починят выдадут акт о неремонтопригодности."
22037,5727,electronics,Электроника,5,positive,2026-04-19,"Брала год назад фиолетовый. Доча прибрала себе. Год работает верой и правдой. Решила взять другого цвета, чтобы не путать. Заряжает быстро. По весу не сильно тяжёлый, но ощутимый"
22067,5736,clothing,Одежда и обувь,3,neutral,2026-07-03,"Обратила внимание только спусти несколько дней, задняя сторона кроссовок точнее рисунок отличается. Так же как и стелька так и было задумано либо это мне попался брак?"
22080,5741,clothing,Одежда и обувь,5,positive,2025-04-02,"Почитали отзывы, где писали, что маломерят. Заказали на размер больше, но! Либо разные модели другие покупали, сыну немного великоваты. Все равно выкупили, качество понравилось, даже документы были вложены (первый раз такое вижу). Очень легкие. Посмотрим сколько прослужат. Легкие, фирменные"
22086,5745,clothing,Одежда и обувь,3,neutral,2026-07-21,Думаю не хватит на 1 летний сезон Внешне стильные. Подросток выбрал именно эту модель Через месяц начались проблемы с подошвой: начала протираться и лопаться
22089,5746,clothing,Одежда и обувь,5,positive,2025-09-01,"В целом хорошие кроссовки за эти деньги. Но мои пришлось немного доделать. Ничего серьёзного просто для эстетики, а так никак не влияет на качество исходного продукта Не надо разносить. Просто одел и пошел без дискомфорта Пришлось немного доделать."
22141,5764,clothing,Одежда и обувь,3,neutral,2026-06-06,"Идея этой куртки может и хорошая ,но в реальности она ужасная.пусть фабрика не обижается ,но зря они такие создали.вб спасибо за доставку!"
22170,5769,clothing,Одежда и обувь,4,positive,2026-01-12,"Очень не опрятный пошив, нитки прям торчат абсолютно везде и крвые швы ! Думаю, что дочери на год хватит. Не зима. Цвет Пошив"
22246,5781,clothing,Одежда и обувь,5,positive,2026-02-16,"Заказывала 4 разных расцветки, этот даже мерить не стала, из за цвета, в итоге только он и подошел, на фоне ярких этот цвет был тусклым, а в носке пригляделась, осень даже хорошо, приглушенный, дада рада что его выбрала, теплый, уютный, длинный, такой и хотела"
22288,5789,clothing,Одежда и обувь,5,positive,2025-11-03,"Покупкой довольна Куртка суперская, теплая, пришла отлично упакованная,без брака,нитки не торчат, давно такую модель искала, можно так же талию подчеркнуть и так же носить в свободной форме."
22315,5795,clothing,Одежда и обувь,5,positive,2025-05-10,"Куртка понравилась, интересная и удобная модель, по качеству претензий нет. Немного тонковата. Больше подойдёт для теплой зимы или как демисезонная."
22363,5804,clothing,Одежда и обувь,3,neutral,2026-01-15,"Такое ощущение, что его носили, причём долго. Сбоку пятно. Весь мятый, с видимыми следами износа. Сняла всего лишь две звезды, и то только потому, что сам пуховик мне понравился когда я меряла прошлый раз больший размер, тот был в идеале. По размеру: на рост 162 рукава сидят лучше, но как то все плотничком сидит, ге жмёт конечно, просто облегает, но запас как бы есть. Только скорость доставки Состояние"
22397,5810,clothing,Одежда и обувь,5,positive,2025-11-03,"Куртка классная, цвет красивый, но вот карманы для меня слишком низко.. Мой размер 40-42, но эта прям оверсайз Цвет На рост от 160см.."
22399,5811,clothing,Одежда и обувь,2,negative,2026-01-20,"Люблю белые вещи , но с этой курткой одно недоразумение и разочарование. Получился одноразовый вариант. Зря потраченные деньги. Внешний вид. При длине куртки 80 см вшит замок с одним бегунком. Очень неудобно при ходьбе и садиться в машину. После первой стирки, на деликатном режиме скомкался весь утеплитель. Ткань очень маркая и очень плохо отстирывается."
22403,5811,clothing,Одежда и обувь,5,positive,2025-12-31,"Куртка отличная! Качество супер! Попу закрывает. Взяла большой размер, чтобы одевать а свитер. И тоже велика, переборщила с размером. Мой размер 54-56. В любом случае нужно мерить. Кто-то любит размер в размер, кто-то посвободнее. Мне нравится большой капюшон и воротник высокий, когда полностью застегиваешь молнию. Для меня куртка тяжеловата, но терпимо. Можно и легче синтепон использовать в производстве."
22410,5812,clothing,Одежда и обувь,4,positive,2025-03-27,"Не выкупила. Даже примерять не стала, потому что для меня очень тяжелое пальто. Наверно, хорошее и теплое. Звезду сняла за тяжесть."
22438,5815,clothing,Одежда и обувь,5,positive,2026-01-06,"Всё!она идеальная!мех очень богатый, внутри подклад, очень теплый. На ОГ-102, ОБ-110 подошел бы 48 р-р,но взяла 50 р-р, т.к. люблю посвободней."
22440,5815,clothing,Одежда и обувь,5,positive,2025-10-10,"Очень красивая парка, мне безумно понравился цвет, мех, качество. Но для меня короткова, я конечно изначально предполагала это, прочитав в описании рост модели и посмотрев фото, рискнула заказать, влюбилась в эту парку, а выкупила все же горький шоколад в длинном варианте. Благодорю продавца за поекрасное отношение к покупателям - к каждой парке прилагается подарок в виде платка."
22461,5819,clothing,Одежда и обувь,5,positive,2026-07-21,"Отличное платье, сшито качественно. Пришло очень быстро, упаковано четко. На свой 44 село свободно не в обтяжку. Покупкой очень довольна👍🏻рекомендую 🤗"
22513,5835,clothing,Одежда и обувь,5,positive,2026-06-16,"Платье понравилось. Ткань очень приятная к телу, расцветка летняя и радостная. Размер на мой взгляд 48/50. Мои параметры рост 167 ОГ 100 ОТ 80 ОБ 108."
22526,5839,clothing,Одежда и обувь,5,positive,2026-07-10,"Очень хорошее платье. Приятный тонкий трикотаж, в жару прямо очень хорошо. На мой размер 126-109-126 взяла размер xxxl. В бёдрах свободно, но регулируется поясом. Заказывала два размера. От xxl пришлось отказаться, так как в груди тесновато, а в бёдрах также свободно."
22554,5848,clothing,Одежда и обувь,2,negative,2026-06-06,Вообще не советую *** Рз соответствует Сразу выцвели через неделю и на нем есть большие кресты белые от паховой области до колени
22594,5864,clothing,Одежда и обувь,5,positive,2023-09-14,"Понравились. На икру 45 см застегнулись хорошо, но на рост 160 они до середины колена практически, выбор в пользу другой модели этого производителя"
22598,5864,clothing,Одежда и обувь,5,positive,2023-03-02,"Сапоги отличные. Действительно нат кожа. Мягкая, хорошо, выделанная.Прежде чем заказать, я почитала отзывы девочек.... И называется промахнулась. Широкие в голенище. На мои 43 см, очень широкие даже с джинсами. . Тем у кого широкие голенище , девочки заказывайте. Не пожалеете. Размер тоже большемерит. На мой 40 я в них утонула. А так сапоги очень хорошие."
22632,5871,clothing,Одежда и обувь,5,positive,2026-03-05,Сапоги отличные. И вид и качество товара на высоте. Да еще и цена привлекательная. Но не подошли по размеру. Отказ в пользу другой модели
22677,5882,clothing,Одежда и обувь,5,positive,2026-06-28,"Отличные сапоги! На 38 свой размер, длина стопы 25, без теплого вкладыша большеваты на размер где-то, а с вкладкой размер в размер"
22694,5885,clothing,Одежда и обувь,5,positive,2026-03-17,"Отличные сапоги, мне сложно подобрать нужную модель, в щиколотке нога узенькая, а икра не так мала как хотелось бы! но эта модель села восхитительно! Девочки, берите не пожалеете, особенно у кого икра не худая"
22732,5894,clothing,Одежда и обувь,5,positive,2026-03-12,"Пришли в маленькой, рваной коробке от другого производителя. Сапожки отличные, на ноге сидят хорошо. На мой 38 размер идеально сел 37."
22800,5907,cosmetics,Косметика и уход,5,positive,2026-06-05,"Крем хорошо справился с пигментными пятнами, постепенно отбелил мою кожу. Результат заметила не сразу, стала регулярно им пользоваться и за месяц увидела результат, который очень меня порадовал. Тон лица выровнялся, кожа выглядит ухоженной и чистой"
22826,5910,cosmetics,Косметика и уход,5,positive,2025-10-03,"Беру второй раз. Отличный крем, идёт и в вечернем и в утреннем уходе. Под макияж тоже замечательно! Не жирнит, матово-бархатный финиш. Я очень довольна. Рекомендую!"
22849,5914,cosmetics,Косметика и уход,5,positive,2026-07-23,"С самого начала хочу сказать спасибо продавцу. Товар пришёл отлично упакованный. Подарочная коробка в исключительном состоянии. Она была упакованна в картонную. Покупала себе, так как пользуюсь кремами ""Черный жемчуг"" много лет. Мне подходят серии 56+.Заказала этот вариант. Знаю что понравится. Но отношении к своим покупателям очень порадовало. Только за это уже 5 звёзд. В кремах я уверена. Хороших вам, ребята, продаж!"
22857,5917,cosmetics,Косметика и уход,2,negative,2026-03-23,"здравствуйте, крем пришёл в сильно повреждённой упаковке. коробка была порвана и помята, выглядит так, будто товар уже вскрывали или неправильно хранили. сам крем внутри, но впечатление испорчено, так как покупала не уценённый товар. просьба к продавцу лучше упаковывать заказы. хотела бы спросить, возможен ли возврат и замена?"
22860,5918,cosmetics,Косметика и уход,3,neutral,2023-06-23,"Вскрыла баночку, у неё не оказалось защитной дополнительной крышечки. Запах у крема совершенно отличается от крема, купленного в магазине г.Железноводск. Запах неприятный. Если бы до этого не пользовалась данным кремом, может быть и не обратила не это внимание. Дополнительно купила «крем-баланс дневной уход», у него крышка не месте, и знакомый приятный запах. Больше данный крем приобретать не буду."
22867,5918,cosmetics,Косметика и уход,5,positive,2022-01-03,"Крем очень хороший. консистенция нежная, не липкая, хорошо впитывается и ложится на кожу. Заказываю для мамы второй раз, она в восторге."
22868,5918,cosmetics,Косметика и уход,1,negative,2021-11-21,"Также пришёл с истекающим сроком до января 2022. К комментарию представителя бренда: если крем не превращается в тыкву в январе 2022,так укажите это в описании, и человек сам решит нужен ли ему такой крем или нет, меньше катать их будете по городам."
22877,5920,cosmetics,Косметика и уход,5,positive,2026-07-23,"Товар пришел вовремя, заботливо упакован в пупырку, доставлен в лучшем виде. Крем использовала ранее, решила повторить. Жирный, питательный, можно делать маски. Как раз для уставшей от загара кожи. Благодарю продавца и Wb за доставку! Всего наилучшего!"
22899,5927,cosmetics,Косметика и уход,5,positive,2026-06-09,"У меня пористые вьющиеся волосы и они требуют особого ухода после процедуры выпрямления. Долго подбирала для себя бессульфатный шампунь. Другие шампуни после мытья спутывают волосы. С этим шампунем проблема решена, сохранение структуры и легкое расчесывание"
22900,5927,cosmetics,Косметика и уход,5,positive,2026-06-08,"Шампунь отличный, после применения действительно заметила значительное улучшение, волосы стали гораздо меньше выпадать, и на голове стали появляться нежные новые волоски, однозначно рекомендую👍"
22906,5927,cosmetics,Косметика и уход,5,positive,2026-04-11,"Хороший шампунь, у меня чувствительная кожа головы и редкий шампунь мне подходит. Этот прям идеально подошел + натуральный аромат трав ."
22947,5938,cosmetics,Косметика и уход,3,neutral,2025-09-04,на органу отзыв оставить больше не могу оставлю на этот для окрашенных шампунь великолепный но органовое масло тоже прозовалась и радовалась в этот раз купила и в него добавили толи ментол толи еще что то голова зудит и чешется ужасно запах арганы соверщенно другой не как в прошлый раз я огорчена
22955,5939,cosmetics,Косметика и уход,1,negative,2026-07-20,"Не пениться вообще,смыл за неделю на работе,запах отвратный,брал за 96 рублей,отказ 100, поэтому и забрал.Я не знаю что это такое,брак слили походу,но пользуюсь туалетной водой данного производителя.А это я хз что это"
23007,5953,cosmetics,Косметика и уход,1,negative,2026-07-16,"При использовании данного средства почувствовала жжение и покалывание кожи. А так же стали воспаляться веки от использования данного средства. Теперь лечу глаза у окулиста. Товар не соответствует описанию и нанёс мне вред. Очень чесались глаза,веки после использования данного средства отекали."
23036,5958,cosmetics,Косметика и уход,5,positive,2025-09-23,"Сыворотка классная! Сделана в Европе для европейского рынка, сразу чувствуется качество. Есть рабочая концентрация витамина С + витамин Е для стабильности. Пользовалась летом и сейчас — кожа защищена от пигментных пятен, стала ровнее и свежее. Очень довольна! ✨"
23046,5959,cosmetics,Косметика и уход,5,positive,2026-05-21,"Чудо сыворотка. Спасибо вам огромное. Сухая, чувствительная кожа после улицы не красная. Защита обеспечена. Удачи ВАМ в ваших разработках. Спасибо продавцу."
23049,5960,cosmetics,Косметика и уход,5,positive,2026-07-20,"Третий раз заказываю , нравится текстура , немного маслянистая , хорошо впитывается , не липнет , кожа становиться гладкой и напитанной"
23065,5965,cosmetics,Косметика и уход,5,positive,2026-07-16,"Самый лучший сквалан для меня на лето, заказываю и заказываю его, легкий, быстро впитывается, отлично для массажа лица топчик. Благодарю производителя❤️"
23081,5968,cosmetics,Косметика и уход,4,positive,2026-07-22,Снизила одну звезду из-за кисточки. Она делает эффект паучьих лапок. Мне не нравится. Поменяла кисть с другой туши . Эффект видно на фото. Тушь не мажет!
23102,5972,cosmetics,Косметика и уход,1,negative,2026-07-18,Заказывала не в первый раз именно эти туши всегда было всё отлично и упаковка и тушь в этот раз пришла коробка открыта ранее этого не было пол беды но и тушь и одна и другая открыты деньги хоть и копейки но зачем мне уже начатые туши
23202,5998,cosmetics,Косметика и уход,5,positive,2026-03-17,"Батч код прошел проверку, на флаконе и коробке одинаковый, в честном знаке бьется. Для проверки оригинальности я сделала все, что могла, вроде оригинал) Восхитительный аромат, не совсем то, что я ожидала, но оказался даже лучше, интереснее. Я ждала яркого кисло-сладкого апельсина, а оказалось что-то вроде пудрового нежного апельсинового цвета с ретро отсылом. Если нанести на запястье прицельно, то пахнет апельсином, потом он уходит. Мое мнение субъективно. Пока я снимала туалетную воду на отзыв пришел парфюмер"
23286,6019,cosmetics,Косметика и уход,5,positive,2026-03-08,"Шикарные духи. Запах обалденный, стойкость хорошая, упаковано прекрасно, в красивом бархатном мешочке, прям шикардос. Подойдут для подарка. Продавца рекомендую. Заказала несколько ароматов, все понравились."
23298,6022,cosmetics,Косметика и уход,5,positive,2026-07-13,За такую цену духи просто вау😯 Пахнут хорошо👍 Расход тоже небольшой На одежде держатся тоже хорошо Была в шоке когда на 2 день одела джинсовку а от неё пахнет шоколадом 🍫 Прелесть Теперь хочу собрать всю коллекцию👌
23351,6032,cosmetics,Косметика и уход,5,positive,2025-10-25,"Удобный формат маски - тюбик, это идеально. Очень приятная в использовании, приятно пахнет. Волосы выглядят ухоженными, мягкими! У меня пористый волос, прекрасно мне подошла маска."
23357,6034,cosmetics,Косметика и уход,5,positive,2025-10-20,Рекомендую ) буду брать в подарок. Эффект классный. Густой значит хватит на долго. Его очень много и пахнет невероятно красиво ))) а я к запахам капризна )
23397,6045,cosmetics,Косметика и уход,5,positive,2026-04-08,"Пришло быстро , хорошо упаковано. Увлажняет, питает. Состав хороший . волос блестит после применения . Запах почти отсутствует , это хорошо меньше алергенов . Советую ."
23463,6059,home,Товары для дома,1,negative,2026-06-17,"Пока новое было, электризовалось очень и липло ко всему. После стирки (при 20⁰) потеряло форму и стало меньше в полтора раза. На ощупь стало совсем не приятным."
23522,6074,home,Товары для дома,4,positive,2026-06-26,"Качество отличное, размер отличный. Немного цвет не тот , что я хотела. На фото немного не такой. Рекомендую. Спасибо продавцу."
23528,6075,home,Товары для дома,1,negative,2026-05-04,"Нитки торчат в разные стороны, молния прошита как попало, ещё до стиральной машины не дошёл уже стали расходиться швы на пододеяльнике"
23584,6091,home,Товары для дома,4,positive,2026-07-10,"Кастрюли такие и надо было. Но из-за того что между кастрюлями ничего не лежит, одна кастрюля барахтается внутри другой и соответственно сколы. А всего лишь надо было пупырку положить и не было бы возвратов"
23589,6091,home,Товары для дома,3,neutral,2026-04-14,"Брала на подарок. Подарок не удался. Упаковочная коробка вся порвана,помята. Оставила ее в пункте выдачи. Пакет огромного размера,коробка в нем болталась туда- сюда.На средней кастрюльке сколы. Забрала,оставила себе,так как для себя точно не выпишу- жаба задушит. А так не было бы счастья,несчастье помогло. Размер и рисунок Отношение к покупателю)))"
23597,6093,home,Товары для дома,5,positive,2026-06-12,"Набор эмалированных кастрюль пришёл хорошо упакован, большое спасибо продавцу, качества кастрюль отличное, большое спасибо за выполненый заказ, рекомендую к покупке"
23607,6096,home,Товары для дома,5,positive,2025-12-22,"До этого были от этой фирмы кастрюли, но покупала не на вб, показали себя хорошо На вид хорошие, не пользовалась еще"
23627,6099,home,Товары для дома,5,positive,2026-01-19,"Понравилась ручка, да вообще набор. Предметов немного, но мне лично больше и не надо) Покупкой набора довольна. При приготовлении пищи не пригорает. В меру увесистая. Буду надеяться, что прослужит долго. После посудомойки не заржавела не заметила"
23650,6105,home,Товары для дома,4,positive,2026-07-24,"Мне не очень понравились, есть лучше. Фексируется только сверху, лучше когда есть и в низу. Сразу не обратила внимание это мой косяк. Возращать не стала"
23713,6131,home,Товары для дома,5,positive,2026-06-29,"Отличная лампа.Купил для жены.Сенсорная кнопка включения,4 режима света.Светит ярко.Лампа поворачивается легко в разные стороны.Работает от розетки.Покупкой довольны.Пока в использовании пару дней."
23726,6133,home,Товары для дома,5,positive,2022-09-28,"Лампа очень понравилась! Пришла за 2 дня. Упаковано идеально. Сама лампа очень стильная. Материал металл + пластик. Все вращается, как вертикальная ""ножка"", так и сама лампа. Зарядка телефона работает даже при негорящем свете. Но! Самый главный плюс - это яркость. Заявленные 14в точно есть. Очень яркая в максимальном режиме. Расстроило только то, что через день после заказа подешевела на 20 бел.рублей)) Но так понравилась, что забрала все равно, без перезаказа)) Последние 2 фото в полной темноте при max и min режиме света рядом с печатным текстом."
23772,6146,home,Товары для дома,5,positive,2023-06-14,"Искала именно не скользящий коврик, так как плитка в санузле очень скользкая. Полностью оправдал мои ожидания. Приятно на нем стоять, ворс не оставляет."
23796,6155,home,Товары для дома,5,positive,2026-07-07,"Отличный коврик, не скользкий с эффектом массажа. До этого покупала с пупырышками, пришлось выбросить так как был жутко скользким. Этот просто супер, можешь на нём хоть плясать) Всё ок! _____"
23878,6183,home,Товары для дома,5,positive,2026-06-28,"Удобный контейнер , чтобы носить его на работу , много отделений чтобы положить много вкусностей , вилка и ложка хорошие, качественные"
23890,6187,home,Товары для дома,2,negative,2026-06-23,Качество стекла. Испекла в духовке один раз и после приготовления помыла в посудомойке. Вот что я обнаружила после мойки. Стекло оказалось не таким уж жаропрочным
23913,6194,kids,Детские товары,3,neutral,2026-07-24,"Дочка бросила на пол с кроватки и молоточек треснул на ручке. Я изначально не заметила, но супгур вовремя вырвал из рук, когда она начала его разламывать. Яркий, звонкий, лёгкий. Хлипкий пластик"
23915,6194,kids,Детские товары,5,positive,2026-06-03,"Второй наш молоточек 🩷 нам нравится , первый дома оставили , он уже почти отслужил свое ))) а это купили чтоб у бабушки был"
23924,6199,kids,Детские товары,5,positive,2026-07-10,"Пазлы хорошие, большие, ребенку 1,9 очень понравились, как проснулся сразу к пазлам собирать. Ещё очень удобно, что в железной коробке"
23938,6203,kids,Детские товары,5,positive,2026-07-22,"Мне как и многим не повезло. Думаю, что во всем виновата упаковка- обычный пакет от производителя. Звезду не снижаю, пирамидку забрала. Все остальные детали хорошие. Удобно, что есть одинаковые цвета у больших и маленьких формочек- можно учить еще размер. Цвета рандомные- не в том же порядке что на картинке. Пирамидка массивная, тяжеленькая"
23948,6205,kids,Детские товары,1,negative,2026-07-02,"Не понимаю всех отзывов восторженных . Игрущка из очень слабых материалов, пены хватает ровно на 30 мин . Слабая ручка, хлипкая Прикольная пена Очень хрупкий пластик , не устойчивая ручка"
23970,6217,kids,Детские товары,5,positive,2026-06-16,"ребенку понравилась, пришел синий грузовичек и синяя маленькая полицейская машинка очень красиво что одного цвета хорошая машинка, если скатывать с горки едет прям по тихоньку и это очень круто"
23977,6221,kids,Детские товары,5,positive,2026-07-16,"Спасибо продавцу за качественный товар, а wb за быструю доставку Упакована игрушка хорошо. Яркая хорошая развивашка для малышей. Ребенку нравиться играть."
23996,6227,kids,Детские товары,5,positive,2026-02-18,"Жду от производителя чего-нибудь нового в таком же качественном исполнении Замечательное пособие. Качественно обработано дерево, хорошо покрашено. Приятные бонусы: мешочек, наклейки, раскраска."
24012,6231,kids,Детские товары,1,negative,2026-04-20,"Очень огорчила эта покупка яйца, ожидание игрушек а по итогу слайм какой то, наверное даже больше на жевачку похоже Они вылупились и растеклись"
24029,6236,kids,Детские товары,4,positive,2026-06-29,"Неваляшка вроде бы как всегда Не наклоняется несколько раз в разные стороны, когда-то я старшему сыну покупала, оригинал тоже, и наклонилась по несколько раз вообще без проблем... В здесь она трфн в одну сторону, трын в другую и встала... Даже мне стало скучно .."
24139,6275,kids,Детские товары,3,neutral,2026-04-20,"Мы, конечно, носим, но 2 раз бы не купила 😄 Расцветка качественная, приятная глазу. Внизу три пуговицы для крепости. Ткань приятная на ощупь. В пвз не заметила дырочку в подмышке прям по шву во всех боди. Зашила, но она опять расползлась. Очень быстро появились катышки, буквально на 2 стирку."
24152,6277,kids,Детские товары,4,positive,2026-03-09,"Обнаружилось после стирки и первом одевании. Брак ткани. В рукавах (см.фото) что-то протное вшито, толи там край ткани закрутился, толи на нём нашито в несколько слоёв и не обрезали лишнее. Так на всех трёх боди Брак"
24155,6278,kids,Детские товары,3,neutral,2026-04-17,"Дочь 66 см ростом, почитала отзывы и решила заказать размер 80, так как кто-то пишет, что маломерит, а у кого-то все отлично, но все равно получилось, что курточка впритык, совсем скоро уже будет тесная, а если поддеть что-нибудь типа утепленной кофты, то вообще будет очень плотненько сидеть. Очень странно сделано Курточка симпатичная, легкая, стильная В некоторых местах торчат никти, очень маломерит"
24162,6281,kids,Детские товары,1,negative,2025-09-14,"Отвратительное качество, прям обидно! После одного дня носки штаны растянулись в полтора раза (как в длину, так и в ширину). Смотрится ужасно, да и ребенку совсем неудобно… не рекомендую к покупке!!! Цвет"
24164,6281,kids,Детские товары,3,neutral,2025-04-24,"Для дома как самые затрапезный вариант - подойдут, но за такие деньги… На рост 78 взяла размер 81-86, есть запас, подворачиваю 2 раза. Ткань 100% хлопок 1300 руб. за таки штаны - это, конечно, смешно! Качество очень слабое. Разные немного по длине штаны, цвет серый и голубой - тускло-застиранный, штаны расстягиваются, быстро приходят в непригодный вид и снашиваются. К тому же все время задираются, так как внизу нет резинки, просто широкие штанины… еще раз точно не возьму."
24237,6308,kids,Детские товары,3,neutral,2026-03-09,"устали собирать конечно, но она того стоит деталей с запасом. вместо подсветки как на картинке, разноцветная гирлядна с парой диодов"
24259,6312,kids,Детские товары,5,positive,2026-04-14,"В целом, всё отлично. Но, если бы это был первый опыт данного конструктора - второй я бы не взяла тк не хватило деталей в наборе и не ясен смысл подсветки. Легко собирается. Понятная инструкция + возможность открыть её онлайн. Красивый результат. К сожалению, даже с такой прекрасной упаковкой служба доставки смогла довезти коробку побитой. К продавцу претензий нет, но обидно. Много деталей с браком (фото желтых для примера) или уже скрепленных между собой, которые так и не удалось разделить. Но были запасные поэтому на сборку не повлияло. А вот тройных белых не хватило две штуки + ещё одна была поломана. Запасных не было. Конструктор с подсветкой, но инструкции для её установки нет. Дело не в намотке, а в том, что у Пенни не предусмотрен выход для включения лампочки. То есть, закинуть внутрь лампочки не проблема, но «дырку» для кнопки нужно придумать и разломать самому."
24265,6314,kids,Детские товары,5,positive,2026-05-26,"Купили, пока только разбираемся с инструкцией. Позже напишем. А так , товар пришел во время и в целостном виде. Спасибо валберис за быструю доставку и доступную цену!"
24280,6316,kids,Детские товары,3,neutral,2026-03-09,"Размер, итоговый результат Некоторые детали не запихнуть друг в друга без помощи плоскогубцев… еле встыкаются. А про то, чтобы их вынуть обратно - вообще молчу. Качество пластика оставляет желать лучшего. Пакеты не подписаны. Приходится тратить время на то, чтобы найти нужную деталь… Некоторых деталей действительно нет. Пришлось раздербанить подставку для мотоцикла, чтобы оттуда взять недостающее. В общем, из 5 оценка 3. Лего оставляет желать лучшего."
24345,6330,kids,Детские товары,5,positive,2026-02-10,"Ребенку понравился рюкзак, одела и не хотела снимать Очень классный рюкзачок! Качество на высоте. Идеальный размер для ребенка 2х лет. Нет"
24362,6334,kids,Детские товары,5,positive,2026-03-18,"Вчера получили рюкзак, сходили на гимнастику с ним а сегодня оторвалась лямка. Не рекомендую данный рюкзак к покупке!!! Ничего ребенок расстроен Все не так"
24421,6351,kids,Детские товары,5,positive,2025-04-06,"Классный рюкзак. Мягкий, удобный, вместительный. Для походов в садик отличное решение. Ребенку очень понравился 🤍 однозначный рекомендую 👍🏻 Качество, цвет, материал, цена. -"
24427,6354,kids,Детские товары,2,negative,2026-07-15,"Отказ в пвз. Хорошо, что проверили. Рюкзак пришёл без лямок. Видимо при пошиве на производстве не заметили, и пустили дальше."
24497,6374,kids,Детские товары,5,positive,2026-03-21,"Заказывала детям в детский садик на подарки, а оригинал крупные пазлы, единственное, у некоторых помята коробка была, но сами пазлы целые"
24509,6379,kids,Детские товары,5,positive,2026-06-14,"Красивая картинка, яркая, брать боялась, видела в отзывах что не хватает пазлинок, но картинка на столько понравилась что я решилась все таки и не пожалела, все на месте) Качество вырезки хромает, но не критично"
24550,6386,kids,Детские товары,1,negative,2025-03-21,"На первый взгляд все супер, но когда стали собирать не хватает деталей , и между деталями большие прощелины все распадываеться"
24565,6388,kids,Детские товары,5,positive,2025-10-29,"Вторые пазлы этой фирмы и буду заказывать ещё! Эти сын 4 лет собрал минут за 15, теперь попробуем на 70 деталей) отдельное спасибо за плотную упаковку! Пазлы можно хоть сто раз доставать и складывать, коробка не порвется и не помнется. Намного удобнее, чем обычные с крышками! Классные, очень яркие, рисунок чёткий"
24667,6420,kids,Детские товары,5,positive,2026-06-17,"Игрушка прикольная. Купила в подарок 3 штуки и себе тоже взяла😁. Друзьям понравилась. Рекомендую к покупке. Спасибо продавцу за быструю доставку. Качество, внешний вид. Нету."
24669,6421,kids,Детские товары,3,neutral,2025-12-24,"На фото игрушка кажется больше, в реальности маленькая. Не плохая, но цена завышена для такой маленькой игрушки. Качество хорошее. Она очень маленькая."
24697,6428,kids,Детские товары,5,positive,2026-01-02,"Должен сказать, что куклы просто очаровательные, они замечательные. Я их обожаю. Хочу отметить, что курьер – очень приятный человек, и это стоит учитывать."
24771,6442,sport,Спорт и отдых,5,positive,2025-10-14,"Размер имеет значение !!!)) Хороший большого размера коврик. Толстый , первый коврик на котором не больно выполнять упражнения, стоя на коленях. Резинка-фиксатор в комплекте . Пришел в курьер пакете . Своих денег однозначно стоит !"
24807,6450,sport,Спорт и отдых,5,positive,2026-05-16,"Начала пользоваться с самого малого веса - удобно. А еще хорошо, что есть ровная поверхность - не катятся по полу."
24833,6458,sport,Спорт и отдых,1,negative,2025-05-29,"В пункте выдачи сотрудник видел, что коробка открыта и не хватает деталей сказала водители тоже возмущались не хотели брать товар в таком виде в распределительном центре, почему сотрудники его отправили на пункт выдачи непонятно явно, что недокомплект никто брать не будет. В итоге ребенок расстроен. Хочет именно этот велосипед. Придется заказывать снова вдруг повезет Товар пришел вовремя Коробка открытая пришла. Не было сиденья, педалей"
24849,6460,sport,Спорт и отдых,5,positive,2026-07-06,"Велосипед отличный! Мощный, сбитый. Собран на 90%, остаётся установить руль, переднее колесо и седло. Собрала сама за полчаса. Брала себе. Рост 164. Подошёл отлично. Гоняю по лесу. Инструкция на русском языке. Упакован очень хорошо, доставка быстрая. Рекомендую!!! Качество! Быстрая сборка! Просто офигенный велосипед! Спасибо!!! Все очень так!"
24892,6467,sport,Спорт и отдых,3,neutral,2026-07-17,"Начнем с минусов , быстросьема переднего колеса нету , пром подшипников нету , обычные накатные , бутылки у вас в подарок с держателем не будет , фары передней тоже , максималка 32 на курке , 24 с ассистентом,крылья в комплекте шляпа болтаются на каждой кочке бьются об колесо Документов на велосипед нету , продавец в чате не отвечает на заданные вопросы Плюсы то что сразу весь промазан причём добротно , сам по себе достаточно легкий , спицы протянуты , едет хорошо , выглядит отлично"
24945,6477,sport,Спорт и отдых,5,positive,2025-08-16,"Сшит хорошо, швы ровные. Трикотаж тонкий, но для занятий спортом то что нужно! Не жарко и не синтетика. Единственное что мне показалось, маломерит. Дочь носит вещи 128, а это 134 впритык."
24962,6485,sport,Спорт и отдых,4,positive,2026-07-25,"Заказала два термоса,на пункте проверила только одну,с котором всё хорошо!Другая с дефектом,греется не держит тепло,пахнет пластиком,внешне тоже с дефектом(кипяток наливала одновременно с одного чайника."
25071,6504,sport,Спорт и отдых,5,positive,2026-05-10,"Это однозначно любовь. Очень приятный в руках, удобно открывается, если за рулем. Хотя его хватает примерно на пять часов, после этого он условно теплый. Но при этом и наливаю я сразу разбавленный, что бы можно было пить. В общем классная вещь."
25076,6506,sport,Спорт и отдых,3,neutral,2026-03-05,"Как жаль , что я поверила отзывам и взяла эту термокружку. у кого тут температуру держит хорошо?! Вообще не держит . Набрали 0,4 воды темп ~70 через час уже до 38 упала. Да и не совсем удобно наклонять , чтоб попить ,Голову задирать приходится ."
25115,6517,sport,Спорт и отдых,5,positive,2026-07-22,"Очень классный набор резинок, вообще стоят своих денег. Очень порадовал в комплекте эспандер 35/45 кг, да и в целом респект. Брат когда увидел набор сначала был удивлён и на эмоциях спрочил что за садо-мазо набор😄. А так респект, рекомендую."
25154,6528,sport,Спорт и отдых,5,positive,2022-08-16,"Очень качественные,плотные и красивые резинки.Но проверив, поняла что для меня пока рановато такое усиление,на руки упражнение делать не смогу) Возьму попозже."
25207,6540,sport,Спорт и отдых,1,negative,2026-07-17,"После нескольких часов ""танцев с бубнами"" на тему ""как разлепить резинки"" , помог в результате мыльный раствор и вода. Хочу заметить, что чёрная, которая должна быть самой толстой, порвалась в процессе. Остальные совсем тонкие, вптваются в кожу при натяжении и сворачивается в жгут. Нагрузка не соответствует заявленной. Толщина как у воздушного шарика, примерно. Такое же и качество. Настоятельно не рекомендую"
25211,6540,sport,Спорт и отдых,4,positive,2026-07-12,"Пришли, спасибо. Стали разлеплять, т.к. резинки имеют свойство склеиваться и одна желтого цвета порвалась, хотя ребенок потянул чуть-чуть. А так понравились ребенку. Сразу стал пробовать заниматься оставшимися."
25266,6560,sport,Спорт и отдых,4,positive,2024-07-21,"Резинка вроде медиум, но ощущается, как лайт. Точно такие же резинки в фитнес клубе, но там они жёстче. Почему так? Знала бы, взяла самую жёсткую."
25296,6564,sport,Спорт и отдых,5,positive,2025-06-10,"Качественный товар, хорошая упаковка, быстрая доставка. Очень понравились, плотные, приятные ленты. Красивый цвет, разная эластичность для упражнений на разные группы мышц. Нет"
25323,6572,sport,Спорт и отдых,3,neutral,2026-07-18,"Резинка красивая в мешочке, скручена в колесо, поэтому имеется не очень внушающий доверия сгиб, который может вызывать сомнения о том, что эспандер не порвется при эксплуатации 🙌🏼. Эспандер бледно-розовый, пастельного оттенка, не такого яркого, как на фото."
25358,6582,sport,Спорт и отдых,1,negative,2026-03-31,"К продавцу притензий нет. Все вовремя, все аккуратно. Красивые Это для кого вообще?! Нет смысла в них вообще! Какие то тряпочки. Нет сопротивления вообще!!!не рекомендую! Берите обычную резину"
25359,6582,sport,Спорт и отдых,5,positive,2025-11-25,"Неплохие резинки, за такую цену вообще удивительно, плотные, внутри прошивка резиновая, скользить не будут, весьма прочные Присутствует неприятный запах резины, но это не критично, со временем выветрится"
25372,6586,food,Продукты питания,5,positive,2026-03-13,"Для кого аромат -это в выборе значит много- тогда смело берите этот кофе Перу Кахамарка! Рекомендую! Кофе достойный! я брала такой сорт у другого продавца,сравнила оба кофе- все сошлось,значит кофе хороший! Ароматный,без горечи. нет"
25375,6586,food,Продукты питания,5,positive,2024-02-03,"Перу понравился больше Бразилии. Хотя и Бразилия вкусный. Но Перу настолько явно шоколадный, что даже искала какао в составе. Прекрасный яркий вкус. Очень жаль, что с момента покупки сильно подорожал. Но поскольку всё равно дешевле любого магазинного кофе, буду покупать у Вас."
25392,6590,food,Продукты питания,3,neutral,2026-07-09,"Подделка или испорченный товар. Вкус , запах, помол не соответствует данному кофе. Помпа рожковой кофеварки не может продавить данную пыль. Такой мелкий помол можно использовать для заварки в чашке или турке, но вкус всё равно будет отвратительный"
25402,6592,food,Продукты питания,1,negative,2026-05-19,"Заказывала две пачки, одну открыла заварила какой-то привкус у кофе не хороший да и прицепе запах не такой насыщенный как обычно, я очень расстроенная от такого кофе"
25419,6600,food,Продукты питания,5,positive,2025-11-25,"Отлично упаковано,аж в пупырку!) Взяла на пробу ,именно такого плана. Эгоист нравится кофе,но именно такого вкуса не пробовала ещё. Будем пробовать. Люблю эту марку кофе. Все так."
25438,6611,food,Продукты питания,5,positive,2026-04-20,"Надеюсь что в большой банке вкус такой же 😊, т.к. маленькая уже кончилась - на работе всем разрекламировала, все в восторге!"
25448,6617,food,Продукты питания,5,positive,2026-05-19,"Уже не первый чай этой фирмы.Всегда все свежее, вкусное, нет химического аромата или привкуса. Отличный чай, насыщеный вкус и аромат"
25499,6635,food,Продукты питания,3,neutral,2024-11-26,"Получила 26.11.2024г чай Альпийский, арт.21250986 с истекшем сроком годности. Годен до 30.10.2024г. Очень жаль, т.к.брала на подарок. Раньше покупала чаи этой марки, всё было безупречно. Имеет ли смысл перезаказать? Будет свежий чай?"
25521,6644,food,Продукты питания,5,positive,2026-04-13,"Хороший набор Коробочка порвана, обычно приходило всё хорошо, в этот раз не повезло, надеюсь в следующий раз придёт в хорошем состоянии, так как беру на призенты."
25544,6650,food,Продукты питания,3,neutral,2026-07-08,"Товар пришел вовремя, все целое, но чай не очень качественный, очень много мелкого ‘’мусора ‘’до это брала в пакете у другого продавца такого не было. Больше брать не буду. Пришел быстро"
25553,6654,food,Продукты питания,5,positive,2026-02-09,"Хорошая, ароматная мята. Листья крупные, не пыль. Запах невероятный. Можно использовать для самостоятельного заваривания или добавлять в черный чай. Я заваривала отдельно - вкусный, травяной, мятный чай. Не горчит."
25573,6662,food,Продукты питания,5,positive,2024-12-22,"Вскусненько Всё целое, красивое и свежее, успели немного попробовать на вкус. Брали на подарок, заказала ещё один побольше чтобы орехов было побольше, а так всё супер 🩷 Немного долгая доставка"
25634,6680,food,Продукты питания,1,negative,2025-12-17,"Продавец на мои сообщения не отвечает, поэтому пишу сюда в отзывы. Цена Давно покупаю данный товар, но в последних двух пачках была ореховая моль, прямо с насекомым."
25643,6683,food,Продукты питания,5,positive,2026-01-10,"Брала на подарок родителям, все попробовали, все вкусное, свежее, странный вкус был только у киви, но это уже личные предпочтения наверно) а так, на подарок замечательно)"
25647,6683,food,Продукты питания,5,positive,2025-12-22,Упаковано отлично. Покупаю второй раз. Первый был очень вкусный. Надеюсь и в этот раз будет без сюрпризов так как брала на подарок.
25679,6695,food,Продукты питания,5,positive,2026-03-03,"Набор хороший, очень хорошо, что коробка запаяна пленкой и залезть никто не может. Орешки и сладости с виду хорошие. Бантик и пакет пришлись как к стати. Конфетка вкусная слоеный мармелад со вкусом кваса."
25711,6704,food,Продукты питания,5,positive,2025-12-26,"Выбрала этот набор в подарок 🎁 Большое разнообразие орешков и подарочная упаковка. У данного продавца покупаю не в первый раз, поэтому за качество уверена. Советую!"
25715,6704,food,Продукты питания,5,positive,2025-09-22,"Очень вкусный набор, а сочетание с клюквой это вообще что-то с чем-то)) каждый орех приятно закусывать кисло-сладкой клюквой, даёт свой неповторимый вкус. Брала на пробу, теперь обязательно закажу на подарки! Спасибо продавцу👍"
25739,6712,food,Продукты питания,2,negative,2025-12-14,"Доставка без задержки Внешний вид неопрятный, один бант на упаковке смотрится одиноко. Пакеты с орешками при наклоне коробки скатываются вниз, как будто не доложили в упаковку. Для подарка не подходит, к сожалелению"
25762,6718,food,Продукты питания,5,positive,2026-06-03,"Рекомендую Очень вкусная смесь. Чистые, крупные орехи и просто очень вкусный изюм. Обычно на покупаю смеси с изюмом, а здесь решила попробовать и в восторге! Рекомендую"
25848,6740,food,Продукты питания,5,positive,2026-07-23,Рекомендую всем данный протеин 👍 Отличный протеин 💪. Качество соответствует заявленному ! Производитель добросовестный. К тому же очень вкусный с молочком 👍
25882,6745,food,Продукты питания,5,positive,2026-07-22,"Снова приобрела ваш продукт, брала из вкусов: банан, ваниль, орио, теперь снова решила вернуться к бананчику. Хорошо помогает добрать белок💪"
25957,6759,food,Продукты питания,5,positive,2026-07-09,"Качество хорошее и бжу , но не всем подойдет ибо говяжий протик плохо растворяется , а так по вкусу вкусно"
26008,6770,food,Продукты питания,5,positive,2026-07-20,"Использую после тренировок и просто как способ добрать белок в течение дня. Лучше всего размешивается в шейкере или блендере, особенно с бананом/растительным молоком. По соотношению состав/объем/цена меня устраивает."
26041,6773,food,Продукты питания,1,negative,2024-11-23,"впечатление злобного умышленного повреждения, случайно так не повредишь... к продукту - протеин - нет претензий, заказываем не впервые, довольны и рекомендовали...однако такой доставки пищевого средства мы еще не наблюдали...пакет-коробочка из довольно плотного картона повреждена, обраовалась дыра, через которую протеин сыпался по всему пути доставки очевидно...когда открыли коробочку, все увидели, что внутри поврежденная упаковка с рассыпавшимся протеином...из-за сквозной дыры такую добавку можно только к собачьему корму... упаковка повреждена, товар доставлен просыпающимся наружу."
26066,6781,food,Продукты питания,1,negative,2025-11-14,"В прошлый раз брала, все отлично было, в этот раз какая то ерунда, по консистенции какой-то слишком рассыпчатый, не растворяется, образуются комки в шейкере. И почему то не 2 ложки как раньше на 200 мл, а 3 ложки уже на 300 мл... Но по консистенции все равно получается жидкий как вода.И на вкус слишком приторный 🤢 пить не возможно"
26069,6782,food,Продукты питания,4,positive,2026-06-15,"На упаковке написано, что порция - это 2 мерные ложки = 50г. Но нет, 1 мерная ложка - это 50г. Взяла половину порции, на нее обогащенное белком молоко 300мл, вышло очень сладко, т.е. надо брать молока 400мл на половину порции точно Вполне неплохой вкус Очень сладко, надо брать раза в 3 больше молока"
26083,6785,food,Продукты питания,5,positive,2026-05-29,"Уже несколько месяцев пью, пробовал разные и казеин и многокомпонентный, не заметил разницы, растворяется хорошо, мне идет, усваивается нормально, мышечная масса растет, рекомендую попробовать."
26094,6787,food,Продукты питания,1,negative,2023-09-06,Товар пришел в ужасном состоянии. Упаковка отсутствует совсем. Разбитую банку заклеить скотчем это вообще уже позор. Не рекомендую заказывать у данного продавца.
26101,6787,food,Продукты питания,3,neutral,2022-04-29,"Ну из того, что я пробовала, этот самый невкусный. Пишут, что гороховый привкус, для меня дело не в этом, вообще не смущает, растительные все такие, а дело в неприятной сладости подсластителя. Приторный, пью быстро, чтобы быстрее отмучиться) радует большое содержание белка на порцию и цена. Банку допью и больше не куплю , буду дальше искать."
26126,6791,food,Продукты питания,5,positive,2026-07-18,"Отличный казеиновый протеин со вкусом ванили , заменила им ужин и за неделю минус 1кг , а если учесть что в месяце 4 недели :) , эффектом очень очень довольна , буду брать и другие вкусы ."
26128,6791,food,Продукты питания,3,neutral,2026-07-10,"приторный, на вкус как растаявшее мороженное с чьей то слюной, ОЧЕНЬ тяжело в желудке после него да и голодный через час."
26129,6791,food,Продукты питания,3,neutral,2026-07-02,"Мне не понравился вкус, клубничный более насыщенный и приятный. Во всех этих банках неудобно, что не найти мерную ложечку, она, скорее всего, на дне банки Вкус"
26147,6795,food,Продукты питания,5,positive,2024-11-23,Божественный протеин 🤤 С молоком так вообще отличный коктейль с пенкой получается. Закажу в другом вкусе обязательно) спасибо ❤️ Отличный фисташковый вкус. Быстро и хорошо размешивается. Всё так!
26202,6803,food,Продукты питания,5,positive,2026-07-19,"Пришло хорошо упаковано с ложкой , на вкус сладкий со ванилью. Разбавляю с молоком и водой так вкуснее и порошок полностью растворяется а в воде. Все комочки о эффективности говорить рано надо долго пропить"
26209,6806,food,Продукты питания,1,negative,2026-04-08,"НЕТУ БЕЛКА ! Насыпал 30 грам, залил кипятком и получил просто воду цвета протеина! Ни одного свернувшегося комочка! К сравнению сделал то же самое с первым русским протеином - комочки были и не мало. Брал со вкусом шоколада, даже смешивая с молоком вкус очень плохой. НЕТУ БЕЛКА ! Плохой вкус"
26223,6807,food,Продукты питания,5,positive,2026-04-24,"Я бы ещё докопался до полупустой банки. Ведь можно же просто тару меньше делать. И всем было бы удобнее. Вкусный В описани приготовления, на банке, ошибка. В указанном способе приготовления написано две мерные ложки по 15г, а по факту прилагается мерная ложка на 7,5г. В итоге нужно 4 мерные ложки для одной порции. Но на вкус и общий вес это не влияет. Так что, просто, замечание."
26254,6814,food,Продукты питания,5,positive,2026-07-12,"Разводил по итогу 1 ложку на 200-250мл воды, и так получилось раскрыть идеал данного вкуса😃 Вкус приятный, будто мороженое Разводя 2 ложки на 300-400 мл воды кажется что вкус слегка меняется в непонятную сторону."
26268,6818,food,Продукты питания,5,positive,2026-03-12,"В пост с белком сложно , спасаюсь этим протеином , результат есть и это радует. Упаковка запаяна , все ок Вкус нормальный , дискомфорта нет , хорошо набирать мышцы на нем"
26321,6829,food,Продукты питания,5,positive,2026-03-09,"Быстрая доставка , пришол товар ну просто в идеальном состоянии ни пылинки не царапинки содержимое свежее хрустит и аппетитно пахнет! Благодарю продавца🤝🤗и доставку🤝🤟"
26331,6831,food,Продукты питания,3,neutral,2026-06-13,"Может добавка к пище и не плохая с точки зрения полезных веществ, но это точно не для похудения. Эффекта 0 и не дает чувства сытости до обеда, как заявлено, вообще не дает сытости, да и в качестве ужина тоже. 1 яйцо, а это меньше калорий лучше насыщает, чем эта смесь. По вкусовым качествам терпимо, напоминает отруби. Еще очень от него пучит, но не слабит."
26344,6834,food,Продукты питания,5,positive,2026-06-15,"Протеин отличный. Как нутрициолог, ценю за чистый состав, полноценный профиль аминокислот, большое количество клетчатки на порцию. Получается густой сытный коктейль. Идеально для перекуса и тем, кто снижает вес. По вкусу достойно, хоть с молоком, хоть без. Вкус, состав"
26370,6839,food,Продукты питания,5,positive,2025-11-09,"Зиппакет застежка плохо держит Делаю с растительным молоком, бананом и яблоком, очень вкусно, как молочный коктейль 😋. Также добавляю в вафли и выпечку👍"
26385,6844,food,Продукты питания,3,neutral,2026-06-10,"Очень плохо упакован, упаковка грязная, как будто на ней ели🤮весь шоколад внутри поломан, но упаковка внутри не вскрыта, упаковка от шоколада открыта🤬"
26417,6854,food,Продукты питания,5,positive,2026-07-23,"Очень вкусный шоколад, а запах, а вкус ммм. Для меня очень важный момент, сахар в крови поднимается не критично и спускается быстро"
26432,6861,food,Продукты питания,5,positive,2026-03-29,"BUCHERON: Горький шоколад с фундуком — Искусство швейцарской роскоши в каждом кусочке! Если вы думаете, что пробовали настоящий шоколад, но еще не открывали BUCHERON с фундуком, приготовьтесь к полному перевороту вашего гастрономического сознания! Это не просто десерт — это манифест изысканности и безупречного вкуса. Почему это любовь с первого взгляда (и первого укуса)? 1. Эстетика высшего уровня. Первое, что поражает — это упаковка. Металлический кейс BUCHERON выглядит так стильно и дорого, что его хочется коллекционировать. Это идеальный подарок, который говорит о вашем исключительном вкусе без лишних слов. 2. Настоящий горький шоколад (72% какао). Здесь нет компромиссов. Шоколад обладает глубоким, бархатистым вкусом с легкой, благородной горчинкой. Он тает на языке медленно, раскрывая сложные нотки элитных какао-бобов из Мексики. Никакой приторности — только чистый восторг! 3. Фундучное безумие. Производитель не поскупился! Отборный, идеально обжаренный фундук щедро распределен по всей плитке. Сочетание твердого, хрустящего ореха и нежного темного шоколада создает ту самую магическую текстуру, от которой невозможно оторваться. Моменты чистого наслаждения Представьте: вечер, чашечка крепкого эспрессо или бокал выдержанного красного вина, и ломтик BUCHERON. Это мгновенная перезагрузка, переносящая вас прямиком в уютную швейцарскую кофейню. Что делает BUCHERON особенным: Ингредиенты премиум-класса: Только натуральные компоненты, никакой химии. Текстура: Идеальный «хруст» при разламывании — признак высочайшего качества закалки шоколада. Послевкусие: Долгое, орехово-шоколадное, оставляющее ощущение истинного удовлетворения. Вердикт: Шедевр, доступный каждому BUCHERON с фундуком (100 г) — это золотой стандарт в мире горького шоколада. Это тот случай, когда реальность превосходит самые смелые ожидания. «Это не просто еда, это эндорфины в чистом виде. Если жизнь состоит из маленьких радостей, то BUCHERON — самая яркая из них!» Осторожно: вызывает мгновенное привыкание к хорошей жизни! Приятное сочетание цены и качества, тем более швейцарского"
26537,6893,food,Продукты питания,5,positive,2026-03-09,"Заказываем уже второй раз! Приходят раньше срока на день, что очень приятно) Хорошо упакован, кладут всегда небольшой, но очень вкусный подарочек) спасибо"
26560,6903,food,Продукты питания,5,positive,2026-06-25,"Очень вкусный шоколад, всегда им пользуюсь, делая шоколадные конфеты внукам и мини шоколадки, никогда ещё не подводил, жаль цена все растёт и спасибо продавцу за достойную упаковку, она всегда на высоте."
26577,6907,food,Продукты питания,1,negative,2026-06-17,"Для того чтобы валберис перевёз товар в целостности, нужно его правильно упаковывать Шоколад приходит весь поломанный. 3 раза заказываю и 3 раз он в крошку разбит. Для отправки такого товара он должен быть правильно упакован. В картонку!!!!!!!!, а не просто шоколад в пакете. Разочарование, больше сказать нечего. Не рекомендую. И не надейтесь что вам, именно вам повезёт, и шоколад придет целый. У данного поставщика нет ответственности."
26594,6915,food,Продукты питания,3,neutral,2026-07-23,"Как по мне, этот шоколад вообще не горький... Уж точно не 80% Я, конечно, всё понимаю, но мне кажется, что так быть не должно 🤔. Просто пластиковая ленточка..."
26606,6918,food,Продукты питания,4,positive,2025-12-25,"Не понравилось: Срок изготовления 13.01.2025, т.е. почти год назад срок годности до 13.01.2027 понятно, что самому сьесть можно, но с такой датой изготовления (прошла половина срока годности) подарить, к сожалению, нельзя"
26625,6927,food,Продукты питания,5,positive,2026-02-08,"В первый раз беру здесь, обычно покупаю в магазе. У меня нет нареканий:кубики шоколада гладкие, без налёта, вкус обычный, упаковка хорошая. Употребить до 14 октября 2026. 26.10.14 - это срок хранения, до этой даты."
26640,6930,food,Продукты питания,5,positive,2025-05-17,"Отличный шоколад, вкус и запах просто изумительны, причем вкус реально немного отличается в зависимости от поставки, мне кажется это очень хорошо, говорит о том, что действительно ферментируют бобы и каждый раз получается немного по разному, иногда отдает сладковатым, иногда более насыщенный шоколадный, очень довольна, беру постоянно."
26643,6930,food,Продукты питания,4,positive,2025-04-12,"Шоколад вкусный Оплачена была плитка 600 г. На этикетке с одной стороны стоит вес 450г, а на обороте приклеена маленькая бумажка с надписью 600г. Упс... Очень неприятный осадок остался от покупки"
26644,6931,food,Продукты питания,5,positive,2026-05-08,"Это мой ежедневный допинг. Благодаря тому, что каждая шоколадка упакована, я могу взять с собой несколько штучек, если планирую завтракать вне дома."
26666,6940,food,Продукты питания,5,positive,2026-04-28,"Хочется отметить очень хорошую упаковку плиток шоколада. Приехали в целых коробочках. И срок годности до марта 2027г. Хотя конечно, закончится вкусный шоколад намного раньше…"
26668,6940,food,Продукты питания,5,positive,2026-03-24,"Мой любимый шоколад,заказываю у этого продавца не в первый раз,доставка быстрая, упаковано аккуратно,все целое,всегда конфетки в подарок, молодцы,спасибо.Как скушаем,так ещё закажем"
26669,6941,food,Продукты питания,1,negative,2026-04-26,"Шоколад сам по себе наверное нормальный, но он был с налетом от неправильного хранения. Естественно в пункте выдачи мне не разрешили его открывать, увидела всё дома Пришел с белым налетом, как от неправильного хранения или срока"
26675,6943,food,Продукты питания,5,positive,2026-07-16,"Я любитель шоколада!!! Но эти магазинные 🍫 есть не могу они очень сладкий, очень приторные. Но вот этот шоколад самое то❤️ натуральный вкусный и в меру сладкий👍 буду еще брать😍 искренни благодарю! 👏🏻🫶🏻"
26689,6950,food,Продукты питания,5,positive,2026-06-25,"У меня ещё остался шоколад от прошлого заказа. Тот, что получила сегодня действительно 90%, он по вкусу попадает с плиточным 90%м. Скорее всего спутали фантики у порционного шоколада на производстве, тк прошлый шоколад слаще, чем сегодняшний. Шоколад вкусный. Я беру порционный шоколад второй раз и вкусы оказались разные."
26693,6950,food,Продукты питания,3,neutral,2026-03-14,"Шоколад качественный, вкусный. Беру второй раз. В первом случае, пакет запаян-6 плиток, во втором случае пакет не до конца запаян-8 плиток.Идем по нарастающей.На коробке стикер""запечатано""."
26750,6970,food,Продукты питания,5,positive,2026-01-26,"Баночка шикарная, можно использовать и потом. Выглядит очень призентабельно . Про вкус сказать не могу, купила на подарок. Думаю, что все хорошо."
26771,6976,food,Продукты питания,5,positive,2026-07-25,"Мой любимый мед, заказываю уже 6-й раз! 🍯 Продукт просто великолепный, качество ни разу не подвело. Мед натуральный, очень вкусный и ароматный. Приходит всегда отлично упакованным, баночка целая. Огромное спасибо производителю за честный и качественный товар. Всем советую попробовать! Мой любимый мед, заказываю уже 6-й раз! 🍯"
26778,6977,food,Продукты питания,1,negative,2022-11-13,"Начитаталась положительных озовывав и тоже преобрела ,но!!!! Простояв несколько месяцев,мёд разделился на две консистенции.Верхний слой более жидкий,а нижний густой как смола,да ещё настенках ярко выраженные кристалики сахара.К ПОКУПКЕ НЕ РЕКОМЕНДУЮ!!!!"
26819,6984,food,Продукты питания,5,positive,2026-03-22,"Недавно был неприятно удивлен, до этого просто не обращал внимания, так как у вас все банки под мед были стеклянные. А тут вдруг банка под майский мед оказалась из пластика, что я не люблю. Желаю вам на будущее, в рекламе меда, обозначать в какой таре отправляется мед. Это было бы дополнительным плюсом в вашей работе."
26851,6993,food,Продукты питания,5,positive,2026-07-21,"Упаковка солидная, стеклобанка целая. Башкирский мед знаю и люблю с детства. Я могу с закрытыми глазами узнать башкирский мед по незабываемому аромату. Но в данном случае этот аромат отсутствует. Я полагаю это случилось из за добавки мумие. По скольку у него сильный специфический запах. Будем лечиться. Спасибо продавцу."
26890,7003,food,Продукты питания,5,positive,2025-07-13,Отличный мёд. Всегда заказываю у семьи Мамдеевых и как всегда всё отлично и упакована хорошо и качество супер. Большое спасибо.
26939,7017,food,Продукты питания,5,positive,2026-05-09,"Мед натуральный проверяли под микроскопом, вкусный прекрасный мед . Заказываю уже не первый раз и ещё закажу . Все -"
26979,7023,food,Продукты питания,5,positive,2025-10-30,"Очень хороший мед. Раньше брала подобные смешения в магазине, но там от меда одно название. Тут и мед и ягоды натуральные, по крайней мере у меня не возникло сомнений в сравнении с медом из детства с пасеки моего дедушки и сейчас, когда берем мед на горных пасеках. Буду брать еще!"
27039,7037,food,Продукты питания,5,positive,2023-04-09,"Мед очень вкусный свежий. Доставлен быстро, очень хорошо упакован в пупырки и коробку. Очень доверяю семье Мамдеевых, заказываю не первый раз и всегда мед отличный, баночки маркированы этикетками. Рекомендую. Спасибо продавцу."
27043,7037,food,Продукты питания,4,positive,2020-09-23,"Спасибо за доставку! Упаковка супер. От самого продукта не в восторге. Ожидала лучшего. Не знаю как горный мед пахнет, думала ароматнее."
27067,7044,food,Продукты питания,4,positive,2024-08-28,"С медом знакома не так давно ,пробовала цветочный, лесной- чутка с нежной кислинкой для разнообразия пойдет ,цветочный ароматнее слаще.Про натуральность меда не знаю, но вкусненько и сладенько. Цена не радует дороговато!!!!"
27086,7051,food,Продукты питания,5,positive,2026-07-05,"Я гипертоник, 2 раза перенесла инфаркт, мед мне очень помогает , очень хорошее лекарство, честно говоря я перестала пить лекарство от давления, всё прекрасно , благодарю создателей такого чудодейственного лекарства, беру и заказываю третий раз показываю бабушкам 👍 Спасибо Алтаю🌹🌹🌹🔥"
27189,7073,food,Продукты питания,5,positive,2026-06-28,"Восторг, мед замечательный, густой, запах акации , как в детстве, кажется, что ешь цветы акации, цвет светлый, прозрачный, упаковка супер, огромное спасибо, заказала еще"
27201,7075,food,Продукты питания,5,positive,2026-06-06,"Необычно и непривычно: по консистенции и вкусу сгущёнку больше напоминает. Домашние не оценили, увы 🤷‍♂️. Всё вроде хорошо, но больше именно такой брать не буду, извините. Тем не менее остаюсь вашим покупателем, но на другие сорта мёда."
27244,7086,food,Продукты питания,5,positive,2025-10-06,"Очень вкусный мед, брала у этого продавца разный, и малиновый, и аккураевый и другие. Но донниковый самый любимый. Самый вкусный. Один недостаток съедается очень быстро. Спасибо. Рекомендую."
