review_id,product_id,category_label,rating,sentiment,date,review_text,clean_text,lemma_text
100,21,Электроника,5,positive,2026-07-21,"хороший звук, за такую цену подарок судьбы, качественное звучание басов, четкий голос, хороший микрофон, собеседника слышно отлично, все понравилось, из ушей не выпадают",хороший звук такую цену подарок судьбы качественное звучание басов четкий голос хороший микрофон собеседника слышно отлично понравилось ушей не выпадают,хороший звук такой цена подарок судьба качественный звучание бас чёткий голос хороший микрофон собеседник слышно отлично понравиться ушей не выпадать
122,25,Электроника,5,positive,2026-07-21,"Вот полноценный положительный отзыв для Wildberries (без лишней воды, но с фактами): --- Отличные беспроводные наушники! Звук радует: чистый бас, хроматическая подача – детали слышны даже в плотных треках. Сенсорное управление работает чётко, привыкаешь за пару дней. Беспроводная связь стабильная, зарядки хватает надолго (заявленные 10+ часов – правда). Внешний вид стильный, сидят в ушах удобно.",полноценный положительный отзыв лишней воды фактами отличные беспроводные наушники звук радует чистый бас хроматическая подача детали слышны плотных треках сенсорное управление работает чётко привыкаешь пару дней беспроводная связь стабильная зарядки хватает надолго заявленные часов правда внешний вид стильный сидят ушах удобно,полноценный положительный отзыв wildberries лишний вода факт отличный беспроводный наушник звук радовать чистый бас хроматический подача деталь слышный плотный трек сенсорный управление работать чётко привыкать пара день беспроводный связь стабильный зарядка хватать надолго заявить час правда внешний вид стильный сидеть ушах удобный
197,40,Электроника,5,positive,2026-07-20,"Хорошие наушники за свою цену, звук нормальный, Но не для меломанов, с приложением не коннектится, но для моих целей(прослушивание аудиокниг) отлично.",хорошие наушники цену звук нормальный не меломанов приложением не коннектится моих целей прослушивание аудиокниг отлично,хороший наушник цена звук нормальный не меломан приложение не коннектится мой аудиокниг отличный
251,52,Электроника,5,positive,2026-06-03,"Классная упаковка, внешне очень красивые. Есть зарядник и сменные силиконовые насадки. Наушники превзошли ожидания! Конектиться с айфоном Все!!! Нет минусов",классная упаковка внешне очень красивые зарядник сменные силиконовые насадки наушники превзошли ожидания конектиться айфоном нет минусов,классный упаковка внешне очень красивый зарядник сменный силиконовый насадка наушник превзойти ожидание конектиться айфон нет минус
262,53,Электроника,5,positive,2026-07-22,"Бюджетная стоимость данного товара , а качество на высшем уровне Не стоит переплачивать , когда есть данный товар Успевайте , советую /проверено",бюджетная стоимость данного товара качество высшем уровне не стоит переплачивать данный товар успевайте советую проверено,бюджетный стоимость данного товар качество высокий уровень не стоить переплачивать данный товар успевать советовать
313,62,Электроника,5,positive,2026-07-20,"наушники замечательные. подключаются быстро и просто, звук хороший за свою стоимость, заряд держат долго. пользуюсь ими уже более двух месяцев и никаких минусов не обнаружено",наушники замечательные подключаются быстро просто звук хороший стоимость заряд держат долго пользуюсь ими двух месяцев никаких минусов не обнаружено,наушник замечательный подключаться быстро просто звук хороший стоимость заряд держать долго пользоваться ими два месяц никакой минус не обнаружить
324,63,Электроника,5,positive,2026-07-13,"За такую цену вообще отличные наушники. Подключились к телефону сразу, звук громкий и чистый. Заряд держат несколько часов, в ушах сидят удобно, не выпадают. Пользуюсь уже несколько дней, пока всё нравится",такую цену вообще отличные наушники подключились телефону сразу звук громкий чистый заряд держат несколько часов ушах сидят удобно не выпадают пользуюсь несколько дней пока нравится,такой цена вообще отличный наушник подключиться телефон сразу звук громкий чистый заряд держать несколько час ушах сидеть удобно не выпадать пользоваться несколько день пока нравиться
346,67,Электроника,5,positive,2026-07-14,"Очень красивые, сначала испугалась что пришли не того цвета, потому что на упаковке были фиолетовые, но открыв увидела бежевые. На самом деле вкусовщина, если вы как я устали от обычных наушников, то эти вам понравятся. Зарядку держат долго, звук хороший. Пришло все аккуратно.",очень красивые сначала испугалась пришли не цвета упаковке фиолетовые открыв увидела бежевые самом деле вкусовщина устали обычных наушников понравятся зарядку держат долго звук хороший пришло аккуратно,очень красивый сначала испугаться прийти не цвет упаковка фиолетовый открыть увидеть бежевый самом дело вкусовщина устать обычный наушник понравиться зарядка держать долго звук хороший прийти аккуратный
424,82,Электроника,5,positive,2025-11-13,"Беру второй раз Первыми пользовался больше года, никаких нареканий Собака изгрызла, пришлось купить снова Такие бюджетные наушники, а звук прям радует",беру второй первыми пользовался года никаких нареканий собака изгрызла пришлось купить снова такие бюджетные наушники звук прям радует,бер второй первый пользоваться год никакой нарекание собака изгрызть прийтись купить снова такой бюджетный наушник звук прям радовать
429,83,Электроника,3,neutral,2026-07-15,"Дополняю отзыв. Покупала в феврале , сейчас июль. Эффект вау пропал через 3 месяца. Один наушник стал максимально тихим, такое ощущение что работает только в маленькой щелочке, а в основной «дырке» что на прямую в ухо идет звучания нет. Второй наушник тоже стал слабо звучать. Очень жаль. А так все хорошо начиналось.",дополняю отзыв покупала феврале июль эффект вау пропал месяца наушник стал максимально тихим такое ощущение работает маленькой щелочке основной дырке прямую ухо идет звучания нет второй наушник стал слабо звучать очень жаль хорошо начиналось,дополнять отзыв покупать февраль июль эффект вау пропасть месяц наушник стать максимально тихий такой ощущение работать маленький щёлочка основный дырка прямой ухо идти звучание нет второй наушник стать слабо звучать очень жаль хорошо начинаться
463,88,Электроника,4,positive,2026-06-08,"звук хороший, служат долго сломались быстро, отвалился динамик, очень обидно, что выглядят уже по разному, но функцию свою выполняют прекрасно, хотя в левом наушнике звук громче, чем в правом.",звук хороший служат долго сломались быстро отвалился динамик очень обидно выглядят разному функцию выполняют прекрасно хотя левом наушнике звук громче правом,звук хороший служить долго сломаться быстро отвалиться динамик очень обидный выглядеть разный функция выполнять прекрасно хотя левый наушник звук громкий правом
475,91,Электроника,5,positive,2026-07-14,"Хочется дополнить отзыв, словами благодарности продавцу, прекрасно, когда люди так переживают за качество своего товара, сразу написали, предложили несколько вариантов решения проблемы, подобрали самый подходящий, большое спасибо за такой подход.",хочется дополнить отзыв словами благодарности продавцу прекрасно люди переживают качество своего товара сразу написали предложили несколько вариантов решения проблемы подобрали самый подходящий большое спасибо подход,хотеться дополнить отзыв слово благодарность продавец прекрасный человек переживать качество свой товар сразу написать предложить несколько вариант решение проблема подобрать самый подходящий большой спасибо подход
486,93,Электроника,5,positive,2026-07-21,"Классные наушники! Уже вторые, т.к. первые пали смертью храбрых упав на асфальт на скорости 80 км/ч ;) Заряд держат долго. Звучание... ну в принципе на 4+ если придираться. Вообщем отличные наушники!",классные наушники вторые т первые пали смертью храбрых упав асфальт скорости км ч заряд держат долго звучание принципе придираться вообщем отличные наушники,классный наушник второй т первый пасть смерть храбрых упасть асфальт скорость км ч заряд держать долго звучание принцип придираться вообщем отличный наушник
492,95,Электроника,5,positive,2026-07-22,"Наушник огонь 🔥, наушники есть дома без проводные , но они постоянно выпадают из уха. Решила взять за копейки этот и не пожалела . Музыку слушаю , прослушала голосовые 👍🏻 а вот для звонков плохое качество и не слышит тебя собеседник",наушник огонь наушники дома проводные постоянно выпадают уха решила взять копейки не пожалела музыку слушаю прослушала голосовые звонков плохое качество не слышит собеседник,наушник огонь наушник дом проводные постоянно выпадать ухо решить взять копейка не пожалеть музыка слушаю прослушала голосовой звонок плохой качество не слышать собеседник
506,99,Электроника,1,negative,2026-07-13,"Не советую, лучше взять подороже Громкость слишком высокая Качество звука ужасное, индикатор просвечивает внутри, на одном из наушников не работал сенсор",не советую взять подороже громкость слишком высокая качество звука ужасное индикатор просвечивает внутри одном наушников не работал сенсор,не советовать взять дорогой громкость слишком высокий качество звук ужасный индикатор просвечивать внутри одном наушник не работать сенсор
517,102,Электроника,5,positive,2026-07-11,"музыку теперь слушать одно удовольствие, это мои лучшие наушники с вб) в подарок положили чехол и зарядку, качество хорошее, благодарю) звук, подарки, анимация) не нашлось минусов)",музыку слушать одно удовольствие мои лучшие наушники вб подарок положили чехол зарядку качество хорошее благодарю звук подарки анимация не нашлось минусов,музыка слушать одно удовольствие мой хороший наушник вб подарок положить чехол зарядка качество хороший благодарить звук подарок анимация не найтись минус
537,104,Электроника,4,positive,2026-07-21,"Кейс постоянно мигает красным, при открывании тоже горит красныи, хотя в отзывах видила должно загореться зеленым. Так понравились, маленькие, аккуратные. Как можно поменять? обидно, наушники понравились. Писала в поддержку, ответа нет",кейс постоянно мигает красным открывании горит красныи хотя отзывах видила должно загореться зеленым понравились маленькие аккуратные поменять обидно наушники понравились писала поддержку ответа нет,кейс постоянно мигать красный открывание гореть красныи хотя отзыв видила должный загореться зелёный понравиться маленький аккуратный поменять обидно наушник понравиться писать поддержка ответ нет
580,111,Электроника,5,positive,2025-10-19,"👌 Упаковка отличная, жаль что не проверил внутри. Дома распечатал, наушников нет, одни вкладыши провод зарядки. А так, скорее всего- отличный товар! 👍",упаковка отличная жаль не проверил внутри дома распечатал наушников нет одни вкладыши провод зарядки скорее отличный товар,упаковка отличный жаль не проверить внутри дома распечатать наушник нет один вкладыши провод зарядка скорее отличный товар
627,119,Электроника,5,positive,2026-07-22,"Пришли на вб за сутки, в заводской упаковке, вскрыть и проверить нельзя до покупки. Проверили после, ребёнок доволен. Хороший вариант.",пришли вб сутки заводской упаковке вскрыть проверить покупки проверили ребёнок доволен хороший вариант,прийти вб сутки заводский упаковка вскрыть проверить покупка проверить ребёнок довольный хороший вариант
706,136,Электроника,5,positive,2026-03-12,"Пришли с 70% зарядки,без проблем подключились ,все работает,в ухе держатся хорошо,спасибо Будем заказывать еще такие на подарок маме Басы 👍🏻👍🏻👍🏻",пришли зарядки проблем подключились работает ухе держатся хорошо спасибо будем заказывать такие подарок маме басы,прийти зарядка проблема подключиться работать ухо держаться хорошо спасибо быть заказывать такой подарок мама бас
734,144,Электроника,5,positive,2026-07-15,"Брал до этого такую же модель. Эти точь в точь, мне они нравятся длительностью работы. Брал для Андроида, но также легко подключаются и для ПК.",брал такую модель точь точь нравятся длительностью работы брал андроида также легко подключаются пк,брать такой модель точь точь нравиться длительность работа брать андроид также легко подключаться пк
776,155,Электроника,5,positive,2026-07-17,"Наушники пережили стирку, пользуюсь уже почти 2 года, на удивление даже заряд как то держат, в районе 3 часов, после того, что пережили, я очень удивился. Пока эти наушники самые лучшие, что я покупал, советую",наушники пережили стирку пользуюсь года удивление заряд держат районе часов пережили очень удивился пока наушники самые лучшие покупал советую,наушник пережить стирка пользоваться год удивление заряд держать район час пережить очень удивиться пока наушник самые хороший покупать советовать
853,167,Электроника,5,positive,2025-09-17,Часы красивые .Рекомендую. Часы понравились. Показывают шаги я их превращаю в километры и в результате получается много .Каждый день от 4км до 9км.Давление показывает.Рекомендую. Пока всё так.Жаль сразу не показывант килом етры.,часы красивые рекомендую часы понравились показывают шаги превращаю километры результате получается каждый день км км давление показывает рекомендую пока жаль сразу не показывант килом етры,час красивый рекомендовать час понравиться показывать шаг превращать километр результат получаться каждый день км км давление показывать рекомендовать пока жаль сразу не показывант кил етры
867,170,Электроника,5,positive,2026-01-21,"Часы хорошие, через приложение загрузила музыку на часы играет на часах, пока не разобралась можно ли подключить наушники к часам. у экрана тонкие рамки В приложении на телефоне разбираться нужно",часы хорошие приложение загрузила музыку часы играет часах пока не разобралась подключить наушники часам экрана тонкие рамки приложении телефоне разбираться нужно,час хороший приложение загрузить музыка час играть час пока не разобралась подключить наушник час экран тонкий рамка приложение телефон разбираться нужный
906,177,Электроника,3,neutral,2026-07-10,"К сожалению,пришли не те часы. Заказывала 10,а недобросовестные покупатели впихнуть туда 8-е. Это не приятно! Узнала только дома,при подключении к телефону. К продавцу притензий нет. Надеюсь на возврат денежных средств. Даже не знаю,как другим на это не попасться. Может устаносить ми фитнес заранее и прям на пункте подключать часы🤷‍♀️",сожалению пришли не те часы заказывала недобросовестные покупатели впихнуть туда е не приятно узнала дома подключении телефону продавцу притензий нет надеюсь возврат денежных средств не знаю другим не попасться устаносить ми фитнес заранее прям пункте подключать часы,сожаление прийти не тот час заказывать недобросовестный покупатель впихнуть туда не приятный узнать дома подключение телефон продавец притензий нет надеяться возврат денежный средство не знать другим не попасться устаносить ми фитнес заранее прям пункт подключать час
981,190,Электроника,1,negative,2026-07-18,"Сразу всё устраивало, всё работало прекрасно до момента когда было жарко и я просто опустил руку на 5 секунд в воду, я даже не купался и не нырял, так вот вода в часы попала через экран, это я обнаружил после вскрытия под микроскопом, часы хорошие но с водой не дружат. Обидно что даже на месяц их не хватило",сразу устраивало работало прекрасно момента жарко просто опустил руку секунд воду не купался не нырял вода часы попала экран обнаружил вскрытия микроскопом часы хорошие водой не дружат обидно месяц не хватило,сразу устраивать работать прекрасно момент жаркий просто опустить рука секунда вода не купаться не нырять вода час попасть экран обнаружить вскрытие микроскоп час хороший вода не дружат обидный месяц не хватить
1088,206,Электроника,5,positive,2026-01-11,"Хорошие часы, очень удобные для ребёнка. К сожалению фото и видео предоставить не могу, брали на подарок, ребёнок счастлив) Не нашли минусов",хорошие часы очень удобные ребёнка сожалению фото видео предоставить не могу брали подарок ребёнок счастлив не нашли минусов,хороший час очень удобный ребёнок сожаление фото видео предоставить не мочь брать подарок ребёнок счастливый не найти минус
1104,209,Электроника,1,negative,2026-06-15,"Ребёнок находится в школе, а геолокация показывает,что он за много километров от неё. 3 дня общалась с продавцом и поддержкой, хотела вернуть,отказывают, ссылаются на погрешность. НЕ БЕРИТЕ ЭТОТ ТОВАР!!!!!! Ничего Геолокация не верна совсем.",ребёнок находится школе геолокация показывает километров неё дня общалась продавцом поддержкой хотела вернуть отказывают ссылаются погрешность не берите товар геолокация не верна,ребёнок находиться школа геолокация показывать километр неё день общаться продавец поддержка хотеть вернуть отказывать ссылаться погрешность не брать товар геолокация не верный
1110,209,Электроника,1,negative,2026-01-25,"Не читает симкарту,купила специально симкарту мегафон,не видит её. Очень расстроена, упаковку выкинула уже.Как поняла по отзывам проблемы с возвратом у данного продавца.",не читает симкарту купила специально симкарту мегафон не видит её очень расстроена упаковку выкинула поняла отзывам проблемы возвратом данного продавца,не читать симкарту купить специально симкарту мегафон не видеть её очень расстроить упаковка выкинуть понять отзыв проблема возврат данного продавец
1183,219,Электроника,5,positive,2026-05-26,Продавец помогает с покупкой. Отдельная благодарность. Очень шустрые. Не лагают. Не тупят. Приложение для часов так себе. Но оно мне особо не нужно.,продавец помогает покупкой отдельная благодарность очень шустрые не лагают не тупят приложение часов оно особо не нужно,продавец помогать покупка отдельный благодарность очень шустрый не лагают не тупят приложение час оно особо не нужный
1191,220,Электроника,5,positive,2025-10-09,"Часики хорошие, работают исправно, ребенку очень нравятся! Меню легкое! Огромное спасибо продавцу, два раза очень оперативно помогали разобраться с возникшими вопросами! Мы очень довольны приобретением 👍",часики хорошие работают исправно ребенку очень нравятся меню легкое огромное спасибо продавцу раза очень оперативно помогали разобраться возникшими вопросами очень довольны приобретением,часик хороший работать исправно ребёнок очень нравиться меню лёгкий огромный спасибо продавец раз очень оперативно помогать разобраться возникшими вопрос очень довольный приобретение
1228,227,Электроника,5,positive,2026-07-18,"Часы понравились. На руке смотрятся красиво. Много разных функций, легко подключаются к телефону. Были небольшие проблемы с часами, спасибо продавцу всегда был на связи, все быстро решили.",часы понравились руке смотрятся красиво разных функций легко подключаются телефону небольшие проблемы часами спасибо продавцу связи быстро решили,час понравиться рука смотреться красиво разный функция легко подключаться телефон небольшой проблема час спасибо продавец связь быстро решить
1367,246,Электроника,4,positive,2026-06-23,Для ребенка норм Нет зарядки для наушников. Но и качество товара очень сомнительное. До этого брала ребенку у другого продавца за 1000 были одни часы. Качество на порядок лучше,ребенка норм нет зарядки наушников качество товара очень сомнительное брала ребенку другого продавца одни часы качество порядок,ребёнок норма нет зарядка наушник качество товар очень сомнительный брать ребёнок другого продавец один час качество порядок
1389,249,Электроника,5,positive,2026-07-23,Спустя две недели носки хочу оставить отзыв. Часы шикарные ! Все смс приходят. И зарядка держится по 6 дней ! Просто супер,спустя две недели носки хочу оставить отзыв часы шикарные смс приходят зарядка держится дней просто супер,спустя два неделя носок хотеть оставить отзыв час шикарный смс приходить зарядка держаться день просто супер
1413,253,Электроника,5,positive,2026-07-19,"Часы ооооочень понравились, рекомендую, они незаменимый помощник! Для меня было сложно настроить их, продавец был на связи круглосуточно, всё подробно объяснил, помог. Спасибо 🤗",часы оочень понравились рекомендую незаменимый помощник сложно настроить продавец связи круглосуточно подробно объяснил помог спасибо,час оочень понравиться рекомендовать незаменимый помощник сложный настроить продавец связь круглосуточно подробно объяснить помочь спасибо
1434,255,Электроника,5,positive,2026-07-20,"Синхронизация с приложением прошла за пару секунд, все уведомления, звонки и спортивные режимы работают стабильно. Очень легкие часы на каждый день.",синхронизация приложением прошла пару секунд уведомления звонки спортивные режимы работают стабильно очень легкие часы каждый день,синхронизация приложение пройти пара секунда уведомление звонок спортивный режим работать стабильно очень лёгкий час каждый день
1445,256,Электроника,5,positive,2026-06-26,"Часы пришли быстро, всё целое, работают хорошо. На ручке 7- ми летнего ребёнка смотрятся большевато и тяжеленькие они. Инструкции на русском не было, но методом тыка разобрались🙂. Спасибо!",часы пришли быстро целое работают хорошо ручке ми летнего ребёнка смотрятся большевато тяжеленькие инструкции русском не методом тыка разобрались спасибо,час прийти быстро целый работать хорошо ручка ми летний ребёнок смотреться большеватый тяжёленький инструкция русский не метод тыка разобраться спасибо
1454,261,Электроника,1,negative,2026-06-29,"Заказа часы, но когда пришли, оказалось что они без отслеживания и кнопки сос, написала продавцу о возврате, проигнорировал полностью. Считаю что имею право вернуть товар, если не подошел, но продавцу видимо все равно на это.",заказа часы пришли оказалось отслеживания кнопки сос написала продавцу возврате проигнорировал полностью считаю имею право вернуть товар не подошел продавцу видимо равно,заказ час прийти оказаться отслеживание кнопка сос написать продавец возврат проигнорировать полностью считать иметь право вернуть товар не подойти продавец видимо равный
1457,261,Электроника,5,positive,2026-05-07,"Часы очень понравились брала внучке на подарок, в коробочке очень удобно, внешний вид , размер на девочку семи лет само то, главное в работе чтобы не подвели, но обещали гарантию год, будем смотреть, спасибо большое",часы очень понравились брала внучке подарок коробочке очень удобно внешний вид размер девочку семи лет само главное работе не подвели обещали гарантию год будем смотреть спасибо большое,час очень понравиться брать внучка подарок коробочка очень удобный внешний вид размер девочка семь год само главный работа не подвести обещать гарантия год быть смотреть спасибо большой
1458,261,Электроника,1,negative,2026-04-28,Не советую к покупке Не держат зарядку вообще! Разряжаются со 100% в 0 буквально за 2 часа. При этом они просто одеты на руке. И без использования.,не советую покупке не держат зарядку вообще разряжаются буквально часа просто одеты руке использования,не советовать покупка не держать зарядка вообще разряжаются буквально час просто одеть рука использование
1472,263,Электроника,3,neutral,2026-05-20,"Работают хорошо без нареканий, сняла звезду за то что не положили зарядку Пришлось покупать отдельно Отличные часы Не было зарядки в коробке",работают хорошо нареканий сняла звезду не положили зарядку пришлось покупать отдельно отличные часы не зарядки коробке,работать хорошо нарекание снять звезда не положить зарядка прийтись покупать отдельно отличный час не зарядка коробка
1490,265,Электроника,5,positive,2025-04-24,"Я люблю, люблю, люблю свои часы, я ожидал, и это была прекрасная покупка за такую цену. Я обязательно куплю еще одни для себя и одни для пары моих друзей. Я очень горжусь своими часами и рекомендую всем, кто возьмет их по этой цене, потому что они того стоят, если кому-то нужны какие-либо рекомендации по этим часам, я буду очень рад помочь с этим, я очень доволен и очень ценю компанию, которая предлагает мне эти очень элегантные часы по низкой цене. Я ношу их каждый день, чтобы работать, они помогают шаги, это помогает мне не отставать от всего, что мне нужно, чтобы не отставать от этого, также дает мне мои текстовые сообщения, мои телефонные звонки, я могу отвечать на звонок, чтобы я мог разговаривать с людьми с телефона, я могу слушать музыку на своем телефоне, я могу написать, я могу получить текстовое сообщение на этих часах, и я очень ценю, и я думаю, что собираюсь купить мне еще один, ок, тогда это потому, что оно того стоит, спасибо",люблю люблю люблю свои часы ожидал прекрасная покупка такую цену обязательно куплю одни одни пары моих друзей очень горжусь своими часами рекомендую всем возьмет цене стоят кому-то нужны какие-либо рекомендации этим часам буду очень рад помочь этим очень доволен очень ценю компанию которая предлагает очень элегантные часы низкой цене ношу каждый день работать помогают шаги помогает не отставать нужно не отставать также дает мои текстовые сообщения мои телефонные звонки могу отвечать звонок мог разговаривать людьми телефона могу слушать музыку своем телефоне могу написать могу получить текстовое сообщение этих часах очень ценю думаю собираюсь купить ок оно стоит спасибо,любить любить любить свой час ожидать прекрасный покупка такой цена обязательно купить один один пара мой друг очень гордиться свой час рекомендовать весь взять цена стоять кто нужный какой либо рекомендация этот час быть очень рад помочь это очень довольный очень ценить компания которая предлагать очень элегантный час низкий цена носить каждый день работать помогать шаг помогать не отставать нужный не отставать также давать мой текстовый сообщение мой телефонный звонок мочь отвечать звонок мочь разговаривать человек телефон мочь слушать музыка свой телефон мочь написать мочь получить текстовый сообщение этот час очень ценить думать собираться купить ок оно стоить спасибо
1504,266,Электроника,5,positive,2026-07-13,Без проблем подключается к нормальным Андройд телефонам. Простота в использовании. Цена / качество. Оригинал. Удобно пользоваться. Работает без нареканий. Не обнаружил.,проблем подключается нормальным андройд телефонам простота использовании цена качество оригинал удобно пользоваться работает нареканий не обнаружил,проблема подключаться нормальный андройд телефон простота использование цена качество оригинал удобный пользоваться работать нарекание не обнаружить
1513,267,Электроника,5,positive,2026-05-07,"Сами часы понравились. Но мне попались с заводским браком. На корпусе часов имеется небольшой скол. Связалась с тех.поддержкой, отреагировали быстро. Подтвердили замену часов. Когда ты в декрете трудно выделить на себя лишнюю сумму, поэтому очень приятно когда продавец так клиентоориентирован (хотя это приятно в любом случае)) . С таким отношением хочется вернуться в данный магазин",сами часы понравились попались заводским браком корпусе часов имеется небольшой скол связалась тех поддержкой отреагировали быстро подтвердили замену часов декрете трудно выделить лишнюю сумму поэтому очень приятно продавец клиентоориентирован хотя приятно любом случае таким отношением хочется вернуться данный магазин,сами час понравиться попасться заводский брак корпус час иметься небольшой скол связаться тот поддержка отреагировать быстро подтвердить замена час декрет трудный выделить лишний сумма поэтому очень приятный продавец клиентоориентирован хотя приятный любой случай такой отношение хотеться вернуться данный магазин
1589,279,Электроника,1,negative,2026-06-28,"Ничего Пришли с полоской, через 2 дня их стало больше , ремешок не удобный цепляется за одежду и оставляет затяжки",пришли полоской дня стало ремешок не удобный цепляется одежду оставляет затяжки,прийти полоска день стать ремешок не удобный цепляться одежда оставлять затяжка
1599,280,Электроника,3,neutral,2026-07-03,Удобные на руке. Сразу подсоединились к телефону. Понятный интерфейс. Удобно отвечать на звонки и звонить. Абсолютно неправильно считает шаги! Из 100 шагов засчитал только 12. Полное разочарование. До часов был фитнес браслет Хонор. Тот считал корректно.,удобные руке сразу подсоединились телефону понятный интерфейс удобно отвечать звонки звонить абсолютно неправильно считает шаги шагов засчитал полное разочарование часов фитнес браслет хонор считал корректно,удобные рука сразу подсоединиться телефон понятный интерфейс удобный отвечать звонок звонить абсолютно неправильно считать шаг шаг засчитать полный разочарование час фитнес браслет хонор считать корректно
1611,282,Электроника,5,positive,2026-06-11,Заявленную зарядку не держит. За неделю 2 раза заржала И при повороте руки циферблат не срабатывает. На предыдущих часах такого не было. Но к этим недостаткам я привыкла,заявленную зарядку не держит неделю раза заржала повороте руки циферблат не срабатывает предыдущих часах такого не этим недостаткам привыкла,заявить зарядка не держать неделя раз заржать поворот рука циферблат не срабатывать предыдущий час такой не этот недостаток привыкнуть
1662,289,Электроника,2,negative,2026-06-06,"Быстро садится батарея без телефона суток 3 с телефоном 1 сутки. Все целое пришло. Батарея 0 при покупке. Не пугайтесь, возьмите и зарядите и потом пишите отзыв.",быстро садится батарея телефона суток телефоном сутки целое пришло батарея покупке не пугайтесь возьмите зарядите пишите отзыв,быстро садиться батарея телефон суток телефон сутки целый прийти батарея покупка не пугаться взять зарядить пишите отзыв
1667,290,Электроника,5,positive,2026-05-17,"Часики понравились, на тонкую руку. Пришли разряженные, на китайском языке. Заряжаются быстро, зарядку держат. С настройками разобралась быстро. С телефоном синхронизация без сбоев. Все отдично 👌",часики понравились тонкую руку пришли разряженные китайском языке заряжаются быстро зарядку держат настройками разобралась быстро телефоном синхронизация сбоев отдично,часик понравиться тонкий рука прийти разряженные китайский язык заряжаться быстро зарядка держать настройка разобралась быстро телефон синхронизация сбой отдично
1685,294,Электроника,5,positive,2026-06-04,"Легко подключили, всё замечательно.Погода на три дня вперёд. Музыка при звонке, вдали от телефона. Можно разговаривать по часам, слышимость отличная.",легко подключили замечательно погода дня вперёд музыка звонке вдали телефона разговаривать часам слышимость отличная,легко подключить замечательный погода день вперёд музыка звонок вдали телефон разговаривать час слышимость отличный
1805,311,Электроника,4,positive,2026-07-23,"был отличным в использовании. однако на досмотре в китае его у меня изъяли, так как нет нужной маркировки. будьте бдительны. в тот момент мне хотелось плакать(",отличным использовании однако досмотре китае изъяли нет нужной маркировки будьте бдительны момент хотелось плакать,отличный использование однако досмотр китай изъять нет нужный маркировка быть бдительный момент хотеться плакать
1819,313,Электроника,5,positive,2026-07-22,"Рекомендую к покупке. Хватает и на планшет и несколько раз зарядить телефон до 100%. Купил провод с функцией быстрой зарядки 1,5 метра. Отлично держит заряд. Вроде емкость аккумулятора как заявлено. Пока недочетов не увидел.",рекомендую покупке хватает планшет несколько зарядить телефон купил провод функцией быстрой зарядки метра отлично держит заряд вроде емкость аккумулятора заявлено пока недочетов не увидел,рекомендовать покупка хватать планшет несколько зарядить телефон купить провод функция быстрый зарядка метр отлично держать заряд вроде ёмкость аккумулятор заявить пока недочёт не увидеть
1838,316,Электроника,5,positive,2026-07-22,"Все отлично, пришёл с зарядом 79 процентов. Заряда хватило на 2 телефона.заряжался сутки.Пока все устраивает. 1 год гарантии, плюс еще год если оставить отзыв. Все отлично",отлично пришёл зарядом процентов заряда хватило телефона заряжался сутки пока устраивает год гарантии плюс год оставить отзыв отлично,отличный прийти заряд процент заряд хватить телефон заряжался сутки пока устраивать год гарантия плюс год оставить отзыв отличный
1922,329,Электроника,1,negative,2026-07-03,"Отказали в возврате по гарантии!!! Было снято видео с доказательством того, что товар не работает. Видео строго по инструкции, которую мне прислали!!! И видео приняли, но дальше служба поддержки (с qr кода по коробке) требовала удалить негативный отзыв в обмен на помощь с возвратом!!! С каких пор в РФ гарантийные обязательства работают только при отсутствии негативного отзыва????!!!! Продавца и его товар не рекомендую. Wb тоже отказал в возврате. Почитайте отзывы, перед тем как покупать, там люди много чего интересного пишут!!!",отказали возврате гарантии снято видео доказательством товар не работает видео строго инструкции которую прислали видео приняли дальше служба поддержки кода коробке требовала удалить негативный отзыв обмен помощь возвратом каких пор рф гарантийные обязательства работают отсутствии негативного отзыва продавца товар не рекомендую отказал возврате почитайте отзывы покупать люди интересного пишут,отказать возврат гарантия снять видео доказательство товар не работать видео строго инструкция которую прислать видео принять далёкий служба поддержка qr код коробка требовать удалить негативный отзыв обмен помощь возврат какой пора рф гарантийный обязательство работать отсутствие негативный отзыв продавец товар не рекомендовать wb отказать возврат почитать отзыв покупать человек интересного писать
1938,332,Электроника,5,positive,2026-07-07,"Товар норм, заряжает быстро и одновременно сам заряжается от солнца, сам пока пауэрбанк не заряжал но уже четыре раза зарядил телефон, в общем пока всё круто!",товар норм заряжает быстро одновременно заряжается солнца пока пауэрбанк не заряжал четыре раза зарядил телефон общем пока круто,товар норма заряжать быстро одновременно заряжаться солнце пока пауэрбанк не заряжать четыре раз зарядить телефон общий пока крутой
1948,335,Электроника,3,neutral,2026-07-23,"в пользовании несколько месяцев, используем только для старого телефона (айфон 14), 16-й и 17-й айфоны не заряжает, на телефонах выдает я ошибка о слишком большом объеме мощности",пользовании несколько месяцев используем старого телефона айфон й й айфоны не заряжает телефонах выдает ошибка слишком большом объеме мощности,пользование несколько месяц использовать старый телефон айфон айфон не заряжать телефон выдавать ошибка слишком большой объём мощность
1963,338,Электроника,3,neutral,2026-07-05,"Может быть, после того, как разрядить и зарядить его полностью. Включится функция быстрой зарядки.если такая функция подтвердится, то оценка изменится на 5 звёзд. Упаковано прекрасно пришло быстро дизайн Не поддерживает быструю зарядку",разрядить зарядить полностью включится функция быстрой зарядки такая функция подтвердится оценка изменится звёзд упаковано прекрасно пришло быстро дизайн не поддерживает быструю зарядку,разрядить зарядить полностью включиться функция быстрый зарядка такой функция подтвердиться оценка измениться звезда упаковать прекрасно прийти быстро дизайн не поддерживать быстрый зарядка
1969,339,Электроника,5,positive,2026-07-18,"Благодарю продавца за быстрое реагирование и оперативное решение проблемы. Я понимаю, что у продавца также могут возникнуть сложности с выполнением заказов. Благодарю за столь оперативное решение проблемы.",благодарю продавца быстрое реагирование оперативное решение проблемы понимаю продавца также могут возникнуть сложности выполнением заказов благодарю столь оперативное решение проблемы,благодарить продавец быстрый реагирование оперативный решение проблема понимать продавец также мочь возникнуть сложность выполнение заказ благодарить столь оперативный решение проблема
2056,354,Электроника,1,negative,2026-04-27,"Заряд не держит, телефон на 40% заряжает и все Перед покупкой читал коменты и манипуляции с полной зарядкой и разрядкой изначально после распаковки проводил, и это не помогло Советую потратить на 1000р больше и купить гдето в другом месте, чем этот шлак",заряд не держит телефон заряжает покупкой читал коменты манипуляции полной зарядкой разрядкой изначально распаковки проводил не помогло советую потратить р купить гдето другом месте шлак,заряд не держать телефон заряжать покупка читать коменты манипуляция полный зарядка разрядка изначально распаковка проводить не помочь советовать потратить р купить гдето другом место шлак
2085,360,Электроника,5,positive,2025-09-16,"Пришел заряжен на 100% На вид вообще классный, разные провода сразу из него выходят, не пожалел, что купил Батарею бы побольше, а так класс",пришел заряжен вид вообще классный разные провода сразу выходят не пожалел купил батарею побольше класс,прийти зарядить вид вообще классный разный провод сразу выходить не пожалеть купить батарея большой класс
2112,364,Электроника,5,positive,2026-07-15,"Супер-малыш! Он просто прелесть! До этого у меня был пауэр банк в два раза больше. Этот выглядит обалденно, с задачей справляется, занимает гораздо меньше места, чем другие собратья. Я очень довольна! Спасибо!",супер-малыш просто прелесть пауэр банк раза выглядит обалденно задачей справляется занимает гораздо меньше места другие собратья очень довольна спасибо,супер малыш просто прелесть пауэр банк раз выглядеть обалденный задача справляться занимать гораздо меньше место другие собратья очень довольный спасибо
2137,366,Электроника,5,positive,2026-07-04,"С 0 до 100 заряжается около 5-5,5 часов. Замучился его разряжать, чтобы разогнать аккумулятор. Раза 4 должно хватить зарядить телефон.",заряжается около часов замучился разряжать разогнать аккумулятор раза должно хватить зарядить телефон,заряжается около час замучился разряжать разогнать аккумулятор раз должный хватить зарядить телефон
2142,367,Электроника,1,negative,2026-07-18,"К сожалению не работает индикатор уровня заряда повербанка на фото видно при включении, хотя повербанк работает но уровень заряда не посмотреть ,он должен его показывать. Буду делать возврат по гарантии , продавец не ответил...",сожалению не работает индикатор уровня заряда повербанка фото видно включении хотя повербанк работает уровень заряда не посмотреть должен показывать буду делать возврат гарантии продавец не ответил,сожаление не работать индикатор уровень заряд повербанка фото видно включение хотя повербанк работать уровень заряд не посмотреть должный показывать быть делать возврат гарантия продавец не ответить
2172,371,Электроника,5,positive,2026-06-26,"За такие деньги вариант не плохой, можно брать Заряжает нормально все гаджеты. С маркировкой ССС, в самолёт запускают без проблем, проверили на своем опыте",такие деньги вариант не плохой брать заряжает нормально гаджеты маркировкой сс самолёт запускают проблем проверили своем опыте,такой деньга вариант не плохой брать заряжать нормально гаджет маркировка сс самолёт запускать проблема проверить свой опыт
2202,375,Электроника,5,positive,2026-05-15,"Брал первый раз понравился все блок отлично первый потерял, новый заказал, Новый зарежается только на 53 % и больше не идёт, хотел уточнить почему так",брал первый понравился блок отлично первый потерял новый заказал новый зарежается не идёт хотел уточнить почему,брать первый понравиться блок отлично первый потерять новый заказать новый зарежается не идти хотеть уточнить почему
2209,377,Электроника,5,positive,2026-04-06,Пришёл заряженным на 75%. Функцию зарядки выполнял не плохо. Причем с 50% до 30% заряд расходовался очень медленно. А вот на 28% просто умер в 0%. Чудеса какие-то. В общем сам по себе агрегат не плохой. Со своими функциями справляется. Заявленная мощность соответствует описанию. А вот процент разряда на устройстве показывает так скажем иногда погоду))),пришёл заряженным функцию зарядки выполнял не плохо причем заряд расходовался очень медленно просто умер чудеса какие-то общем агрегат не плохой своими функциями справляется заявленная мощность соответствует описанию процент разряда устройстве показывает скажем погоду,прийти зарядить функция зарядка выполнять не плохо причём заряд расходовался очень медленно просто умереть чудо какой общий агрегат не плохой свой функция справляться заявить мощность соответствовать описание процент разряд устройство показывать сказать погоду
2251,387,Электроника,3,neutral,2026-07-20,"пришел повербанк все рабочее, но не на свою объём батареи, заказывал на 80к махов , из этих 80к в нем где то 30к зарядил 4 раза телефон и повербанк сел рассчитывал на большее",пришел повербанк рабочее не объём батареи заказывал махов этих нем зарядил раза телефон повербанк сел рассчитывал большее,прийти повербанк рабочий не объём батарея заказывать мах этот нем зарядить раз телефон повербанк сесть рассчитывать больший
2287,394,Электроника,1,negative,2026-07-21,"заряжает плохо, скорость зарядки заставляет желать лучшего, повербанк нагревается сам и нагревает к тому же телефон к которому прикреплен сам повербанк поэтому телефон становится весь горячий и повербанк от чего зарядка становится медленее телефон лагать вообщем не советую",заряжает плохо скорость зарядки заставляет желать лучшего повербанк нагревается нагревает тому телефон которому прикреплен повербанк поэтому телефон становится весь горячий повербанк зарядка становится медленее телефон лагать вообщем не советую,заряжать плохо скорость зарядка заставлять желать хороший повербанк нагреваться нагревать тому телефон которому прикрепить повербанк поэтому телефон становиться весь горячий повербанк зарядка становиться медленее телефон лагать вообщем не советовать
2317,399,Электроника,5,positive,2026-06-28,"Доставили быстро. Всё исправно, при получении заряжен 100%, лёгкий, мобильный и не надо думать, где шнур искать. Заряжен на 100%, компактный, лёгкий.",доставили быстро исправно получении заряжен лёгкий мобильный не думать шнур искать заряжен компактный лёгкий,доставить быстро исправный получение зарядить лёгкий мобильный не думать шнур искать зарядить компактный лёгкий
2326,400,Электроника,5,positive,2026-05-18,Великолепная штука то для поездки оптимальные параметры для таможни в самолёте обязательно проверяйте какую ёмкости power bank можно брать самолёт компании которая вас повезёт пока допустимо всё,великолепная штука поездки оптимальные параметры таможни самолёте обязательно проверяйте какую ёмкости брать самолёт компании которая повезёт пока допустимо,великолепный штука поездка оптимальный параметр таможня самолёте обязательно проверяйте какой ёмкость power bank брать самолёт компания которая повезёт пока допустимый
2363,407,Электроника,5,positive,2026-06-17,"Все отлично, несмотря на другую фирму. Зарядил 3 устройства за полтора часа, и зарядки в Пауэр банге осталось целых 48 процентов. Отлично!!!! Спасибо!!!",отлично несмотря другую фирму зарядил устройства полтора часа зарядки пауэр банге осталось целых процентов отлично спасибо,отличный несмотря другую фирма зарядить устройство полтора час зарядка пауэр банг остаться целый процент отличный спасибо
2465,427,Электроника,2,negative,2026-05-26,"Ерунда полнейшая, заряжает очень долго, притом если у вас зарядка идёт на повышение то у него на такое же уменьшение, тоесть одинаковый отток энергии, до 100%не заражает максимум до 80 . Заряд одного телефона на целый день, не советую к покупке Ничего не понравилось",ерунда полнейшая заряжает очень долго притом зарядка идёт повышение такое уменьшение тоесть одинаковый отток энергии не заражает максимум заряд одного телефона целый день не советую покупке не понравилось,ерунда полнейшая заряжать очень долго притом зарядка идти повышение такой уменьшение тоесть одинаковый отток энергия заражать максимум заряд одного телефон целый день не советовать покупка не понравиться
2502,434,Электроника,5,positive,2026-04-05,"Хороший повербанк. Если правильно зарядить/разрядить первый раз, то работает отлично. Хватает зарядить телефон 1,5 раза. Брала в дамскую сумочку из-за габаритов и маленького веса.",хороший повербанк правильно зарядить разрядить первый работает отлично хватает зарядить телефон раза брала дамскую сумочку из-за габаритов маленького веса,хороший повербанк правильно зарядить разрядить первый работать отлично хватать зарядить телефон раз брать дамский сумочка габарит маленький вес
2541,441,Электроника,1,negative,2026-06-29,"Как обычно, качественных накопителей попросту нет, и проверять продукцию такую никто не собирается. Посмотрим на поторную зарядку, если так же будет, отзыв таким и оставлю. Контроллер зарядки вышел из чата. С 50% до 0 за 5 минут села повербанк.",обычно качественных накопителей попросту нет проверять продукцию такую никто не собирается посмотрим поторную зарядку отзыв таким оставлю контроллер зарядки вышел чата минут села повербанк,обычно качественный накопитель попросту нет проверять продукция такой никто не собираться посмотреть поторную зарядка отзыв такой оставить контроллер зарядка выйти чат минута село повербанк
2562,446,Электроника,5,positive,2026-07-08,"хороший по качеству, зарядки в разъемах не шатаются, фонарики яркие (фото сделаны в полной темноте только с их светом), наклейки мои, спасибо)",хороший качеству зарядки разъемах не шатаются фонарики яркие фото сделаны полной темноте светом наклейки мои спасибо,хороший качество зарядка разъемах не шататься фонарик яркий фото сделать полный темнота свет наклейка мой спасибо
2580,448,Электроника,5,positive,2026-07-12,"Замечательная покупка! Искала надежный и удобный повербанк, и этот полностью оправдал ожидания. Легкий, красивый, качественно собран, быстро заряжает телефон и сам долго сохраняет заряд. Теперь всегда ношу его с собой и чувствую себя спокойнее. Однозначно рекомендую к покупке!",замечательная покупка искала надежный удобный повербанк полностью оправдал ожидания легкий красивый качественно собран быстро заряжает телефон долго сохраняет заряд ношу собой чувствую спокойнее однозначно рекомендую покупке,замечательный покупка искать надёжный удобный повербанк полностью оправдать ожидание лёгкий красивый качественно собрать быстро заряжать телефон долго сохранять заряд носить себя чувствовать спокойный однозначно рекомендовать покупка
2586,449,Электроника,4,positive,2026-03-27,"в принципе хороший,заряжает,маленький компактный,удобный,но показатель процента заряда ушел назад и стоит кривовато,из всего только это пока волнует 😕надеюсь для работы это не помешает?",принципе хороший заряжает маленький компактный удобный показатель процента заряда ушел назад стоит кривовато пока волнует надеюсь работы не помешает,принцип хороший заряжать маленький компактный удобный показатель процент заряд уйти назад стоить кривовато пока волновать надеяться работа не помешать
2623,456,Электроника,5,positive,2026-04-07,"ЗУ хватит на 2 полные зарядки. Не садился, когда не использовался. Так же быстро заряжал iPhone и другие телефоны. На Xiaomi14 зарядка с 0 до 100 где то за мин 30. Зарядка ЗУ где то час от зарядного, с поддержкой быстрой зарядки 90w.",зу хватит полные зарядки не садился не использовался быстро заряжал другие телефоны зарядка мин зарядка зу час зарядного поддержкой быстрой зарядки,зу хватить полный зарядка не садиться не использоваться быстро заряжать iphone другие телефон xiaomi зарядка мин зарядка зу час зарядного поддержка быстрый зарядка
2665,467,Электроника,5,positive,2026-03-31,10 из 5 Колонка зажигает огни! Рвет!! Раскачалась на второй день. Первая нормально звучащая колонка за такие деньги. Звук шикарный. Надо погонять пару дней и будет вам бинго!!! Упакована в пленку. Провод aux даже в комплекте. Сделана аккуратно весьма! Реально не пожалеете!Чехол тоже прикольный. Главное в кои веки пришел цвет какой заказывал тоже приятно!,колонка зажигает огни рвет раскачалась второй день первая нормально звучащая колонка такие деньги звук шикарный погонять пару дней бинго упакована пленку провод комплекте сделана аккуратно весьма реально не пожалеете чехол прикольный главное кои веки пришел цвет заказывал приятно,колонок зажигать огонь рвет раскачаться второй день первый нормально звучать колонка такой деньга звук шикарный погонять пара день бинго упаковать плёнка провод aux комплект сделать аккуратно весьма реально не пожалеете чехол прикольный главный кои век прийти цвет заказывать приятный
2684,473,Электроника,5,positive,2024-11-02,"Отказ, стала дешевле))) только из-за этого. А так колонка замечательная. 2 года работы без нареканий. Купила вторую в подарок. Просто супер, звучание и заряд на высоте 😍🥰 Недостатков нет",отказ стала дешевле из-за колонка замечательная года работы нареканий купила вторую подарок просто супер звучание заряд высоте недостатков нет,отказ стать дешёвый колонка замечательный год работа нарекание купить второй подарок просто супер звучание заряд высота недостаток нет
2716,479,Электроника,5,positive,2026-06-16,"отличная колонка! очень компактная, но при этом громкая и выдает качественный звук без хрипов. удобно брать собой на природу или прогулки",отличная колонка очень компактная громкая выдает качественный звук хрипов удобно брать собой природу прогулки,отличный колонка очень компактный громкий выдавать качественный звук хрип удобный брать себя природа прогулка
2725,482,Электроника,5,positive,2026-07-19,"За эти деньги сделали неплохо. Звучит хорошо. К блютузу подключилась сразу. Монтаж схемы хороший,есть уплотнения для пассивного динамика. Аккумулятор слабоват. Стоит 14500 ёмкостью 500мАч. Можно было бы установить и на 800. Подсветку сразу отключил- зачем лишний расход аккумулятора. Посмотрим на сколько хватит работы. Звучит громко реально. В общем за эти деньги можно брать. В дальнейшем думаю аккумулятор заменить на более ёмкий.",деньги сделали неплохо звучит хорошо блютузу подключилась сразу монтаж схемы хороший уплотнения пассивного динамика аккумулятор слабоват стоит ёмкостью м ач установить подсветку сразу отключил лишний расход аккумулятора посмотрим сколько хватит работы звучит громко реально общем деньги брать дальнейшем думаю аккумулятор заменить ёмкий,деньга сделать неплохо звучать хорошо блютузу подключиться сразу монтаж схема хороший уплотнение пассивный динамик аккумулятор слабоват стоить ёмкость м ач установить подсветка сразу лишний расход аккумулятор посмотреть сколько хватить работа звучать громко реально общий деньга брать дальнейший думать аккумулятор заменить ёмкий
2727,482,Электроника,5,positive,2026-07-06,"Колонка не плохая. Написано что 6 часов без подзарядки , работает 12 и ни каких проблем. Не хватает немного басов, а по громкости вполне ничего. 👍 за эту стоимость нормально.",колонка не плохая написано часов подзарядки работает ни каких проблем не хватает немного басов громкости вполне стоимость нормально,колонка не плохой написать час подзарядка работать ни какой проблема не хватать немного бас громкость вполне стоимость нормальный
2753,488,Электроника,5,positive,2026-07-11,"Пришла ровно на второй день, как было заявлено. Бед задержек Хорошая. Можно регулировать подсветку, при желании так же можно подсветку отключить. При полной зарядке работает на полной громкости 2 часа, заказала вторую- думала первую потеряла 😅 за день до доставки нашлась первая.",пришла ровно второй день заявлено бед задержек хорошая регулировать подсветку желании подсветку отключить полной зарядке работает полной громкости часа заказала вторую думала первую потеряла день доставки нашлась первая,прийти ровно второй день заявить бед задержка хороший регулировать подсветка желание подсветка отключить полный зарядка работать полный громкость час заказать думать первый потерять день доставка найтись первый
2768,490,Электроника,4,positive,2025-11-22,"В целом колонкой доволен Громкий, чистый звук На мой взгляд садится довольно быстро. Отключается если не использовать(не знаю можно ли это исправить)",целом колонкой доволен громкий чистый звук взгляд садится довольно быстро отключается не использовать не знаю исправить,целое колонка довольный громкий чистый звук взгляд садиться довольно быстро отключаться не знать исправить
2773,490,Электроника,5,positive,2025-08-14,"Удобные кнопки, необходимые разъёмы присутствуют, сама по себе не громоздкая, качество звука отличное, отличная громкость как для помещений, так и для улицы. Покупалась на подарок. Надеюсь, именинник оценил. Единственное что немного огорчило, это слегка мятая коробка, но это скорее к доставке ВБ вопрос. Громкая, легкая, компактная. Замечания отсутствуют.",удобные кнопки необходимые разъёмы присутствуют сама не громоздкая качество звука отличное отличная громкость помещений улицы покупалась подарок надеюсь именинник оценил единственное немного огорчило слегка мятая коробка скорее доставке вб вопрос громкая легкая компактная замечания отсутствуют,удобный кнопка необходимый разъём присутствовать сама не громоздкий качество звук отличный отличный громкость помещение улица покупаться подарок надеяться именинник оценить единственный немного огорчить слегка мятый коробка скорее доставка вб вопрос громкий лёгкий компактный замечание отсутствовать
2798,497,Электроника,5,positive,2026-07-16,Колонка просто супер я не ожидал что она такая очень громкая на работу принес удивил всех звуком и у нее еще голосовое все на Руском,колонка просто супер не ожидал такая очень громкая работу принес удивил звуком голосовое руском,колонка просто супер не ожидать такой очень громкий работа принести удивить звук голосовой руском
2849,512,Электроника,5,positive,2026-06-19,"Отличная портативная колонка за свои деньги. Радует мощный стереозвук, который заполняет всё пространство, при этом низы глубокие и не хрипят даже на высокой громкости. Очень удобная вещь для поездок. Есть ножки, чтобы колонка устойчиво стояла. Своих денег точно стоит.",отличная портативная колонка свои деньги радует мощный стереозвук который заполняет пространство низы глубокие не хрипят высокой громкости очень удобная вещь поездок ножки колонка устойчиво стояла своих денег точно стоит,отличный портативный колонка свой деньга радовать мощный стереозвук который заполнять пространство низы глубокий не хрипят высокий громкость очень удобный вещь поездка ножка колонка устойчивый стоять свой деньга точно стоить
2899,521,Электроника,5,positive,2026-02-27,"Очень симпатичная колонка. Дома уже включала флэшку, звук хороший, классно мигает огоньками. Компактная. Есть инструкция. До этого брали без инструкции у другого производителя. Спасибо продавцу.",очень симпатичная колонка дома включала флэшку звук хороший классно мигает огоньками компактная инструкция брали инструкции другого производителя спасибо продавцу,очень симпатичный колонка дома включать флешка звук хороший классно мигать огоньками компактный инструкция брать инструкция другого производитель спасибо продавец
2902,522,Электроника,1,negative,2026-07-18,Люди не видитесь она 12 часов как написано в характеристиках она не работает максимум час не больше. За сегодняшний день 18.07.26 я ее уже 3 раза заряд. Батарею жрет как лошадь. Ещё если на зарядку ставишь колонку и если ее музыка через нее играет она даже не заряжается. Не БЕРЕТИ ЭТО ***,люди не видитесь часов написано характеристиках не работает максимум час не сегодняшний день раза заряд батарею жрет лошадь зарядку ставишь колонку музыка играет не заряжается не берети,человек не видеться час написать характеристика не работать максимум час не сегодняшний день раз заряд батарея жрет лошадь зарядка ставить колонка музыка играть не заряжается не берети
2919,526,Электроника,5,positive,2026-06-02,Очень рекомендую ! Замечательная колонка. Ребенок в восторге. Блютуз помогает сделать так что бы ребенок слушал то что он любит сейчас. А дальше уже я уверена понравятся и большее количество уже закаченных сказок и песен. Удобно что можно закрепить колонку на самокат или велосипед. И даже повесить на длинный шнур через плечо.,очень рекомендую замечательная колонка ребенок восторге блютуз помогает сделать ребенок слушал любит дальше уверена понравятся большее количество закаченных сказок песен удобно закрепить колонку самокат велосипед повесить длинный шнур плечо,очень рекомендовать замечательный колонка ребёнок восторг блютуз помогать сделать ребёнок слушать любить далёкий уверена понравятся больший количество закаченных сказка песня удобный закрепить колонка самокат велосипед повесить длинный шнур плечо
2959,531,Электроника,5,positive,2026-05-12,"Приятная колонка, работает хорошо, зарядил один раз, проработала на улице пол дня, пока не разрядилась) буду тестировать дальше. По ощущениям не хватает высоких частот, попробую с эквалайзером поковыряться, может дело в моём телефоне.",приятная колонка работает хорошо зарядил проработала улице пол дня пока не разрядилась буду тестировать дальше ощущениям не хватает высоких частот попробую эквалайзером поковыряться дело моём телефоне,приятный колонка работать хорошо зарядить проработать улица пол день пока не разрядиться быть тестировать далёкий ощущение не хватать высокий частота попробую эквалайзер поковыряться дело моём телефон
2975,533,Электроника,5,positive,2026-05-06,Очень хорошая качественные колонки звучание просто супер можно брать как на дачу так и на море на любой пикник советую Чёткое звучание Всё супер,очень хорошая качественные колонки звучание просто супер брать дачу море любой пикник советую чёткое звучание супер,очень хороший качественный колонка звучание просто супер брать дача море любой пикник советовать чёткий звучание супер
3001,540,Электроника,5,positive,2026-05-24,"К колонке прилагается кабель зарядки. В течение 20 мин. зарядилась.По блютусу колонка быстро распознала телефон Самсунг. Звук громкий, насыщенный. Быстрая доставка в течение 2_х дней. Спасибо команде продавцов!",колонке прилагается кабель зарядки течение мин зарядилась блютусу колонка быстро распознала телефон самсунг звук громкий насыщенный быстрая доставка течение дней спасибо команде продавцов,колонка прилагаться кабель зарядка течение мина зарядиться блютусу колонка быстро распознала телефон самсунг звук громкий насыщенный быстрый доставка течение день спасибо команда продавец
3015,545,Электроника,5,positive,2026-05-20,"Упаковывать такие вещи нужно надежнее. Колонка супер, громкая, басы есть Коробка была мягко говоря не в очень хорошем состоянии и вскрыта",упаковывать такие вещи нужно надежнее колонка супер громкая басы коробка мягко говоря не очень хорошем состоянии вскрыта,упаковывать такой вещь нужный надёжный колонка супер громкий бас коробка мягко говорить не очень хороший состояние вскрыть
3024,549,Электроника,5,positive,2026-07-20,"Доставка супер. Колонка отличная, для покатушек на вело самое то. Правда крепление слабовато но держится. Звук громкий для такого формата не дребезжит. Продавца рекомендую.",доставка супер колонка отличная покатушек вело самое правда крепление слабовато держится звук громкий такого формата не дребезжит продавца рекомендую,доставка супер колонка отличный покатушка вести самое правда крепление слабовато держаться звук громкий такой формат не дребезжит продавец рекомендовать
3054,558,Электроника,4,positive,2026-07-14,"Снял один балл за микро-юсб.Подсветка отключается легко- 4винта открутил и вытащил одну клемму. Блютуз не пробовал, а карта, флешка и радио работают. единственно карту читает не с начала, поэтому на нее музыку, телефон хорошо держится даже в вертикальном положении. Легко настроилась, звук для нее хороший гнездо зарядки микро!!!!!",снял балл микро-юсб подсветка отключается легко винта открутил вытащил одну клемму блютуз не пробовал карта флешка радио работают единственно карту читает не начала поэтому музыку телефон хорошо держится вертикальном положении легко настроилась звук хороший гнездо зарядки микро,снять балл микро юсб подсветка отключаться винт открутить вытащить одну клемма блютуз не пробовать карта флешка радио работать единственно карта читать не начало поэтому музыка телефон хорошо держаться вертикальный положение легко настроилась звук хороший гнездо зарядка микро
3078,561,Электроника,5,positive,2025-06-05,"Аккумулятор 500, на долго её не хватит, конечно. Но зато можно в кармане носить Крошечная, но звук хороший, не тихая. Заказывала сиреневую, прислали зелёную))) Но мне цвет вообще не был важен",аккумулятор долго её не хватит зато кармане носить крошечная звук хороший не тихая заказывала сиреневую прислали зелёную цвет вообще не важен,аккумулятор долго её не хватить зато карман носить крошечный звук хороший не тихий заказывать сиреневый прислать зелёный цвет вообще не важный
3173,585,Электроника,5,positive,2026-07-18,"Пока всё чётко, работает. В целом доволен. Звук устраивает. Месяц подписки подарили. Классная колонка. Спасибо продавцу. Один минус отсутствует блок питания.",пока чётко работает целом доволен звук устраивает месяц подписки подарили классная колонка спасибо продавцу минус отсутствует блок питания,пока чёткий работать целое довольный звук устраивать месяц подписка подарить классный колонка спасибо продавец минус отсутствовать блок питание
3182,586,Электроника,5,positive,2026-06-16,"Дизайн колонки очень красивый,за свою цену вообще идеально,правда заряд не очень долго держит,ну и звук для маленького пространства норм,а так сами понимаете",дизайн колонки очень красивый цену вообще идеально правда заряд не очень долго держит звук маленького пространства норм сами понимаете,дизайн колонка очень красивый цена вообще идеально правда заряд не очень долго держать звук маленький пространство норма сами понимать
3185,586,Электроника,4,positive,2025-08-12,"Внешний вид в целом неплох, видно, что вещица дешёвая. Отвечает своей цене. Звук, конечно, *** Опять же, в свою цену.",внешний вид целом неплох видно вещица дешёвая отвечает своей цене звук цену,внешний вид целое неплох видно вещица дешёвый отвечать свой цена звук цена
3198,588,Электроника,5,positive,2026-07-11,"Понравилась. Цена качество отличное. Хорошая колонка, звук громкий и четкий. Можно примагнитить к любой железной поверхности. Выкупил После 30% заряда громко пищит, просит зарядку",понравилась цена качество отличное хорошая колонка звук громкий четкий примагнитить любой железной поверхности выкупил заряда громко пищит просит зарядку,понравиться цена качество отличный хороший колонка звук громкий чёткий примагнитить любой железный поверхность выкупить заряд громко пищит просить зарядка
3247,609,Электроника,1,negative,2025-08-02,"Обман , быстрой зарядки этот адаптер не имеет, хотя крупным шрифтом написано, что есть, не рекомендую, кому действительно нужна быстрая зарядка",обман быстрой зарядки адаптер не имеет хотя крупным шрифтом написано не рекомендую кому действительно нужна быстрая зарядка,обман быстрый зарядка адаптер не иметь хотя крупный шрифт написать не рекомендовать кто действительно нужный быстрый зарядка
3266,617,Электроника,1,negative,2026-01-21,"не советую брать провод у этого продавца. провод пришел не рабочий,проверить на пвз не было возможности т.к часы были не с собой,вернуть не получилось,продавец отклонил заявку. вот и думайте,лучше купите на *** оригинальный провод😉 брак",не советую брать провод продавца провод пришел не рабочий проверить пвз не возможности т часы не собой вернуть не получилось продавец отклонил заявку думайте купите оригинальный провод брак,не советовать брать провод продавец провод прийти не рабочий проверить пвз не возможность т час не себя вернуть не получиться продавец отклонить заявка думать купить оригинальный провод брак
3351,652,Электроника,5,positive,2026-03-21,"Отлично! Зарядное прекрасно работает. Мощность даже при выдаваемых 5 В очень хорошая. Есть отображение передаваемой мощности. Рекомендую! Недостаток только один - выключается при очень малых нагрузках, например, если заряжать беспроводные наушники. Не является проблемой, их можно зарядить от других мест.",отлично зарядное прекрасно работает мощность выдаваемых очень хорошая отображение передаваемой мощности рекомендую недостаток выключается очень малых нагрузках например заряжать беспроводные наушники не является проблемой зарядить других мест,отличный зарядный прекрасно работать мощность выдавать очень хороший отображение передавать мощность рекомендовать недостаток выключаться очень малый нагрузка например заряжать беспроводный наушник не являться проблема зарядить других место
3395,671,Электроника,5,positive,2026-07-19,"самая лучшая зарядка из всех которые заказывала на айфон, заказала пять, четыре сломались через две недели, эта даже не собирается уже второй месяц) хорошая зарядка",самая лучшая зарядка которые заказывала айфон заказала пять четыре сломались две недели эта не собирается второй месяц хорошая зарядка,самая хороший зарядка которые заказывать айфон заказать пять четыре сломаться два неделя этот не собираться второй месяц хороший зарядка
3397,672,Электроника,5,positive,2026-03-03,Зарядное хорошее . кабель длинный 2 метра. Спасибо за подарочек в виде подставки для телефона . Все понравилось. Заряжает быстро.,зарядное хорошее кабель длинный метра спасибо подарочек виде подставки телефона понравилось заряжает быстро,зарядный хороший кабель длинный метр спасибо подарочек вид подставка телефон понравиться заряжать быстро
3422,680,Электроника,5,positive,2026-07-16,"Хороший блок. Заряжает быстро и стабильно. Наличие Type-C и USB-S в одном блоке — суперудобно, можно заряжать два гаджета сразу. Очень доволен покупкой!",хороший блок заряжает быстро стабильно наличие одном блоке суперудобно заряжать гаджета сразу очень доволен покупкой,хороший блок заряжать быстро стабильно наличие type c usb s одном блок суперудобно заряжать гаджет сразу очень довольный покупка
3427,683,Электроника,5,positive,2026-01-02,"Блок зарядки очень хороший, заряжает 50% за 30-40 мин довольно удобная. Блок зарядки очень удобный, рекомендую! Заряжает очень быстро, удобная и крепкая Упаковка из пупырок и пакетика сомнительная",блок зарядки очень хороший заряжает мин довольно удобная блок зарядки очень удобный рекомендую заряжает очень быстро удобная крепкая упаковка пупырок пакетика сомнительная,блок зарядка очень хороший заряжать мина довольно удобный блок зарядка очень удобный рекомендовать заряжать очень быстро удобный крепкий упаковка пупырок пакетик сомнительный
3538,730,Одежда и обувь,5,positive,2026-07-22,"Отличные кроссовки, 2 год покупаю ребенку в школу. За учебный год сохраняют форму ,ничего не оторвалась и не отклеилось ,стираю в машинке. Хватает и на лето гулять сыну",отличные кроссовки год покупаю ребенку школу учебный год сохраняют форму не оторвалась не отклеилось стираю машинке хватает лето гулять сыну,отличный кроссовки год покупать ребёнок школа учебный год сохранять форма не оторваться не отклеиться стираю машинка хватать лето гулять сын
3549,734,Одежда и обувь,5,positive,2026-07-19,"Кроссовки красивые, качество хорошее, покупали в подарок. 41 размер подошёл на ступню 27 см. Подарок очень понравился, удобные, легкие. Спасибо.",кроссовки красивые качество хорошее покупали подарок размер подошёл ступню см подарок очень понравился удобные легкие спасибо,кроссовки красивый качество хороший покупать подарок размер подойти ступня подарок очень понравиться удобный лёгкое спасибо
3590,750,Одежда и обувь,1,negative,2026-04-01,"Товар грязный, упаковкой как буд-то футбол играли. Даже не проверяют что отправляют клиентам. При этом заставляют делать возврат, так как в данном пвз увидели что грязные. А предыдущий сотрудник спокой принял после отказа грязну обувь",товар грязный упаковкой буд-то футбол играли не проверяют отправляют клиентам заставляют делать возврат данном пвз увидели грязные предыдущий сотрудник спокой принял отказа грязну обувь,товар грязный упаковка буд футбол играть не проверять отправлять клиент заставлять делать возврат данном пвз увидеть грязный предыдущий сотрудник спокой принять отказ грязну обувь
3602,754,Одежда и обувь,1,negative,2026-06-23,Через два дня перед нами такая картина 🤷🏻‍♀️ не качественный товар и конечно де возврат не сможем аформить носили же 2 дня? Что это вообще за обращение к покупателю продавайте качественный товар!! Внешний вид Брак,дня нами такая картина не качественный товар де возврат не сможем аформить носили дня вообще обращение покупателю продавайте качественный товар внешний вид брак,день нами такой картина не качественный товар де возврат не смочь аформить носить день вообще обращение покупатель продавать качественный товар внешний вид брак
3691,785,Одежда и обувь,1,negative,2026-05-13,"Заказывали 38 размер ребенку,пришел 41.При этом на упаковке указан как 39 размер,так и 41, а ещё и размер S.При этом на самих кроссовках размер не указан.На пвз не дали оформить возврат.Очень обидно Неверный размер.На упаковке указано несколько размеров.",заказывали размер ребенку пришел упаковке указан размер размер самих кроссовках размер не указан пвз не дали оформить возврат очень обидно неверный размер упаковке указано несколько размеров,заказывать размер ребёнок прийти упаковка указать размер размер самих кроссовках размер не указать пвз не дать оформить возврат очень обидный неверный размер упаковка указать несколько размер
3699,789,Одежда и обувь,1,negative,2026-06-14,Ужасное качество не стоющее своих денег 2 дня носил порвались В футбол не играл Не бегал в них Просто ходил,ужасное качество не стоющее своих денег дня носил порвались футбол не играл не бегал просто ходил,ужасный качество не стоющее свой деньга день носить порваться футбол не играть не бегать просто ходить
3726,798,Одежда и обувь,5,positive,2026-04-23,"У меня широкая стопа, на 41,5 нужно брать 43, очень удобные, подошва просто супер. Покупкой доволен , рекомендую к приобретению. удобно носить в процессе носки увижу",широкая стопа нужно брать очень удобные подошва просто супер покупкой доволен рекомендую приобретению удобно носить процессе носки увижу,широкий стопа нужный брать очень удобный подошва просто супер покупка довольный рекомендовать приобретение удобный носить процесс носок увидеть
3735,801,Одежда и обувь,5,positive,2026-07-10,"Заказывал по таблице на свой 42 российский, 43 как указано в товаре. Оказались немного большеватые. А так в целом очень удобные. По качеству пока ничего сказать не могу, нужно время",заказывал таблице свой российский указано товаре оказались немного большеватые целом очень удобные качеству пока не могу нужно время,заказывать таблица свой российский указать товар оказаться немного большеватый целое очень удобный качество пока не мочь нужный время
3746,805,Одежда и обувь,1,negative,2026-04-13,"Обувь совершенно не соответствует размерной таблице. Это значительно больше минимального размера, который был заказан! ! Выглядит дешево и сильно пахнет клеем! ! Если не хотите испортить себе настроение, не заказывайте! !",обувь совершенно не соответствует размерной таблице значительно минимального размера который заказан выглядит дешево сильно пахнет клеем не хотите испортить настроение не заказывайте,обувь совершенно не соответствовать размерный таблица значительно минимальный размер который заказать выглядеть дешево сильно пахнуть клей не хотеть испортить настроение не заказывать
3754,808,Одежда и обувь,5,positive,2026-07-15,"Здравствуйте! Очень понравилось качество: швы аккуратные, внутри мягко и удобно! К сожалению размер удалось подобрать только с третьего заказа, помучали продавца.",здравствуйте очень понравилось качество швы аккуратные внутри мягко удобно сожалению размер удалось подобрать третьего заказа помучали продавца,здравствовать очень понравиться качество шов аккуратный внутри мягко удобный сожаление размер удаться подобрать третий заказ помучали продавец
3777,816,Одежда и обувь,4,positive,2026-06-08,"Как обычно..размер не точно указан..мой размер 44(28 или 28.5 см)..взял 46 размер...в притык вышер..если разогнался ,то тормозить нужно окуратно...чтобы не получилось как у """" Ну Погоди"""" с примеркой коньков))) а так..норм..",обычно размер не точно указан размер см взял размер притык вышер разогнался тормозить нужно окуратно не получилось погоди примеркой коньков норм,обычно размер не точно указать размер см взять размер притык вышер разогнаться тормозить нужный окуратно не получиться погоди примерка конёк норма
3844,842,Одежда и обувь,5,positive,2025-11-07,"Упаковано в коробку и плюс еще два пакета . Курточка идет в размер, качество огонь 🔥села идеально, рукава не короткие и не длинные ,а это редкость, я безумно довольна 😍😍😍 Рекомендую к покупке 👍 За упаковку я бы поставила отдельные 5 ⭐",упаковано коробку плюс пакета курточка идет размер качество огонь села идеально рукава не короткие не длинные редкость безумно довольна рекомендую покупке упаковку поставила отдельные,упаковать коробка плюс пакет курточка идти размер качество огонь село идеально рукава не короткий не длинный редкость безумно довольный рекомендовать покупка упаковка поставить отдельный
3875,847,Одежда и обувь,5,positive,2026-07-22,"На первый взгляд простенький, а когда доставили влюбилась Качество отличное, капюшон есть, зимой думаю в -15 будет очень комфортно На рукавах резинки Но!, большемерит... Перезаказала",первый взгляд простенький доставили влюбилась качество отличное капюшон зимой думаю очень комфортно рукавах резинки большемерит перезаказала,первый взгляд простенький доставить влюбиться качество отличный капюшон зима думать очень комфортный рукав резинка большемерит перезаказала
3886,848,Одежда и обувь,5,positive,2026-01-19,"Нормальная куртка за этот ценник, куртка идет оверсайз, на бёдра 115 размер L. был хорошо как раз, рост 175 рукава хорошие, попу прикрывает , но дочка захотела больший оверсайз , перезаказали на. XL, в сильные морозы можно теплую толстовку подотеть и будет хорошо.",нормальная куртка ценник куртка идет оверсайз бёдра размер хорошо рост рукава хорошие попу прикрывает дочка захотела больший оверсайз перезаказали сильные морозы теплую толстовку подотеть хорошо,нормальный куртка ценник куртка идти оверсайз бёдра размер хорошо рост рукав хороший поп прикрывать дочка захотеть больший оверсайз перезаказали xl сильный мороз тёплый толстовка подотеть хороший
3947,858,Одежда и обувь,5,positive,2026-02-25,"Если хотите как аверсайснадо брать на 2 размера больше Очень интересная модель, много разных дополнений. Можно затянуть капюшон, по спинке и и рукава можно сделать 3/4, можно сделать большой загиб. Вообще советую не пожалеете.",хотите аверсайснадо брать размера очень интересная модель разных дополнений затянуть капюшон спинке рукава сделать сделать большой загиб вообще советую не пожалеете,хотеть аверсайснадо брать размер очень интересный модель разный дополнение затянуть капюшон спинка рукав сделать сделать большой загиб вообще советовать не пожалеете
3950,859,Одежда и обувь,5,positive,2026-03-05,Вообщэ я у вас выбирала между 2 пуховиками . Оба из вашего брэнда . Купила светлый . Темный очень большой оказался обьем груди 124. Но в этой L я утонула . Поэтому на L и 56 и 58 можно спокойно .. если летом скидки будут я наверное его куплю можэт посмотрим,вообщэ выбирала пуховиками оба вашего брэнда купила светлый темный очень большой оказался обьем груди утонула поэтому спокойно летом скидки будут наверное куплю можэт посмотрим,вообщэ выбирать пуховиками оба ваш брэнд купить светлый тёмный очень большой оказаться обьем грудь l утонуть поэтому l спокойно лето скидка быть наверное купля можэт посмотреть
3980,863,Одежда и обувь,5,positive,2026-03-11,"Вроде по качеству ткани ничего, но, думаю после первой стирки собьется весь синтепон, и пошив вроде тоже ничего, и опять же но,, смутила бирка с размером которая просто приклеянна как будто отшивают в подвале.. Извините возврат..на худышек скорее всего будет смотрется отлично но мне нужно качество.",вроде качеству ткани думаю первой стирки собьется весь синтепон пошив вроде смутила бирка размером которая просто приклеянна отшивают подвале извините возврат худышек скорее смотрется отлично нужно качество,вроде качество ткань думать первый стирка собьется весь синтепон пошить вроде смутить бирка размер которая просто приклеянна отшивать подвал извинить возврат худышка скорее смотрется отлично нужный качество
4037,871,Одежда и обувь,3,neutral,2026-02-11,"Мой размер 44, заказала куртку 44, но увы, оказалась велика и очень. Поэтому возврат. Куртка не плохая, но есть ""но"" Мех ужасный",размер заказала куртку увы оказалась велика очень поэтому возврат куртка не плохая мех ужасный,размер заказать куртка увы оказаться большой очень поэтому возврат куртка не плохой мех ужасный
4044,873,Одежда и обувь,5,positive,2026-01-29,"Понравилась всем, размер в размер, качество отличное, тёплая и красивая, сидит на мне отлично! И цвет совпадает!! Тёплая и красивая",понравилась всем размер размер качество отличное тёплая красивая сидит отлично цвет совпадает тёплая красивая,понравиться всем размер размер качество отличный тёплый красивый сидеть отлично цвет совпадать тёплый красивый
4058,875,Одежда и обувь,3,neutral,2026-07-10,"Модель куртка супер! Легкая, но! в некоторых местах тонкая, пух куда-то сбился и уже тонкая, плащёвка. А после стирки будет ужас.",модель куртка супер легкая некоторых местах тонкая пух куда-то сбился тонкая плащёвка стирки ужас,модель куртка супер лёгкий некоторый место тонкий пух сбился тонкий плащёвка стирка ужас
4060,875,Одежда и обувь,5,positive,2026-03-17,"100 из 100!!!! Отлично сидит на фигуре,ношу на кулиске))) качество соответствует заявленному,лёгкая,но тёплая. Особенно нравится объемный капюшон,в нем очень тепло. !!!",отлично сидит фигуре ношу кулиске качество соответствует заявленному лёгкая тёплая особенно нравится объемный капюшон нем очень тепло,отлично сидеть фигура носить кулиске качество соответствовать заявленному лёгкий тёплый особенно нравиться объёмный капюшон нем очень тёплый
4069,876,Одежда и обувь,5,positive,2026-06-26,"Такие китайцы интересные,все по-другому. Конечно,фото не соответствует реальности. На фото как наши пуханы,но на деле просто ткань,а не водоотталивающая даже,пуховик очень лёгкий,а покупала я его в июне,так что не знаю, как он себя поведёт зимой. Смотрится неплохо,мне длинный,прямо до щиколоток,спит хорошо,без излишки,два кармана и один на замочке. Оставила,пусть будет что-то новенькое у меня)",такие китайцы интересные по-другому фото не соответствует реальности фото наши пуханы деле просто ткань не водоотталивающая пуховик очень лёгкий покупала июне не знаю поведёт зимой смотрится неплохо длинный прямо щиколоток спит хорошо излишки кармана замочке оставила пусть что-то новенькое,такой китаец интересный другой фото не соответствовать реальность фото наш пуханы дело просто ткань не водоотталивающая пуховик очень лёгкий покупать июнь не знать поведёт зима смотреться неплохо длинный прямо щиколотка спать хорошо излишки карман замочек оставить пусть новенький
4071,876,Одежда и обувь,5,positive,2026-01-23,На фото выглядит короче чем есть на самом деле но это больше плюс чем минус По фигуре сидит хорошо не большемерит и не маломерит.Тонкий не тяжёлый .,фото выглядит короче самом деле плюс минус фигуре сидит хорошо не большемерит не маломерит тонкий не тяжёлый,фото выглядеть короче самом дело плюс минус фигура сидеть хорошо не большемерит не маломерит тонкий не тяжёлый
4102,881,Одежда и обувь,5,positive,2026-06-15,Теплая куртка стильная доступная по цене. Покупала дочке 165 рост худенькая на ней смотрится как на картинке. . Дочка носит размер 42 куртка размер 40 и смотрится в оверсайсе. Большемерит.,теплая куртка стильная доступная цене покупала дочке рост худенькая смотрится картинке дочка носит размер куртка размер смотрится оверсайсе большемерит,тёплый куртка стильный доступный цена покупать дочка рост худенький смотреться картинка дочка носить размер куртка размер смотреться оверсайсе большемерит
4111,883,Одежда и обувь,5,positive,2026-07-21,"Сам пуховик понравился)) эффектно смотрится, отстрочено не ровно, есть косяки, но за такую цену и сам эффект Вау забрала. На рост 158 размер у меня 48 . О/б-106 о/т- 80 О/г -106-круто. Заказала L. Благодарю отзыв выше. Девушка написала размер, ориентировалась по ней. Нет опознавательного вкладыша на счет пуха, что внутри-какое наполнение))) картонки отдельно от пуховика выпали))) за 2500 сказка!!!!",пуховик понравился эффектно смотрится отстрочено не ровно косяки такую цену эффект вау забрала рост размер б т г круто заказала благодарю отзыв выше девушка написала размер ориентировалась нет опознавательного вкладыша счет пуха внутри-какое наполнение картонки отдельно пуховика выпали сказка,пуховик понравиться эффектно смотреться отстрочить не ровно косяк такой цена эффект вау забрать рост размер г заказать благодарить отзыв высоко девушка написать размер ориентироваться нет опознавательный вкладыш счёт пух внутри какой наполнение картонка отдельно пуховик выпасть сказка
4126,885,Одежда и обувь,5,positive,2026-01-17,"Вернула и получила возврат средств вечером в день возврата товара. Крой и фасон , и цвет все на отлично! Пуховик приехал после примерок: в измятом виде , с оторванной пуговицей и порывом ткани в том месте ( крепится капюшон с манишкой с использованием пуговичек). В трех местах на поверхности были запачканные места .",вернула получила возврат средств вечером день возврата товара крой фасон цвет отлично пуховик приехал примерок измятом виде оторванной пуговицей порывом ткани месте крепится капюшон манишкой использованием пуговичек трех местах поверхности запачканные места,вернуть получить возврат средство вечер день возврат товар крой фасон цвет отлично пуховик приехать примерка измятый вид оторвать пуговица порыв ткань место крепиться капюшон манишка использование пуговичка три место поверхность запачканные место
4154,889,Одежда и обувь,5,positive,2026-04-05,"Отличная повседневная парка, аккуратно прошитая. На рост 175 выше колена. Но оооочень большемерит, на рр 52 вполне подойдёт на 58-60",отличная повседневная парка аккуратно прошитая рост выше колена оочень большемерит рр вполне подойдёт,отличный повседневный парка аккуратно прошитая рост высоко колено оочень большемерит рр вполне подойти
4157,889,Одежда и обувь,5,positive,2026-03-09,"Тот самый случай, когда видишь вещи на фото и понимаешь, что она 100% тебе подойдёт. То, что я искала на весну/осень, когда в пальто ещё холодно, а в зимнем пуховике или парке уже жарко. Приятный оверсайз. Качественная верхняя одежда на весну/осень Нет",самый случай видишь вещи фото понимаешь тебе подойдёт искала весну осень пальто холодно зимнем пуховике парке жарко приятный оверсайз качественная верхняя одежда весну осень нет,самый случай видеть вещь фото понимать тебе подойдёт искать весна осень пальто холодный зимний пуховик парк жаркий приятный оверсайз качественный верхний одежда весна осень нет
4158,890,Одежда и обувь,3,neutral,2026-06-12,"Как можно приобрести эту вещь?,пришла вся куртка с наружи, пакет внутри,.т.е мотали, шоркали курточку при доставке и теперь пожалуйста берите,мерить не стала,так нельзя покупателю товар представлять,а так куртка хорошая,попробую ещё раз заказать,может повезёт и будет достойна упакована",приобрести вещь пришла вся куртка наружи пакет внутри т е мотали шоркали курточку доставке пожалуйста берите мерить не стала покупателю товар представлять куртка хорошая попробую заказать повезёт достойна упакована,приобрести вещь прийти весь куртка наружи пакет внутри т е мотать шоркать курточка доставка пожалуйста берите мерить не стать покупатель товар представлять куртка хороший попробую заказать повезёт достойный упаковать
4161,890,Одежда и обувь,4,positive,2026-02-28,"Во первых упаковка... Кошмар... Сто пакетов и фабричный порван. Но это вб виноват, не продавец. А вот к продавцу вопрос... Мой размер 48 50 99-84-108, рост не модельный 158. Заказала 46. В бедрах запаса практически нет, в плечах места вагон, качок влезет, рукава широкие и длинные, в талии должен быть живот, хотя у меня есть небольшой но все равно много было. Что за лекала такие непонятные? Какой формы должно быть тело женщины, что бы куртка на нее села? Наверное атлетка... Ткань неплохая нетонкая, водостойкость не проверяла, сшито на 4, рукав внизу выворачивается при надевании и виден шов, набита хорошо и теплая, хоть и не толстая. Она греет и еще она легкая. Да и цвет очень приятный, уходит в серый. На пару сезонов куртки хватит. Сняла звезду за пошив и лекала. Очень хочу поставить -10 за упаковку сотрудникам вб!",первых упаковка кошмар сто пакетов фабричный порван вб виноват не продавец продавцу вопрос размер рост не модельный заказала бедрах запаса практически нет плечах места вагон качок влезет рукава широкие длинные талии должен живот хотя небольшой равно лекала такие непонятные формы должно тело женщины куртка села наверное атлетка ткань неплохая нетонкая водостойкость не проверяла сшито рукав внизу выворачивается надевании виден шов набита хорошо теплая не толстая греет легкая цвет очень приятный уходит серый пару сезонов куртки хватит сняла звезду пошив лекала очень хочу поставить упаковку сотрудникам вб,первый упаковка кошмар сто пакет фабричный порвать вб виноватый не продавец продавец вопрос размер рост не модельный заказать бедро запас практически нет плечо место вагон качок влезет рукав широкий длинный талия должный живот хотя небольшой равный лекала такой непонятный форма должный тело женщина куртка село наверное атлетка ткань неплохой нетонкая водостойкость не проверять сшить рукав внизу выворачивается надевание видный шов набить хорошо тёплый не толстый греть лёгкий цвет очень приятный уходить серый пара сезон куртка хватить снять звезда пошив лекала очень хотеть поставить упаковка сотрудник вб
4182,893,Одежда и обувь,5,positive,2026-03-18,"Не подошёл размер. Смотрелась очень большой на мне. Был бы размер меньше с удовольствием взяла тем более, что скидка очень хорошая) Красивая , хорошая",не подошёл размер смотрелась очень большой размер меньше удовольствием взяла скидка очень хорошая красивая хорошая,не подойти размер смотрелась очень большой размер меньше удовольствие взять скидка очень хороший красивый хороший
4187,893,Одежда и обувь,5,positive,2026-03-08,"хорошая курточка, S на 46 размер оверсайз сидит, получается большемерит. высокое горлышко мне очень понравилось, у нас всегда ветер. но совсем не подошел этот цвет к лицу, сделал меня больной на вид 😢",хорошая курточка размер оверсайз сидит получается большемерит высокое горлышко очень понравилось ветер не подошел цвет лицу сделал больной вид,хороший курточка s размер оверсайз сидеть получаться большемерит высокий горлышко очень понравиться ветер не подойти цвет лицо сделать больной вид
4207,897,Одежда и обувь,4,positive,2023-12-29,"Размер не соответствует описанию и таблице. На свой 50-52 XL взяла 48 L, оказал велик. Качество очень хорошее и цвет, выглядит дорого. К сожалению, не подошёл размер. Возможно, доеду до магазина, чтобы померят наверняка, затем перезакажу. К покупке рекомендую, но берите на два размера меньше.",размер не соответствует описанию таблице свой взяла оказал велик качество очень хорошее цвет выглядит дорого сожалению не подошёл размер возможно доеду магазина померят наверняка затем перезакажу покупке рекомендую берите размера меньше,размер не соответствовать описание таблица свой xl взять l оказать велик качество очень хороший цвет выглядеть дорого сожаление не подойти размер возможно доеду магазин померить наверняка затем перезакажу покупка рекомендовать брать размер меньше
4255,903,Одежда и обувь,5,positive,2026-01-04,"Хороший пуховик, очень красивый, упаковка вообще выше всех похвал, но не подошёл размер, так как фигура груша, широковато верх. Но однозначно рекомендую",хороший пуховик очень красивый упаковка вообще выше похвал не подошёл размер фигура груша широковато верх однозначно рекомендую,хороший пуховик очень красивый упаковка вообще высоко похвал не подойти размер фигура груша широковато верх однозначно рекомендовать
4259,903,Одежда и обувь,5,positive,2025-12-26,"Хороший пуховик, теплый, но кнопки сбоку слабые. Растягиваются легко практически до пояса, пришлось зашить 2/3 разреза и удалить декоративные «хвостики» внизу (не понравились)",хороший пуховик теплый кнопки сбоку слабые растягиваются легко практически пояса пришлось зашить разреза удалить декоративные хвостики внизу не понравились,хороший пуховик тёплый кнопка сбоку слабый растягиваться легко практически пояс прийтись зашить разрез удалить декоративный хвостик внизу не понравиться
4283,910,Одежда и обувь,5,positive,2025-10-14,"пуховик очень комфортный и удобный, сидеть в нём очень удобно, ничего не тянется. капюшон большой, от холодного ветра и снега спасает. минусов нет",пуховик очень комфортный удобный сидеть нём очень удобно не тянется капюшон большой холодного ветра снега спасает минусов нет,пуховик очень комфортный удобный сидеть нём очень удобный не тянуться капюшон большой холодный ветер снег спасать минус нет
4294,913,Одежда и обувь,5,positive,2025-12-27,"Неплохая куртка за свои деньги Материал верха довольно тонкий ,как демисезонка до -10 подойдёт на более серьёзный мороз вряд-ли Кроме материала верха все хорошо",неплохая куртка свои деньги материал верха довольно тонкий демисезонка подойдёт серьёзный мороз вряд-ли кроме материала верха хорошо,неплохой куртка свой деньга материал верх довольно тонкий демисезонка подойти серьёзный мороз вряд кроме материал верх хороший
4307,915,Одежда и обувь,5,positive,2025-11-26,"Хотела перезаключить размер меньше, но этого цвета уже нет, да и ждать ещё полтора месяца доставку не хочется. Пуховик очень хороший, качественно пошит, красивый. Но на мой 56 размер - большой, хоть я и утонула внизу резиночку, всё равно велик, и в области плеч, и рукава широкие. Надо было брать 54 размер или даже 52. Жаль, очень понравилась куртка. Очень долго ждала его, больше месяца доставляли.",хотела перезаключить размер меньше цвета нет ждать полтора месяца доставку не хочется пуховик очень хороший качественно пошит красивый размер большой утонула внизу резиночку равно велик области плеч рукава широкие брать размер жаль очень понравилась куртка очень долго ждала месяца доставляли,хотеть перезаключить размер меньше цвет нет ждать полтора месяц доставка не хотеться пуховик очень хороший качественно пошит красивый размер большой утонуть внизу резиночка равный большой область плечо рукава широкий брать размер жаль очень понравиться куртка очень долго ждать месяц доставлять
4337,920,Одежда и обувь,3,neutral,2025-10-21,"Легкая, теплая куртка, удачный фасон, не продувается, не промокает. В общем, хорошая В нескольких куртках при примерке замок заедал вверху - собачка застревала и не опускалась вниз.",легкая теплая куртка удачный фасон не продувается не промокает общем хорошая нескольких куртках примерке замок заедал вверху собачка застревала не опускалась вниз,лёгкий тёплый куртка удачный фасон не продуваться не промокать общий хороший несколько куртка примерка замок заедал вверху собачка застревала не опускаться вниз
4376,925,Одежда и обувь,5,positive,2026-01-25,"Куртка интересная, модель смотрится оригинально за счет цвета, воротника и манжетов. Сама по себе куртка тяжелая , но теплая. На размер 44-46 xs - в самый раз . Покупкой осталась очень довольна",куртка интересная модель смотрится оригинально счет цвета воротника манжетов сама куртка тяжелая теплая размер самый покупкой осталась очень довольна,куртка интересный модель смотреться оригинально счёт цвет воротник манжетов сама куртка тяжёлый тёплый размер xs самый покупка остаться очень довольный
4394,928,Одежда и обувь,5,positive,2026-02-07,"На параметры 98-78-104 и рост 170 см подошла идеально: и длина рукавов, и длина изделия. Немного высоковато пришиты карманы, но это не принципиально. Не обычный фасон! Пухленькая! Странно пришита (или вшита?) планка в районе воротника!? Из-за этого капюшон можно подвернуть только в верхней части, спереди мешает вшитая планка.",параметры рост см подошла идеально длина рукавов длина изделия немного высоковато пришиты карманы не принципиально не обычный фасон пухленькая странно пришита вшита планка районе воротника из-за капюшон подвернуть верхней части спереди мешает вшитая планка,параметр рост см подойти идеально длина рукав длина изделие немного высоковатый пришить карман не принципиальный не обычный фасон пухленький странно пришить вшита планка район воротник капюшон подвернуть верхний часть спереди мешать вшитая планка
4405,929,Одежда и обувь,5,positive,2026-01-13,"Надевала куртку и в 0 и в -27. Очень теплая куртка, в мороз в ней не мерзнешь. В 0 градусов уже жарковато. Хорошая водоотталкивающая ткань. Удобные и большие карманы. Так же есть внутренний карман и потайной в рукаве( в нем удобно ключи носить лично мне, всегда под рукой). Мой рост 162, ношу размер S, но так как это оверсайз взяла на размер меньше. На мне смотрится, как пальто. Но мне это было необходимо. Цена полностью соответствует качеству. Бере уже вторую вещь от вашего бренда Удобная, комфортная, теплая",надевала куртку очень теплая куртка мороз не мерзнешь градусов жарковато хорошая водоотталкивающая ткань удобные большие карманы внутренний карман потайной рукаве нем удобно ключи носить лично рукой рост ношу размер оверсайз взяла размер меньше смотрится пальто необходимо цена полностью соответствует качеству бере вторую вещь вашего бренда удобная комфортная теплая,надевать куртка очень тёплый куртка мороз не мёрзнуть градус жарковатый хороший водоотталкивающая ткань удобный больший карман внутренний карман потайной рукав нем удобный ключ носить лично рука рост носить размер s оверсайз взять размер меньше смотреться пальто необходимый цена полностью соответствовать качество бере второй вещь ваш бренд удобный комфортный тёплый
4520,948,Одежда и обувь,4,positive,2025-11-28,"Хороший качественный пошив,отличный сложный цвет.Основная причина отказа у меня и у многих покупателей -это не пуховик,как заявлено,тонкое пальто на осень.В минус не подойдет.Очень жаль ,модель длинная,но не теплая.",хороший качественный пошив отличный сложный цвет основная причина отказа многих покупателей не пуховик заявлено тонкое пальто осень минус не подойдет очень жаль модель длинная не теплая,хороший качественный пошив отличный сложный цвет основный причина отказ многих покупатель не пуховик заявить тонкий пальто осень минус не подойти очень жаль модель длинный не тёплый
4529,949,Одежда и обувь,5,positive,2026-02-02,"Лёгкое,тёплое,хорошая фурнитура,хорошие швы,мех тоже хороший,ношу всю зиму. Нужно было отпаривать,так как в рекламе написано,что в течение суток отвесится-не правда,висело неделю, всё равно пришлось отпаривать.",лёгкое тёплое хорошая фурнитура хорошие швы мех хороший ношу зиму нужно отпаривать рекламе написано течение суток отвесится-не правда висело неделю равно пришлось отпаривать,лёгкий тёплый хороший фурнитура хороший шов мех хороший носить зима нужный отпаривать реклама написать течение суток отвесится не правда висеть неделя равный прийтись отпаривать
4570,957,Одежда и обувь,5,positive,2026-07-21,"Соответствует размеру. Ношу 44,свободно.теплая , думаю до -10, ткань плотная, грудь хорошо закрыта, не продует. В свои 70 лет, захотелось светлую, решила себя порадовать. Мой рост 158.покупкой довольна.",соответствует размеру ношу свободно теплая думаю ткань плотная грудь хорошо закрыта не продует свои лет захотелось светлую решила порадовать рост покупкой довольна,соответствовать размер носить свободно тёплый думать ткань плотный грудь хорошо закрыть не продует свой год захотеться светлый решить порадовать рост покупка довольный
4580,957,Одежда и обувь,5,positive,2026-04-30,"Эмоции переполняют, отличное качество, не жалею что приобрела куртку на WB.После стирки не садится и можно не бояться одевать в дождливую погоду,водоотталкивает.Благодарю!",эмоции переполняют отличное качество не жалею приобрела куртку стирки не садится не бояться одевать дождливую погоду водоотталкивает благодарю,эмоция переполнять отличный качество не жалеть приобрести куртка wb стирка не садиться не бояться одевать дождливый погода водоотталкивает благодарить
4603,962,Одежда и обувь,5,positive,2025-12-04,"Курточка хорошая, наконец то выбрала то, что мне подходит. Только с цветом не угадала, наверно, закажу другой цвет. А в остальном все отлично. Курточка хорошая, наконец то выбрала то, что мне подходит.",курточка хорошая выбрала подходит цветом не угадала наверно закажу цвет остальном отлично курточка хорошая выбрала подходит,курточка хороший выбрать подходить цвет не угадала наверно заказать цвет остальном отличный курточка хороший выбрать подходить
4646,969,Одежда и обувь,1,negative,2024-11-18,"красивая. ужасно огромная, будто 50 размер заказала. не стоит вообще своих денег, на зиму она не подойдет, слишком тонкая, так же испортится через месяц после носки, ибо весь ее пух осядет. лично я такую не порекомендовала бы. считаю что такая куртка стоит максимум 3/4 тысячи, но не больше. заказала 2 размера, думала с большими свитерами/оверсайз носить. в итоге в ней утонуть можно.",красивая ужасно огромная размер заказала не стоит вообще своих денег зиму не подойдет слишком тонкая испортится месяц носки ибо весь пух осядет лично такую не порекомендовала считаю такая куртка стоит максимум тысячи не заказала размера думала большими свитерами оверсайз носить итоге утонуть,красивый ужасно огромный размер заказать не стоить вообще свой деньга зима не подойти слишком тонкий испортиться месяц носка ибо весь пух осесть лично такой не порекомендовать считать такой куртка стоить максимум тысяча не заказать размер думать больший свитер оверсайз носить итог утонуть
4673,976,Одежда и обувь,1,negative,2025-12-17,"Сам пуховик неплохой Но хотела померить другой размер которого не было в наличии у этой модели, заказала аналог. Вообще эту модель много кто перешил и у зарины такой видела, сама заказала у плюша, там качество оказалось на много лучше, и сама куртка теплее и при этом дешевле. Вроде и ваш пуховик нормпльный, претензий нет, но у конкурентов лучше.",пуховик неплохой хотела померить размер которого не наличии модели заказала аналог вообще модель перешил зарины видела сама заказала плюша качество оказалось сама куртка теплее дешевле вроде ваш пуховик нормпльный претензий нет конкурентов,пуховик неплохой хотеть померить размер которого не наличие модель заказать аналог вообще модель перешить зарина видеть сама заказать плюша качество оказаться сама куртка тёплый дешёвый вроде ваш пуховик нормпльный претензия нет конкурент
4680,977,Одежда и обувь,5,positive,2026-02-28,"Материал не продувает.Не холодно при t - 30°. Это и ожидала, спасибо! Единственный минус- не равномерно расположен утплитель в капюшоне.",материал не продувает не холодно ожидала спасибо единственный минус не равномерно расположен утплитель капюшоне,материал не продувать не холодный t ожидать спасибо единственный не равномерно расположен утплитель капюшоне
4685,979,Одежда и обувь,5,positive,2026-07-19,"Хорошая куртка, тёплая, лёгкая, подошла по размеру. Один минус, узкие рукова. Выкупила, надеюсь в процессе носки рукова немного ослабнут и станут пошире.",хорошая куртка тёплая лёгкая подошла размеру минус узкие рукова выкупила надеюсь процессе носки рукова немного ослабнут станут пошире,хороший куртка тёплый лёгкий подойти размер минус узкий рукова выкупить надеяться процесс носок рукова немного ослабнуть стать пошире
4703,984,Одежда и обувь,5,positive,2024-12-31,"Мне нравится что воротник широкий и высокий. Можно отложить на плечи , либо застегнуть повыше! Отличная легкая куртка на плюсовую температуру. В - 4 плечи мерзнут( На рост 162 и обычные руки -рукава очень длинные, придется прибегнуть к помощи ателье . Но длина самой куртки мне нравится!",нравится воротник широкий высокий отложить плечи либо застегнуть повыше отличная легкая куртка плюсовую температуру плечи мерзнут рост обычные руки рукава очень длинные придется прибегнуть помощи ателье длина самой куртки нравится,нравиться воротник широкий высокий отложить плечо либо застегнуть высоко отличный лёгкий куртка плюсовой температура плечи мерзнут рост обычный рука очень длинный прийтись прибегнуть помощь ателье длина самой куртка нравиться
4707,984,Одежда и обувь,5,positive,2024-10-28,"Очень хороший пуховик, ткань плотная, высокий ворот, оптимальная длина, размеру соответствует, до - 20 точно выдержит, может и больше, набит хорошо. К сожалению отказ, для молодёжи хороший вариант, мне, не подошёл по возрасту. Высокий воротник Нет",очень хороший пуховик ткань плотная высокий ворот оптимальная длина размеру соответствует точно выдержит набит хорошо сожалению отказ молодёжи хороший вариант не подошёл возрасту высокий воротник нет,очень хороший пуховик ткань плотный высокий ворот оптимальный длина размер соответствовать точно выдержать набит хорошо сожаление отказ молодёжи хороший вариант не подойти возраст высокий воротник нет
4725,986,Одежда и обувь,4,positive,2026-01-26,"Куртка большая,взяли сначало L,перезаказали на S-на размер 48. Ткань верха очень тонкая. Куртка лёгкая,но качество не понравилось,на один сезон пойдёт.",куртка большая взяли сначало перезаказали размер ткань верха очень тонкая куртка лёгкая качество не понравилось сезон пойдёт,куртка больший взять сначало l перезаказали s размер ткань верх очень тонкий куртка лёгкий качество не понравиться сезон пойдёт
4786,1004,Одежда и обувь,5,positive,2026-07-24,"Взяла без примерки. Долго это платье лежало у меня в корзине. С такой ценой заказала. Оказалось супер платье. Тонкое, лёгкое с запахом, все как я люблю!",взяла примерки долго платье лежало корзине ценой заказала оказалось супер платье тонкое лёгкое запахом люблю,взять примерка долго платье лежать корзина цена заказать оказаться супер платье тонкий лёгкий запах любить
4833,1018,Одежда и обувь,4,positive,2026-07-22,"Выбирайте максимально бесшовное бельё. Рост 165, вес 68кг. Подмышками жмёт, будет натирать. На мой рост не идёт. Очень длинное. Попробовала подпоясаться модной косынкой - не очень. Отказ тк мне не идёт фасон Ткань не мнётся Видно бельё",выбирайте максимально бесшовное бельё рост вес кг подмышками жмёт натирать рост не идёт очень длинное попробовала подпоясаться модной косынкой не очень отказ тк не идёт фасон ткань не мнётся видно бельё,выбирать максимально бесшовный бельё рост вес кг подмышками жмёт натирать рост не идти очень длинный попробовать подпоясаться модный косынка не очень отказ тк не идти фасон ткань не мяться видно бельё
4901,1038,Одежда и обувь,4,positive,2026-07-24,"На мне очень куце смотрелось, т.к. талия спереди высоко, и длина получилась не такая, как в карточке. В общем, если грудь больше стандарта, то не очень смотрится",очень куце смотрелось т талия спереди высоко длина получилась не такая карточке общем грудь стандарта не очень смотрится,очень куце смотрелось т талия спереди высоко длина получиться не такой карточка общий грудь стандарт не очень смотреться
4904,1038,Одежда и обувь,5,positive,2026-07-17,"Платье отличное, качество хорошее, сшито аккуратно) доставка быстрая, спасибо продавцу, рекомендую 👍 мне цвет нужен по светлее, а так всё отлично 👌",платье отличное качество хорошее сшито аккуратно доставка быстрая спасибо продавцу рекомендую цвет нужен светлее отлично,платье отличный качество хороший сшить аккуратно доставка быстрый спасибо продавец рекомендовать цвет нужный светлый отлично
4973,1058,Одежда и обувь,5,positive,2026-02-16,"Мне понравилось. Рекомендую Очаровательное платье. Покупала ходить дома и на лето. Комфортное, лёгкое, да ещё и с карманами. Ношу 46 размер. Идёт в размер. -",понравилось рекомендую очаровательное платье покупала ходить дома лето комфортное лёгкое карманами ношу размер идёт размер,понравиться рекомендовать очаровательный платье покупать ходить дом лето комфортный лёгкий карман носить размер идти размер
4982,1059,Одежда и обувь,5,positive,2026-04-30,"Влюбилась в это платье! Очень удобно регулируется по длине и по фигуре сидит очень комфортно, ткань не мнется, подойдет под любой случай",влюбилась платье очень удобно регулируется длине фигуре сидит очень комфортно ткань не мнется подойдет любой случай,влюбиться платье очень удобно регулироваться длина фигура сидеть очень комфортно ткань не мнется подойти любой случай
4990,1061,Одежда и обувь,5,positive,2026-07-23,"Сарафан классный, ткань понравилась. Не прозрачный. На отдых самое то. Размерной сетке соответсвует. Взяла S на свой 46 российский. Подошёл идеально. Длина к моему росту 167см отлично, не в пол. Щиколотки открыты. Покупкой довольна. Рекомендую 👍",сарафан классный ткань понравилась не прозрачный отдых самое размерной сетке соответсвует взяла свой российский подошёл идеально длина моему росту см отлично не пол щиколотки открыты покупкой довольна рекомендую,сарафан классный ткань понравиться не прозрачный отдых самое размерный сетка соответсвует взять s свой российский подойти идеально длина мой рост см отлично не пол щиколотка открыть покупка довольный рекомендовать
5048,1080,Одежда и обувь,4,positive,2026-07-20,"Хотела платье в сад, но это скорее на пляж.На рост ребенка 90см нормально по длине. Но оно как парашют, вырезы по руками огромные, с плеч постоянно сползает и ребенок вечно дёргает чтобы поправить. На худышку не подходит. Вывод в жару на пляж в самый раз. Ткань хлопок.",хотела платье сад скорее пляж рост ребенка см нормально длине оно парашют вырезы руками огромные плеч постоянно сползает ребенок вечно дёргает поправить худышку не подходит вывод жару пляж самый ткань хлопок,хотеть платье сад скорее пляж рост ребёнок см нормальный длина оно парашют вырез рука огромный плечо постоянно сползать ребёнок вечно дёргать поправить худышка не подходить вывод жара пляж самый ткань хлопок
5115,1096,Одежда и обувь,1,negative,2026-07-06,"Ткань качественная и красивая. Цвет мне очень к лицу, но как пошито???? Где вторая бритель и второй волан, который должен падать на плечо???? Фото прилагаю.",ткань качественная красивая цвет очень лицу пошито вторая бритель второй волан который должен падать плечо фото прилагаю,ткань качественный красивый цвет очень лицо пошить второй бритель второй волан который должный падать плечо фото прилагать
5116,1096,Одежда и обувь,5,positive,2026-06-30,"Красивый фасон, цвет темнее чем на фото. Перезаказала. В целом платье понравилось. Не попала в размер, мало в груди. Молния белая.",красивый фасон цвет темнее фото перезаказала целом платье понравилось не попала размер мало груди молния белая,красивый фасон цвет тёмный фото перезаказала целое платье понравиться не попасть размер мало грудь молния белый
5122,1099,Одежда и обувь,5,positive,2026-07-23,"Сарафанчик хороший, пошит хорошо, ткань плотная, тянется, очень понравился, не угадала с размером, я люблю свободный, 50 возврат, заказала 52. Надеюсь будет то что надо.",сарафанчик хороший пошит хорошо ткань плотная тянется очень понравился не угадала размером люблю свободный возврат заказала надеюсь,сарафанчик хороший пошит хорошо ткань плотный тянуться очень понравиться не угадала размер любить свободный возврат заказать надеяться
5136,1102,Одежда и обувь,5,positive,2026-01-20,"Платье хорошо село на свой размер , ткань немного поленяло ,полоскала с уксусом . Заказала другой расцветки и фасона. Советую.",платье хорошо село свой размер ткань немного поленяло полоскала уксусом заказала расцветки фасона советую,платье хорошо село свой размер ткань немного поленяло полоскать уксус заказать расцветка фасон советовать
5149,1105,Одежда и обувь,5,positive,2026-07-12,"Джинсы понравились. И цвет хороший.. Только сыну на талии оказались слишком свободные. Хотя у него все джинсы33р, но эти не подошли в талии.",джинсы понравились цвет хороший сыну талии оказались слишком свободные хотя джинсы р не подошли талии,джинсы понравиться цвет хороший сын талия оказаться слишком свободный хотя джинсы р не подойти талия
5184,1120,Одежда и обувь,5,positive,2026-03-22,"Черные 34 размер Отличное качество. Подошли на рост 195. Удобные, хорошо тянутся, не сковывают движение. Цвет плотный. Посмотрим,как будут в носке.Спасибо продавцу!",черные размер отличное качество подошли рост удобные хорошо тянутся не сковывают движение цвет плотный посмотрим будут носке спасибо продавцу,чёрный размер отличный качество подойти рост удобный хорошо тянуться не сковывать движение цвет плотный посмотреть быть носок спасибо продавец
5212,1129,Одежда и обувь,4,positive,2026-03-21,за эту цену - очень достойная реплика. Ткань легкая. слегка маломерит (33-й больше соответствует 32-му) жаль нет выбора роста (идет где-то L-34),цену очень достойная реплика ткань легкая слегка маломерит й соответствует му жаль нет выбора роста идет где-то,цена очень достойный реплика ткань лёгкий слегка маломерит соответствовать жаль нет выбор рост идти
5216,1130,Одежда и обувь,5,positive,2026-07-15,"Джинсы классные , размер подошёл прям по фигуре-- супер . Ткань плотная, летняя и немного есть стрейч - что тоже хорошо. Спасибо , продавца рекомендую.",джинсы классные размер подошёл прям фигуре супер ткань плотная летняя немного стрейч хорошо спасибо продавца рекомендую,джинсы классный размер подойти прям супер ткань плотный летний немного стрейч хороший спасибо продавец рекомендовать
5219,1131,Одежда и обувь,5,positive,2026-07-14,"Взял это вторые. Очень понравились. Мне вся моя коллекция джинсов нравится но эти какие-то особо мягкие при прикольном окрасе потертости. Короче нравится и мне и супруге а мы юностью из 1970х СССР. Штаны класные!!! Единственный минус не к джинсам, а к процессу: вечером закал по цене 1520. Утром смотрю когда прийдет,а цена нынешняя. + 349 руб. Как то не правильно. Но штаны то класные. Лежу в них пишу Вам и смотрю на шкаф с другими.",взял вторые очень понравились вся коллекция джинсов нравится какие-то особо мягкие прикольном окрасе потертости короче нравится супруге юностью х сср штаны класные единственный минус не джинсам процессу вечером закал цене утром смотрю прийдет цена нынешняя руб не правильно штаны класные лежу пишу смотрю шкаф другими,взять второй очень понравиться весь коллекция джинсов нравиться какой особо мягкий прикольный окрас потёртость короче нравиться супруг юность х сср штаны класные единственный минус не джинсам процесс вечер закал цена утро смотрю прийдет цена нынешний не правильный штаны класные лежать писать смотреть шкаф другими
5223,1133,Одежда и обувь,5,positive,2026-07-12,"Джинсы очень понравились, особенно потому, что не надо отрезать и подливать по длине. Возможно куплю ещё такие, только другого цвета. Советую этого производителя.",джинсы очень понравились особенно не отрезать подливать длине возможно куплю такие другого цвета советую производителя,джинсы очень понравиться особенно не отрезать подливать длина возможно купить такой другого цвет советовать производитель
5227,1134,Одежда и обувь,1,negative,2026-03-07,"Год назад покупал не одну пару у данного продавца, джинсы были отличного качества. Теперь приезжает непонятная отличающаяся по цвету от фото вещь. Ужасного качества!",год назад покупал не одну пару данного продавца джинсы отличного качества приезжает непонятная отличающаяся цвету фото вещь ужасного качества,год назад покупать не одну пара данного продавец джинсы отличный качество приезжать непонятный отличаться цвет фото вещь ужасный качество
5228,1135,Одежда и обувь,4,positive,2026-07-10,"Поставил бы 5 звезд, если бы не стойкий запах краски даже после стирки. Молния не очень уверенно работает. В остальном джинсы хорошие, ткань плотная и мягкая, цвет красивый насыщенный.",поставил звезд не стойкий запах краски стирки молния не очень уверенно работает остальном джинсы хорошие ткань плотная мягкая цвет красивый насыщенный,поставить звезда не стойкий запах краска стирка молния не очень уверенно работать остальном джинсы хороший ткань плотный мягкий цвет красивый насыщенный
5253,1145,Одежда и обувь,5,positive,2026-07-21,"Если у кого то будет желание заказать эти джинсы то советую, так как это отличные и качетвенные, на взрослого мужчину с размером по Русски, 112-116 и на рост 185 нужен размер 40 , на размер 104-108 на рост 185 см нужен размер 38 , может это поможет. И ещё в жаркую погоду думаю они будут плотные для прогулок.",кого желание заказать джинсы советую отличные качетвенные взрослого мужчину размером русски рост нужен размер размер рост см нужен размер поможет жаркую погоду думаю будут плотные прогулок,кто желание заказать джинсы советовать отличный качетвенные взрослый мужчина размер русски рост нужный размер размер рост см нужный размер помочь жаркий погода думать быть плотные прогулка
5261,1148,Одежда и обувь,5,positive,2026-06-10,"Талия 87, бедра 100, как на меня сшиты. Ещё и дешевле на два косаря, чем в магазине. Топовые джинсы. Носи с чем хочешь.",талия бедра сшиты дешевле косаря магазине топовые джинсы носи хочешь,талия бедро сшить дешёвый косарь магазин топовый джинсы носить хотеть
5283,1160,Одежда и обувь,5,positive,2026-06-13,Очень классные джинсы 👖 мужу очень трудно угодить ва тут одел негде не колит не жмёт словом придраться не к чему ещё и цена очень хорошая 👍,очень классные джинсы мужу очень трудно угодить ва одел негде не колит не жмёт словом придраться не чему цена очень хорошая,очень классный джинсы муж очень трудный угодить ва одеть негде не колит не жмёт слово придраться не что цена очень хороший
5285,1161,Одежда и обувь,5,positive,2026-06-08,"Долго искали джинсы мужу, рост 180, вес 100, плотный с пузиком😅 эти подошли идеально, крой вроде прямой, но слегка зауженный, но не до такой степени как скинни и не такие широкие как классика…. Короче, ему подошло) посадка не низкая, живот не сдавливает и не выпирает, не супер тонкие, и не супер толстые, присутствует эластин, что также очень удобно при не самых идеальных фигурах) до этого правда заказывали штук 6-7 разных джинс",долго искали джинсы мужу рост вес плотный пузиком подошли идеально крой вроде прямой слегка зауженный не степени скинни не такие широкие классика короче подошло посадка не низкая живот не сдавливает не выпирает не супер тонкие не супер толстые присутствует эластин также очень удобно не самых идеальных фигурах правда заказывали штук разных джинс,долго искать джинсы муж рост вес плотный пузиком подойти идеально крой вроде прямой слегка зауженный не степень скинни не такой широкий классика короче подойти посадка не низкий живот не сдавливать не выпирать не супер тонкий не супер толстый присутствовать эластин также очень удобный не самых идеальный фигурах правда заказывать штука разный джинс
5287,1161,Одежда и обувь,4,positive,2026-03-24,"Раньше заказывали у этого продавца 34 размер, муж носит эти джинсы до сих пор. Стали протираться примерно через полгода между ног, заказали новые. Вторые заказали этой же серии. 34 темный был норм. Муж носит скорее всего 54размер, как моя мама говорит. Живот есть. На 54 размер надо 33-34 надо брать. 2110р Заказали как раньше 34- пришли голубые, но светлее, чем на аве. Большие! Заказали 33 пришли темнее , чем на аве продавца. И нормально! Хотя муж носит ваши джинсы и я сделала просто повтор позиции в заказе( из истории).",раньше заказывали продавца размер муж носит джинсы сих пор стали протираться примерно полгода ног заказали новые вторые заказали серии темный норм муж носит скорее размер мама говорит живот размер брать р заказали раньше пришли голубые светлее аве большие заказали пришли темнее аве продавца нормально хотя муж носит ваши джинсы сделала просто повтор позиции заказе истории,ранний заказывать продавец размер муж носить джинсы сей пора стать протираться примерно полгода нога заказать новый второй заказать серия тёмный норма муж носить скорее размер мама говорить живот размер брать р заказать ранний прийти голубой светлый ава больший заказать прийти тёмный ава продавец нормальный хотя муж носить ваш джинсы сделать просто повтор позиция заказ история
5384,1197,Одежда и обувь,1,negative,2025-11-06,"Штаны пришли ношеные, без каких-либо бирок, в кармане браслет ночного клуба Чонго Чанга, на штанах грязь и женские блёстки. Фото прилагаю. Вещь не новая.",штаны пришли ношеные каких-либо бирок кармане браслет ночного клуба чонго чанга штанах грязь женские блёстки фото прилагаю вещь не новая,штаны прийти ношеный какой либо бирка карман браслет ночной клуб чонго чанга штанах грязь женский блёстка фото прилагать вещь не новый
5395,1204,Одежда и обувь,4,positive,2026-05-20,"У мужа 52 р., джинсы на 2 размера велики, это наверное на полных мужчин с животом. По качеству норм, ткань тянется, цвет не такой немного",мужа р джинсы размера велики наверное полных мужчин животом качеству норм ткань тянется цвет не немного,муж р джинсы размер большой наверное полный мужчина живот качество норма ткань тянуться цвет не немного
5419,1212,Одежда и обувь,5,positive,2026-04-01,"Базовые джинсы, заужены к низу. Хорошо тянутся, размер в размер. Первые стирки лучше стирать отдельно от других вещей, т.к. могут окрасить их.",базовые джинсы заужены низу хорошо тянутся размер размер первые стирки стирать отдельно других вещей т могут окрасить,базовый джинсы заузить низ хорошо тянутся размер размер первый стирка стирать отдельно других вещь т мочь окрасить
5450,1226,Одежда и обувь,5,positive,2025-07-10,"Все хорошо, кроме размерной сетки 😀 у меня есть джинсы Zolla 38 и 36 размера, теперь есть 34, вполне комфортная посадка.",хорошо кроме размерной сетки джинсы размера вполне комфортная посадка,хороший кроме размерный сетка джинсы zolla размер вполне комфортный посадка
5467,1233,Одежда и обувь,5,positive,2026-07-24,"Тоненькая, но пошита ровно. На 58-й размер как супер оверсайз, хотела поменьше, но выкупила, для дома пойдёт за такую цену.",тоненькая пошита ровно й размер супер оверсайз хотела поменьше выкупила дома пойдёт такую цену,тоненький пошить ровно размер супер оверсайз хотеть маленький выкупить дом пойдёт такой цена
5486,1243,Одежда и обувь,5,positive,2026-07-17,"Цвет такой же, как на картинке, не просвечивает. Местами торчат нитки, но не критично. Мне понравилась. За такую сумму отлично. Размер соответствует. Спасибо, закажу ещё.",цвет картинке не просвечивает местами торчат нитки не критично понравилась такую сумму отлично размер соответствует спасибо закажу,цвет картинка не просвечивать место торчать нитка не критичный понравиться такой сумма отлично размер соответствовать спасибо заказать
5529,1260,Одежда и обувь,5,positive,2026-07-23,"Классная футболка, принт красивый, но единственное, что мне не нравится, после нее на белой одежде остаются чёрные следы , а так все норм",классная футболка принт красивый единственное не нравится белой одежде остаются чёрные следы норм,классный футболка принт красивый единственный не нравиться белый одежда оставаться чёрный след норма
5536,1263,Одежда и обувь,5,positive,2026-07-03,"Боялась что будет большая, и придётся перекупить, но, приятно удивлена. Майка подошла в самый раз, прям как я и хотела♥️ Красивый принт, легкая ткань",боялась большая придётся перекупить приятно удивлена майка подошла самый прям хотела красивый принт легкая ткань,бояться больший придётся перекупить приятно удивлена майка подойти самый прям хотеть красивый принт лёгкий ткань
5546,1270,Одежда и обувь,5,positive,2026-07-24,"Футболка оверсайз. Надо иметь это ввиду. Сначала заказала 4xl на свой 56й , сильно утонула. Перезаказала на 2xl, не на много меньше, но оставила. Буду носить с брюками. Просторная. Качество хорошее, плотный трикотаж.",футболка оверсайз иметь ввиду сначала заказала свой й сильно утонула перезаказала не меньше оставила буду носить брюками просторная качество хорошее плотный трикотаж,футболка оверсайз иметь ввиду сначала заказать xl свой й сильно утонуть перезаказала xl не меньше оставить быть носить брюками просторный качество хороший плотный трикотаж
5590,1289,Одежда и обувь,5,positive,2026-07-14,"Хорошая футболка, ткань лёгкая, приятная. Цвет не соответствует фото. На фото намного темнее в шоколадный, на самом деле гораздо светлее в горчичный. Но это не портит общее впечатление.",хорошая футболка ткань лёгкая приятная цвет не соответствует фото фото намного темнее шоколадный самом деле гораздо светлее горчичный не портит общее впечатление,хороший футболка ткань лёгкий приятный цвет не соответствовать фото фото намного тёмный шоколадный самом дело гораздо светлый горчичный не портить общий впечатление
5664,1314,Одежда и обувь,1,negative,2026-06-29,"Писал в техподдержку, 23 июня ещё. Сегодня 29 июня: футболки нет. денег нет и информации тоже нет. Прошу повлиять как то на техподдержку. Абсолютно ничего, качество оценить не получилось (футболку не приаезли) Заказ вовсе не пришел",писал техподдержку июня июня футболки нет денег нет информации нет прошу повлиять техподдержку абсолютно качество оценить не получилось футболку не приаезли заказ вовсе не пришел,писать техподдержка июнь июнь футболка нет деньга нет информация нет просить повлиять техподдержка абсолютно качество оценить не получиться футболка не приаезли заказ вовсе не прийти
5677,1320,Одежда и обувь,5,positive,2026-06-05,"Футболка за такую цену классная👍 я уже вторую заказала у вас, первую заказывала в розовом цвете, у размер 44 взяла на размер меньше, и село хорошо, не длинная не широкая, оверсайз, но в меру🔥 забрала бы все цвета)))",футболка такую цену классная вторую заказала первую заказывала розовом цвете размер взяла размер меньше село хорошо не длинная не широкая оверсайз меру забрала цвета,футболка такой цена классный второй заказать первый заказывать розовый цвет размер взять размер меньше село хороший не длинный не широкий оверсайз мера забрать цвет
5713,1333,Одежда и обувь,5,positive,2025-09-21,"Реально симпатичные сапоги, взяла как в отзывах на размер больше, но прям не смогла натянуть, хотя нога узкая! Так что советую идти мерить в капроновых носках, может так они полегче налезут! Стильные Узкие",реально симпатичные сапоги взяла отзывах размер прям не смогла натянуть хотя нога узкая советую идти мерить капроновых носках полегче налезут стильные узкие,реально симпатичный сапог взять отзыв размер прям не смочь натянуть хотя нога узкий советовать идти мерить капроновый носок лёгкий налезут стильный узкий
5721,1334,Одежда и обувь,5,positive,2024-02-14,"Удачные сапожки, несмотря на искусственную замшу. Смотрятся очень хорошо, на полную ногу, еще не расстегивала сзади замочек. Так что, полноножки, хватайте! Цена хорошая",удачные сапожки несмотря искусственную замшу смотрятся очень хорошо полную ногу не расстегивала сзади замочек полноножки хватайте цена хорошая,удачный сапожки несмотря искусственный замшу смотреться очень хорошо полный нога не расстёгивать сзади замочка полноножки хватать цена хороший
5771,1349,Одежда и обувь,5,positive,2026-03-28,"Сапоги прекрасны во всех отношениях 😊, хорошо сидят , кто такое любит- рекомендую. Единственный минус полнота -голень и стопа узкая , они на широкую ногу , у меня ширина стопы 13-14 см . длина 23,5 . 37,5 размер здесь 37- это 38 с такой ногой Фасон и форма носка Широкая полнота",сапоги прекрасны отношениях хорошо сидят такое любит рекомендую единственный минус полнота голень стопа узкая широкую ногу ширина стопы см длина размер ногой фасон форма носка широкая полнота,сапог прекрасный отношение хорошо сидеть такой рекомендовать единственный минус полнота стопа узкий широкий нога ширина стопа см длина размер нога фасон форма носок широкий полнота
5842,1365,Одежда и обувь,5,positive,2026-03-26,"Сапоги классные, очень удобные. Коробка как-будто сама пешком пришла. К производителю вопросов нет, товар упакован хорошо, повреждений нет. Но к условиям хранения и перевозки вопросов очень много. Не очень приятно получать товар в таком виде.",сапоги классные очень удобные коробка как-будто сама пешком пришла производителю вопросов нет товар упакован хорошо повреждений нет условиям хранения перевозки вопросов очень не очень приятно получать товар таком виде,сапог классный очень удобный коробка сама пешком прийти производитель вопрос нет товар упаковать хорошо повреждение нет условие хранение перевозка вопрос очень не очень приятный получать товар такой вид
5845,1365,Одежда и обувь,5,positive,2026-03-19,"Сапоги красивые, но вот размер удивил. Обычно данный бренд беру 39 на свой 38,5, но тут прям капитально утонула. Перезаказввать не стала, потому что они все таки на широкую стопу и меньший размер тоже был бы в объеме велик, поэтому выкупила другие, но этого же бренда.",сапоги красивые размер удивил обычно данный бренд беру свой прям капитально утонула перезаказввать не стала таки широкую стопу меньший размер объеме велик поэтому выкупила другие бренда,сапог красивый размер удивить обычно данный бренд брать свой прям капитально утонуть перезаказввать не стать таки широкий стопа малый размер объём большой поэтому выкупить другие бренд
5854,1366,Одежда и обувь,3,neutral,2026-03-04,"По размеру стопы - в размер Красивые. Всё. У меня эта убогая коробка просто развалилась в руках со всех сторон. Не знаю, чья вина такая упаковка товара, но это просто неуважение к покупателю. Композитная кожа на голенище вообще не вызвала доверие. На щиколотке не застегнулись - явно не хватает резинки",размеру стопы размер красивые эта убогая коробка просто развалилась руках сторон не знаю чья вина такая упаковка товара просто неуважение покупателю композитная кожа голенище вообще не вызвала доверие щиколотке не застегнулись явно не хватает резинки,размер стопа размер красивый этот убогий коробка просто развалилась рука сторона не знать чей вина такой упаковка товар просто неуважение покупатель композитный кожа голенище вообще не вызвать доверие щиколотка не застегнуться явно не хватать резинка
5884,1371,Одежда и обувь,5,positive,2026-07-17,"Сапоги неплохие, но дома разглядела, что в щиколотке как-то очень бахмато выглядят. Это особенность моей ноги. В общем, кому подходят, можно брать.",сапоги неплохие дома разглядела щиколотке как-то очень бахмато выглядят особенность моей ноги общем кому подходят брать,сапог неплохой дома разглядеть щиколотка очень бахмато выглядеть особенность мой нога общий кто подходить брать
5938,1384,Косметика и уход,4,positive,2024-09-25,"Вроде и неплохо но как-то печально все равно... Ничто не унимает тоску в поисках идеального крема. Не могу сказать что чувствуется сильное увлажнение, кожа в принципе остаётся примерно такой же но с приятным сухим скваланчиковым финишем, для очень себопродуцирующей кожи на лето будет гуд, или сыворотки закрывать, в соло даже жирной коже не зашёл.",вроде неплохо как-то печально равно ничто не унимает тоску поисках идеального крема не могу чувствуется сильное увлажнение кожа принципе остаётся примерно приятным сухим скваланчиковым финишем очень себопродуцирующей кожи лето гуд сыворотки закрывать соло жирной коже не зашёл,вроде неплохой печально равный ничто не унимать тоска поиск идеальный крем не мочь чувствоваться сильный увлажнение кожа принцип оставаться примерно приятный сухой скваланчиковым финиш очень себопродуцирующей кожа лето гуд сыворотка закрывать соло жирный кожа не зашёл
6021,1412,Косметика и уход,1,negative,2026-07-07,"Пришел целый, пахнет хорошо, в деле ещё не пробовали. Отсутствует палочка в дозаторе, и судя по комментариям не мне одной пришел бракованный. Но видимо продавец на это не обращает внимание.",пришел целый пахнет хорошо деле не пробовали отсутствует палочка дозаторе судя комментариям не одной пришел бракованный видимо продавец не обращает внимание,прийти целый пахнуть хорошо дело не пробовать отсутствовать палочка дозатор судить комментарий не одной прийти бракованный видимо продавец не обращать внимание
6070,1421,Косметика и уход,3,neutral,2026-03-27,"Пришла позиция , не запечата6ная плёнкой , как будто кто попользоваться обратно в коробочку сложил в упаковочный пакет уинул и отправил .",пришла позиция не запечата ная плёнкой попользоваться обратно коробочку сложил упаковочный пакет уинул отправил,прийти позиция не запечата ная плёнка попользоваться обратно коробочка сложить упаковочный пакет уинул отправить
6121,1437,Косметика и уход,5,positive,2026-07-14,"Этот крем у нас в магазине исчез с продажи. Дочка только им и пользуется. Очень нравится. Кожа у неё нежная , если что сразу аллергия- высыпают пятна, прыщи. А этот крем ей зашёл 👍. Упаковка хорошая, доставка быстрая, крем супер. Советую всем к покупке.",крем магазине исчез продажи дочка пользуется очень нравится кожа неё нежная сразу аллергия высыпают пятна прыщи крем зашёл упаковка хорошая доставка быстрая крем супер советую всем покупке,крем магазин исчезнуть продажа дочка пользоваться очень нравиться кожа неё нежный сразу высыпать пятно прыщи крем зайти упаковка хороший доставка быстрый крем супер советовать всем покупка
6187,1452,Косметика и уход,1,negative,2026-04-17,"Защитной плёнки на товаре нет! Не гигиенично, не эстетично! Такое впечатление, что попользовались и вернули товар. Да и сам крем могли заменить. Покупала в подарок мужу, расстроена. Примите , пожалуйста во внимание! Я считаю продавцу есть над чем задуматься! Будьте ответственнее!!!",защитной плёнки товаре нет не гигиенично не эстетично такое впечатление попользовались вернули товар крем могли заменить покупала подарок мужу расстроена примите пожалуйста внимание считаю продавцу задуматься будьте ответственнее,защитный плёнка товар нет не гигиеничный не эстетичный такой впечатление попользоваться вернуть товар крем мочь заменить покупать подарок муж расстроить принять пожалуйста внимание считать продавец задуматься быть ответственный
6199,1456,Косметика и уход,5,positive,2026-07-24,"Забрала крем для лица, бренд нравится. Глубокое увлажнение кожи, витамин Е питает, придает осветление тёмным кругам. Кожа становится плотной, упругой, повышается эластичность. Текстура лёгкая, не липкая. Аллергию не вызывает.",забрала крем лица бренд нравится глубокое увлажнение кожи витамин е питает придает осветление тёмным кругам кожа становится плотной упругой повышается эластичность текстура лёгкая не липкая аллергию не вызывает,забрать крем лицо бренд нравиться глубокий увлажнение кожа витамин е питать придавать осветление тёмный круг кожа становиться плотный упругой повышаться эластичность текстура лёгкий не липкий аллергия не вызывать
6211,1458,Косметика и уход,1,negative,2025-07-25,"Неоригинал. Цвет и обьем баночки другие, не оригинальные. Зимой в дюти фри в Египте, покупала Л,ореаль, размер баночки, цвет коробки были прежние, упакованы и защита другая, как прежде. В валдберис уже не раз пробовала заказать, но ничего настоящего нет. В Риф Гош, думала отправят оригинал, вообщем как всегда подделка. Честный знак оказывается просто регистрирует заявленный товар, а соответствие качества в товаре, не проверяет. Ссылаясь на роспотребнадзор. Роспотребнадзор тоже не проверяет, в виду узаконненной отмены проверок еще в ковид. Вот и получается, потребители сканируют код, видят его в честном знаке, и не знают, что все равно покупают фальсификат. Был репортаж об этом на телеканале Россия 1. Будте бдительны. Не доверяйте товарам, выпущенными у нас, не оригиналам.",неоригинал цвет обьем баночки другие не оригинальные зимой дюти фри египте покупала л ореаль размер баночки цвет коробки прежние упакованы защита другая прежде валдберис не пробовала заказать настоящего нет риф гош думала отправят оригинал вообщем подделка честный знак оказывается просто регистрирует заявленный товар соответствие качества товаре не проверяет ссылаясь роспотребнадзор роспотребнадзор не проверяет виду узаконненной отмены проверок ковид получается потребители сканируют код видят честном знаке не знают равно покупают фальсификат репортаж телеканале россия будте бдительны не доверяйте товарам выпущенными не оригиналам,неоригинал цвет обьем баночка другие не оригинальный зима дюти фри египет покупать л ореаль размер баночка цвет коробка прежний упаковать защита другая прежде валдберис не пробовать заказать настоящий нет риф гош думать отправить оригинал вообщем подделка честный знак оказываться просто регистрировать заявленный товар соответствие качество товар не проверять ссылаться роспотребнадзор роспотребнадзор не проверять вид узаконненной отмена проверка ковид получаться потребитель сканировать код видеть честной знак не знать равный покупать фальсификат репортаж телеканал россия будте бдительный не доверять товар выпустить не оригинал
6215,1460,Косметика и уход,5,positive,2026-05-18,"Пришел в транспортной обертке, целый Сам крем плотный, хорошо размызывается и впитывается. Круто увлажняет, имеет нежный аромат Удобный формат крема, сроки в норме",пришел транспортной обертке целый крем плотный хорошо размызывается впитывается круто увлажняет имеет нежный аромат удобный формат крема сроки норме,прийти транспортный обёртка целый крем плотный хорошо размызывается впитываться круто увлажнять иметь нежный аромат удобный формат крем срок норма
6217,1461,Косметика и уход,5,positive,2026-06-15,Беру не первый раз. Сначала покупала в магазине. Табель здесь. Дешевле. Доставка домой. Оригинал можно проверить по коду. Спасибо продавцу на быструю доставку.,беру не первый сначала покупала магазине табель дешевле доставка домой оригинал проверить коду спасибо продавцу быструю доставку,бер не первый сначала покупать магазин табель дешёвый доставка домой оригинал проверить код спасибо продавец быстрый доставка
6225,1465,Косметика и уход,5,positive,2024-10-17,"Нравится данная серия кремов. Беру разные. Возрастная категория не моя, НО конкретно этот крем восстановил мою обветренную обмороженную кожу лица после горнолижки в -37' 🔥",нравится данная серия кремов беру разные возрастная категория не конкретно крем восстановил мою обветренную обмороженную кожу лица горнолижки,нравиться данная серия крем брать разный возрастной категория не конкретно крем восстановить мой обветренную обмороженную кожа лицо горнолижки
6251,1470,Косметика и уход,5,positive,2024-01-29,"Благодарю Вас за крем! Крем это элексир волшебства для моей чувствительной кожи : нежный, ненавязчивый аромат, отличный состав. Кожа после нанесения крема гладкая, шёлковая, мягкая, напитанная пользоваться кремом одно удовольствие!!! Спасибо большое за подарок, при заказе крема пришёл пробник дезодоранта. Для меня вы и есть подарок😍",благодарю крем крем элексир волшебства моей чувствительной кожи нежный ненавязчивый аромат отличный состав кожа нанесения крема гладкая шёлковая мягкая напитанная пользоваться кремом одно удовольствие спасибо большое подарок заказе крема пришёл пробник дезодоранта подарок,благодарить крем крем элексир волшебство мой чувствительный кожа нежный ненавязчивый аромат отличный состав кожа нанесение крем гладкий шёлковый мягкий напитанная пользоваться крем одно удовольствие спасибо большой подарок заказ крем прийти пробник дезодорант подарок
6288,1483,Косметика и уход,3,neutral,2026-07-23,"Но крем мне очень нравится, это уже не первый. Буду заказывать ещё, но только не у этого продавца. Хорошо упаковано. Товар должен придти был после как заказала на второй день, а его задержали аж на три дня. По этому убрала две звезды.",крем очень нравится не первый буду заказывать не продавца хорошо упаковано товар должен придти заказала второй день задержали аж дня этому убрала две звезды,крем очень нравиться не первый быть заказывать не продавец хорошо упаковать товар должный прийти заказать второй день задержать аж день это убрать два звезда
6309,1488,Косметика и уход,5,positive,2025-10-07,"Идеальный. Всё с ним так)) ВОСТОРГ! Этот крем - вишенка на торте) аромат потрясающий! Кожа увлажненная, красивая. Люблю все крема этого бренда, но рисовый фаворит определённо!!!",идеальный восторг крем вишенка торте аромат потрясающий кожа увлажненная красивая люблю крема бренда рисовый фаворит определённо,идеальный восторг крем вишенка торт аромат потрясающий кожа увлажненная красивый любить крема бренд рисовый фаворит определённо
6326,1494,Косметика и уход,5,positive,2026-04-12,"Всё хорошо. Тот самый крем и текстура. Что пишут жжёт, я с осторожностью к этому подошла и проверила на муже-всё отлично, не жжёт. Пользуюсь сама каждый день . 🔥✨",хорошо самый крем текстура пишут жжёт осторожностью этому подошла проверила муже-всё отлично не жжёт пользуюсь сама каждый день,хороший самый крем текстура писать жжёт осторожность это подойти проверить муже отличный не жжёт пользоваться сама каждый день
6329,1494,Косметика и уход,1,negative,2025-02-04,"Задала вопрос-Крем Нивея НОВАЯ ФОРМУЛА?Ответили-НЕТ!Ну получайте 1 звезду за то,что вводите в заблуждение.Новая формула-это белая жижа,ничего не имеющая общего со старым кремом нивея! - -",задала вопрос-крем нивея новая формула ответили-нет получайте звезду вводите заблуждение новая формула-это белая жижа не имеющая общего старым кремом нивея,задать вопрос крем нивея новый формула ответить нет получать звезда вводить заблуждение новый формула белый жижа не иметь общий старый крем нивея
6380,1504,Косметика и уход,5,positive,2026-07-20,"Удачный ежедневный крем! Без спецэффектов, но добротный. Не раздражает, не лежит пленкой, не воняет навязчиво. Хороший! Кожа жирная, ближе к нормальной, возростная",удачный ежедневный крем спецэффектов добротный не раздражает не лежит пленкой не воняет навязчиво хороший кожа жирная ближе нормальной возростная,удачный ежедневный крем спецэффект добротный не раздражать не лежать плёнка не вонять навязчивый хороший кожа жирный близкий нормальный возростная
6420,1517,Косметика и уход,1,negative,2026-07-19,"Крем не понравился совсем, обыкновенный, дешёвый вариант, ещё и скатывается,( может именно на моей коже) , сразу впитывается и неприятные ощущения после нанесения, что с кремом, что без . Абсолютно не работает",крем не понравился обыкновенный дешёвый вариант скатывается именно моей коже сразу впитывается неприятные ощущения нанесения кремом абсолютно не работает,крем не понравиться обыкновенный дешёвый вариант скатываться именно мой кожа сразу впитываться неприятный ощущение нанесение крем абсолютно не работать
6426,1520,Косметика и уход,5,positive,2026-07-22,"Заказываю второй раз, крем очень нежный, наносится легко, текстура нежная и легкая, запах очень приятный, крем супер, один из лучших 😊",заказываю второй крем очень нежный наносится легко текстура нежная легкая запах очень приятный крем супер лучших,заказывать второй крем очень нежный наносится легко текстура нежный лёгкий запах очень приятный крем супер хороший
6435,1522,Косметика и уход,5,positive,2026-03-17,"Крем этот покупаю постоянно, очень нравится. Действительно работает, но конечно если пользоваться им постоянно. Но я лучше этого крема не нашла, большое спасибо. Раньше использовала ещё натуральное облепиховое масло но почему-то сейчас перестали выпускать, очень жаль. У других производителей совсем не то. Сиберике огромное спасибо за вашу продукцию.",крем покупаю постоянно очень нравится действительно работает пользоваться постоянно крема не нашла большое спасибо раньше использовала натуральное облепиховое масло почему-то перестали выпускать очень жаль других производителей не сиберике огромное спасибо вашу продукцию,крем покупать постоянно очень нравиться действительно работать пользоваться постоянно крем не найти большой спасибо ранний использовать натуральный облепиховый масло почему перестать выпускать очень жаль других производитель не сиберике огромный спасибо ваш продукция
6481,1534,Косметика и уход,5,positive,2026-06-24,"действительно по обзорам защищает, так ещё и увлажняет и лично у моей кожи (жирной, комбинированной) не оставляет этого жирного блеска. просто мастхэв за свою ценю, рекомендасьон",действительно обзорам защищает увлажняет лично моей кожи жирной комбинированной не оставляет жирного блеска просто мастхэв ценю рекомендасьон,действительно обзор защищать увлажнять лично мой кожа жирный комбинированный не оставлять жирный блеск просто мастхэв ценю рекомендасьон
6482,1534,Косметика и уход,5,positive,2026-06-23,Работает на все 200. Беру уже второй раз. Очень понравилось! Ещё заказала два штуки. Прекрасно подходит под уходовые крема и макияж.,работает беру второй очень понравилось заказала штуки прекрасно подходит уходовые крема макияж,работать беру второй очень понравиться заказать штука прекрасно подходить уходовые крема макияж
6499,1537,Косметика и уход,5,positive,2026-07-16,"Хороший тональник, заказала сразу три флакона. Оттенок идеально мне подошёл, у меня светлая кожа, почти белая. Хорошо ложится на кожу. Рекомендую. 👍",хороший тональник заказала сразу флакона оттенок идеально подошёл светлая кожа белая хорошо ложится кожу рекомендую,хороший тональник заказать сразу флакон оттенок идеально подойти светлый кожа белый хорошо ложиться кожа рекомендовать
6535,1544,Косметика и уход,5,positive,2026-05-14,"Хороший крем, мне подошёл. Хватило на 50 дней (мазала лицо 1 раз в день). Вместе с умывалкой и другими средствами на моей жирной коже стало меньше акне.",хороший крем подошёл хватило дней мазала лицо день вместе умывалкой другими средствами моей жирной коже стало меньше акне,хороший крем подойти хватить день мазать лицо день вместе умывалка другими средство мой жирный кожа стать меньше акне
6594,1556,Косметика и уход,5,positive,2026-01-22,"Отличный крем, у меня сильно сухая кожа, раньше брала 18, уже как раньше не увлажняет, этот самое то, спасибо ВБ, что у вас можно заказать, раньше только могла только в магазине приобрести.",отличный крем сильно сухая кожа раньше брала раньше не увлажняет самое спасибо вб заказать раньше могла магазине приобрести,отличный крем сильно сухой кожа ранний брать ранний не увлажнять самое спасибо вб заказать ранний мочь магазин приобрести
6604,1559,Косметика и уход,3,neutral,2026-06-07,Про эффект ничего сказать не могу !! Получила и намазала !белый мягкий .нелепкий крем. Слабый приятный запах!!.хорошо и быстро впитался. Нет пленки. Баночка маленькая . Ну никак ни 50 мл за 802 р. Нет никакой защитной пленки . Крышка закручивается и все,эффект не могу получила намазала белый мягкий нелепкий крем слабый приятный запах хорошо быстро впитался нет пленки баночка маленькая никак ни мл р нет никакой защитной пленки крышка закручивается,эффект не мочь получить намазать белый мягкий нелепкий крем слабый приятный запах хорошо быстро впитался нет плёнка баночка маленький никак ни мл р нет никакой защитный плёнка крышка закручиваться
6663,1572,Косметика и уход,5,positive,2026-07-24,"Отличный шампунь , приятный запах, обильная пена, хорошо промывает корни с первого раза . Занимает мало места на полке !",отличный шампунь приятный запах обильная пена хорошо промывает корни первого раза занимает мало места полке,отличный шампунь приятный запах обильный пена хорошо промывать корень первый раз занимать мало место полка
6665,1573,Косметика и уход,5,positive,2025-10-06,"До этого пользовалась многими другими шампунями Fresh Line и скажу: для меня это самые лучшие из всех шампуни! Прекрасно пахнет, отлично мылится, экономно расходуется. Использую в комплексе с другими средствами от выпадения волос (тут важно знать причину, она может быть разная), выпадение прекратилось! Спасибо!",пользовалась многими другими шампунями скажу самые лучшие шампуни прекрасно пахнет отлично мылится экономно расходуется использую комплексе другими средствами выпадения волос важно знать причину разная выпадение прекратилось спасибо,пользоваться многими другими шампунями fresh line сказать самые хороший шампуни прекрасно пахнуть отлично мылится экономно расходоваться использовать комплекс другими средство выпадение волос важный знать причина разный выпадение прекратиться спасибо
6678,1576,Косметика и уход,3,neutral,2026-04-18,"Научитесь упаковывать товар, хотелось бы получать его в целостности. Вообще марка хорошая Товар пришёл открытый и пол флакона вылилось в целлофан. Заплотила как за 300 мл, а по факту 150 мл получила.",научитесь упаковывать товар хотелось получать целостности вообще марка хорошая товар пришёл открытый пол флакона вылилось целлофан заплотила мл факту мл получила,научитесь упаковывать товар хотеться получать целостность вообще марка хороший товар прийти открытый пол флакон вылиться целлофан заплотила мл факт мл получить
6699,1585,Косметика и уход,5,positive,2025-09-21,"Не первый раз заказываю, мне подходит, но в этот раз доставка подвела, запаковано в стописят пакетов, а все равно шампунь протек",не первый заказываю подходит доставка подвела запаковано стописят пакетов равно шампунь протек,не первый заказывать подходить доставка подвести запаковать стописят пакет равный шампунь протек
6712,1590,Косметика и уход,5,positive,2026-06-09,"Брала всегда 200 мл в аптека, решила заказать на вб в большом формате По запаху похож на оригинал Голова после шампуня чистая",брала мл аптека решила заказать вб большом формате запаху похож оригинал голова шампуня чистая,брать мл аптека решить заказать вб большой формат запах похожий оригинал голов шампунь чистый
6836,1635,Косметика и уход,5,positive,2024-07-01,"пенится великолепно! расход маленький. а запааах..💗 в лечебных целях даже не сомневаюсь. концентрат экстрактов и масел. но нужно выдерживать на волосах. ну и бальзам/сыворотка/несмываемый уход конечно необходим. и да! можно хранить в этой же коробочке, только обсушить💡 я делаю это сухой рукой)",пенится великолепно расход маленький запаах лечебных целях не сомневаюсь концентрат экстрактов масел нужно выдерживать волосах бальзам сыворотка несмываемый уход необходим хранить коробочке обсушить делаю сухой рукой,пенится великолепно расход маленький запаах лечебный цель не сомневаться концентрат экстракт масло нужный выдерживать волос бальзам сыворотка несмываемый уход необходимый хранить коробочка обсушить делать сухой рука
6843,1639,Косметика и уход,1,negative,2026-07-24,"Шампунь неплохой, но я заказала две бутылки по разному адресу, и обе приехали с разбитым дозатором при наклоне вытекает! Хорошо, что осталась старая бутылка с целым дозатором, пришлось перелить. Будьте пожалуйста внимательны при упаковке товара, сверху на дозатор обязательно нужно упаковку, а там только полиэтиленовая пленка.",шампунь неплохой заказала две бутылки разному адресу обе приехали разбитым дозатором наклоне вытекает хорошо осталась старая бутылка целым дозатором пришлось перелить будьте пожалуйста внимательны упаковке товара сверху дозатор обязательно нужно упаковку полиэтиленовая пленка,шампунь неплохой заказать два бутылка разный адрес оба приехать разбить дозатор наклон вытекать хороший остаться старый бутылка целый дозатор прийтись перелить быть пожалуйста внимательный упаковка товар сверху дозатор обязательно нужный упаковка полиэтиленовый плёнка
6848,1641,Косметика и уход,5,positive,2026-06-30,"Заказываю шампунь не первый раз. Посоветовал врач от выпадения волос. Волосы действительно со временем меньше стали выпадать, но я с уверенностью не могу сказать что повлиял именно этот шампунь, а не другие факторы (изменение времени года, погоды, получение большего количества витаминов и т.д.). Однако, в отличие от других шампуней известных брендов Эсвицин довольно хороший шампунь, без сульфатов. Бутылки приехали в коробке. Сами бутылки с шампунем имеют ровно наклеенные этикетки и наклейку на крышке, что говорит о том, что шампуни не открывались до нас. В целом все ок! Спасибо продавцу за товар!",заказываю шампунь не первый посоветовал врач выпадения волос волосы действительно временем меньше стали выпадать уверенностью не могу повлиял именно шампунь не другие факторы изменение времени года погоды получение большего количества витаминов т д однако отличие других шампуней известных брендов эсвицин довольно хороший шампунь сульфатов бутылки приехали коробке сами бутылки шампунем имеют ровно наклеенные этикетки наклейку крышке говорит шампуни не открывались целом ок спасибо продавцу товар,заказывать шампунь не первый посоветовать врач выпадение волос волос действительно время маленький стать выпадать уверенность не мочь повлиять именно шампунь не другие фактор изменение время год погода получение больший количество витамин т однако отличие других шампунь известный бренд эсвицин довольно хороший шампунь сульфат бутылка приехать коробка сами бутылка шампунь иметь ровно наклеенные этикетка наклейка крышка говорить шампунь не открывались целое ок спасибо продавец товар
6926,1659,Косметика и уход,5,positive,2023-08-13,"Пришёл без фирменной упаковки, в пупырке. На колпачке защитная плёнка. Отличий от купленного в Рив Гоше не увидела. Доставили быстро. Спасибо",пришёл фирменной упаковки пупырке колпачке защитная плёнка отличий купленного рив гоше не увидела доставили быстро спасибо,прийти фирменный упаковка пупырке колпачок защитный плёнка отличие купить рив гоше не увидеть доставить быстро спасибо
6945,1663,Косметика и уход,5,positive,2026-07-09,"Отличный твёрдый шампунь, запах обалденный, у меня тонкие волосы и приходится мыть каждый день, но как только перешла на твёрдый шампунь, мою через день, даже не использую кондиционер, волосы отлично расчёсываются. Реально крутой шампунь. Рекомендую 👍 Всё",отличный твёрдый шампунь запах обалденный тонкие волосы приходится мыть каждый день перешла твёрдый шампунь мою день не использую кондиционер волосы отлично расчёсываются реально крутой шампунь рекомендую,отличный твёрдый шампунь запах обалденный тонкий волос приходиться мыть каждый день перейти твёрдый шампунь мой день не использовать кондиционер волос отлично расчёсываться реально крутой шампунь рекомендовать
6966,1668,Косметика и уход,5,positive,2026-07-15,"Шампунь действительно работает. Возможно кому-то поможет моя информация при выборе Волосы пористые, секутся и быстро ломаются. До этого пучками сыпались. После применения данного шампуня, ситуация улучшилась. Но дорогие девушки, не ждите чуда. Проблемы нужно решать изнутри. Если у вас нехватка витаминов и ослабленный организм, то вам нужно заниматься здоровьем. А это лишь помощник при комплексном лечении. Шампунь рекомендую!",шампунь действительно работает возможно кому-то поможет информация выборе волосы пористые секутся быстро ломаются пучками сыпались применения данного шампуня ситуация улучшилась дорогие девушки не ждите чуда проблемы нужно решать изнутри нехватка витаминов ослабленный организм нужно заниматься здоровьем лишь помощник комплексном лечении шампунь рекомендую,шампунь действительно работать возможно кто помочь информация выбор волос пористый сечься быстро ломаться пучок сыпались применение данного шампунь ситуация улучшиться дорогой девушка не ждать чудо проблема нужный решать изнутри нехватка витамин ослабленный организм нужный заниматься здоровье лишь помощник комплексный лечение шампунь рекомендовать
6978,1671,Косметика и уход,5,positive,2026-07-16,"Отлично упаковано. В пакете картонная коробка в полиэтилене, в ней еще одна коробка в полиэтилене. По аромату такие же, как в магазине, но дешевле.",отлично упаковано пакете картонная коробка полиэтилене одна коробка полиэтилене аромату такие магазине дешевле,отлично упаковать пакет картонный коробка полиэтилене одна коробка полиэтилене аромат такой магазин дешёвый
7008,1679,Косметика и уход,4,positive,2026-06-04,"как обычный шампунь, то что голова меньше грязнилась тоже не заметила в общем шампунь норм , но больше не куплю",обычный шампунь голова меньше грязнилась не заметила общем шампунь норм не куплю,обычный шампунь голова маленький грязниться не заметить общий шампунь норма не купить
7175,1724,Косметика и уход,5,positive,2026-03-03,"Шампунь как шампунь, нечего сверхъестественного, пришёл упакованный в пупырку , целый, запах приятный но не сильно ароматный, для моих волос подошёл.",шампунь шампунь нечего сверхъестественного пришёл упакованный пупырку целый запах приятный не сильно ароматный моих волос подошёл,шампунь шампунь нечего сверхъестественный прийти упаковать пупырку целый запах приятный не сильно ароматный мой волос подойти
7176,1725,Косметика и уход,5,positive,2026-07-17,"Долгое время уже беру только их. Супер! Волосы мягкие, послушные, а запах какой ммм.... Всех своих подсадила на эту линию. Спасибо!",долгое время беру супер волосы мягкие послушные запах мм своих подсадила линию спасибо,долгий время брать супер волос мягкий послушный запах мм свой подсадить линия спасибо
7287,1761,Косметика и уход,5,positive,2025-06-03,"Консистенция хорошая ,не жидкая и не слишком густая, легко наносить👍 Очень нравится сыворотка этой фирмы. Спасибо за быструю доставку 👌",консистенция хорошая не жидкая не слишком густая легко наносить очень нравится сыворотка фирмы спасибо быструю доставку,консистенция хороший не жидкий не слишком густой лёгкий наносить очень нравиться сыворотка фирма спасибо быстрый доставка
7295,1764,Косметика и уход,5,positive,2024-09-07,"Сыворотка впитывается, увлажняет кожу, не оставляет блеска. Одной карсулы хватает на лицо и руки. Кожа становится мягкой )) пользуюсь давно, покупаю не в первый рпз) рекомендую))👍",сыворотка впитывается увлажняет кожу не оставляет блеска одной карсулы хватает лицо руки кожа становится мягкой пользуюсь давно покупаю не первый рпз рекомендую,сыворотка впитываться увлажнять кожа не оставлять блеск одной карсулы хватать лицо рука кожа становиться мягкий пользоваться давно покупать не первый рпз рекомендовать
7305,1768,Косметика и уход,5,positive,2025-11-12,"Я использовала первую банку на ночь, хватило на доооолго, почти на два месяца. Вторую уже пустила и в день и в ночь, хватило на месяц. Сыворотка великолепная. Но. Эффекта надо ждать, я получила максимальное удовлетворение от нее через месяц регулярного использования. Я молодая еще пока женщина и активных изменений не имею, но мои минимальные скорректировались немного. Лицо всегда было свежим и увлажненным. Хороший ровный цвет лица после этой сыворотки. Она отлично дополнительно питает, кремом надо закрывать. Две за плечами, третья сыворотка ждёт стоит своего часа и периодами точно буду повторять Моя любовь Долго ждать эффекта",использовала первую банку ночь хватило доолго месяца вторую пустила день ночь хватило месяц сыворотка великолепная эффекта ждать получила максимальное удовлетворение месяц регулярного использования молодая пока женщина активных изменений не имею мои минимальные скорректировались немного лицо свежим увлажненным хороший ровный цвет лица сыворотки отлично дополнительно питает кремом закрывать две плечами третья сыворотка ждёт стоит своего часа периодами точно буду повторять любовь долго ждать эффекта,использовать первый банка ночь хватить доолго месяц второй пустить день ночь хватить месяц сыворотка великолепный эффект ждать получить максимальный удовлетворение месяц регулярный использование молодой пока женщина активный изменение не иметь мой минимальный скорректировались немного лицо свежий увлажненным хороший ровный цвет лицо сыворотка отлично дополнительно питать крем закрывать два плечо третий сыворотка ждёт стоить свой час период точно быть повторять любовь долго ждать эффект
7360,1777,Косметика и уход,1,negative,2026-02-12,"Заказываю уже не первый раз. Всегда приятный аромат, плотная текстура, виден эффект применения. В этот раз прислали жидкое средство с резким неприятным запахом. Боюсь наносить на кожу.",заказываю не первый приятный аромат плотная текстура виден эффект применения прислали жидкое средство резким неприятным запахом боюсь наносить кожу,заказывать не первый приятный аромат плотный текстура видный эффект применение прислать жидкий средство резкий неприятный запах бояться наносить кожа
7364,1778,Косметика и уход,4,positive,2026-05-24,"Жидкая как вода, по коже скользит легко, впитывается тоже. Липкости- ноль. Ушла стянутость, на лбу исчезли шелушения, кожа мягкая. а когда ее наношу под крем- вообще приятно. Морщины никуда не ушли, а вот увлажнение кожа получает теперь постоянно.",жидкая вода коже скользит легко впитывается липкости ноль ушла стянутость лбу исчезли шелушения кожа мягкая наношу крем вообще приятно морщины никуда не ушли увлажнение кожа получает постоянно,жидкий вода кожа скользить легко впитываться ноль уйти стянутость лоб исчезнуть шелушение кожа мягкий наносить вообще приятный морщина никуда не уйти увлажнение кожа получать постоянно
7407,1787,Косметика и уход,5,positive,2026-07-23,"Мне очень нравится эта сыворотка,раньше нужно было очень много крема использовать (кожа сухая,возрастная), сыворотка очень хорошо увлажняет кожу и после запечатываю её увлажняющий кремом(крема нужно совсем немного),мне очень подошла, спасибо огромное,заказал её второй раз и ещё четыре уходовых продукта вашего бренда и цена сейчас немного меньше чем была ранее, спасибо.",очень нравится эта сыворотка раньше нужно очень крема использовать кожа сухая возрастная сыворотка очень хорошо увлажняет кожу запечатываю её увлажняющий кремом крема нужно немного очень подошла спасибо огромное заказал её второй четыре уходовых продукта вашего бренда цена немного меньше ранее спасибо,очень нравиться этот сыворотка ранний нужный очень крем использовать кожа сухой возрастной сыворотка очень хорошо увлажнять кожа запечатывать её увлажнять нужный немного очень подойти спасибо огромный заказать её второй четыре уходовых продукт ваш бренд цена немного маленький ранее спасибо
7450,1793,Косметика и уход,5,positive,2026-04-28,"Вся линейка очень хорошая. Приемлимая цена. Увлажняет, без липкости. Эффект примерно 10-12 дней. Рекомендую к покупке Стоимость, эффект Не выявлено",вся линейка очень хорошая приемлимая цена увлажняет липкости эффект примерно дней рекомендую покупке стоимость эффект не выявлено,весь линейка очень хороший приемлимая цена увлажнять липкость эффект примерно день рекомендовать покупка стоимость эффект не выявить
7500,1803,Косметика и уход,5,positive,2026-01-27,"Использую вместе с тонером, хорошо убирает постакне, выравнивает тон, кожа выглядит свежо Очень хороший эффект, кожа сияет Цена не самая низкая, но радует объем",использую вместе тонером хорошо убирает постакне выравнивает тон кожа выглядит свежо очень хороший эффект кожа сияет цена не самая низкая радует объем,использовать вместе тонер хорошо убирать постакне выравнивать тон кожа выглядеть свежо очень хороший эффект кожа сиять цена не самая низкий радовать объём
7556,1812,Косметика и уход,4,positive,2026-06-17,"Добрый вечер, походу мне попалось вместо маски-сыворотки, крем. Как крем мне понравилась. Но не как маска, на маску даже не похожа",добрый вечер походу попалось вместо маски-сыворотки крем крем понравилась не маска маску не похожа,добрый вечер поход попасться вместо маска сыворотка крем крем понравиться не маска маска не похожий
7574,1818,Косметика и уход,5,positive,2026-07-16,"Купала ваших три продукта:крем под глаза,крем для лица и сыворотку для лица. Сыворотка действительно хорошая.Заметила что есть отличное увлажнение и питание )))Ещё из плюсов она не оставляет липкий слой!Короче,рекомендую🤍",купала ваших продукта крем глаза крем лица сыворотку лица сыворотка действительно хорошая заметила отличное увлажнение питание плюсов не оставляет липкий слой короче рекомендую,купать ваш продукт крем глаз крем лицо сыворотка лицо сыворотка действительно хороший заметить отличный увлажнение питание плюс не оставлять липкий слой короткий
7610,1823,Косметика и уход,5,positive,2026-05-06,"Цена сказка , заказала пару штук на запас Пришла в заводской упаковке , выглядит супер , наконец нашла эссенцию с хорошим составом так как кожа склонная к комедонам. Не сушит , хорошо увлажняет 👍🏼 -",цена сказка заказала пару штук запас пришла заводской упаковке выглядит супер нашла эссенцию хорошим составом кожа склонная комедонам не сушит хорошо увлажняет,цена сказка заказать пара штука запас прийти заводский упаковка выглядеть супер найти эссенция хороший состав кожа склонный комедонам не сушит хорошо увлажнять
7641,1831,Косметика и уход,1,negative,2024-12-31,"Мало того, что почти 2 недели мне никак не могли мне отправить (товар оплатила сразу), так ещё и не то прислали. Я же просила, что если нет в наличии - отмените его, т.к. я сама сделать этого не могла. Ну, спасибо!😡 Без понятия Всё, начиная от сроков доставки",мало недели никак не могли отправить товар оплатила сразу не прислали просила нет наличии отмените т сама сделать не могла спасибо понятия начиная сроков доставки,мало неделя никак не мочь отправить товар оплатить сразу не прислать просить нет наличие отменить т сама сделать не мочь спасибо понятие начинать срок доставка
7651,1835,Косметика и уход,3,neutral,2026-02-06,"Уже много лет заказываю продукцию фирмы Леврана, но с таким отношением столкнулась впервые. Очень жаль ((( Пришла с приоткрытой крышкой, соответственно 1/3 пролилось, бутылек был испачкан в сыворотке. И осталось. Хотя было упаковано в заводскую коробку и пленку. Из чего делаю вывод, что отправлено было в таком виде, или брак или производитель так заботится о клиентах.",лет заказываю продукцию фирмы леврана таким отношением столкнулась впервые очень жаль пришла приоткрытой крышкой соответственно пролилось бутылек испачкан сыворотке осталось хотя упаковано заводскую коробку пленку делаю вывод отправлено таком виде брак производитель заботится клиентах,год заказывать продукция фирма леврана такой отношение столкнуться впервые очень жаль прийти приоткрытой крышка соответственно пролилось бутылек испачкать сыворотка остаться хотя упаковать заводский коробка плёнка делать вывод отправить такой вид брак производитель заботиться клиент
7656,1835,Косметика и уход,1,negative,2021-10-27,"Сыворотка не гелевая, текстура водянистая. Пришла мокрая бутылочка, протекшая. Полагаю, брак упаковки. Это серьезный косяк производителя. Если сыворотка не герметично запакована, она портится.",сыворотка не гелевая текстура водянистая пришла мокрая бутылочка протекшая полагаю брак упаковки серьезный косяк производителя сыворотка не герметично запакована портится,сыворотка не гелевая текстура водянистый прийти мокрый бутылочка протечь полагать брак упаковка серьёзный косяк производитель сыворотка не герметично запаковать портиться
7657,1835,Косметика и уход,1,negative,2021-08-31,"Покупаю второй раз. Товар пришел испорченным. Коробка вся мокрая. Сыворотка вылилась. Чувство, что уже вскрывали. Открыла крышка без каких-либо усилий. Неприятный осадок.",покупаю второй товар пришел испорченным коробка вся мокрая сыворотка вылилась чувство вскрывали открыла крышка каких-либо усилий неприятный осадок,покупать второй товар прийти испорченным коробка весь мокрый сыворотка вылиться чувство вскрывать открыть крышка какой либо усилие неприятный осадок
7692,1842,Косметика и уход,5,positive,2025-12-18,"Я просто поклоняюсь этой сыворотке: она — единственное, что мне помогает от подкожных прыщей, при этом выравнивает и осветляет тон лица, а также увлажняет и не забивает кожу. Все Недостатков нет",просто поклоняюсь сыворотке единственное помогает подкожных прыщей выравнивает осветляет тон лица также увлажняет не забивает кожу недостатков нет,просто поклоняться сыворотка единственный помогать подкожный прыщей выравнивать осветлять тон лицо также увлажнять не забивать кожа недостаток нет
7733,1854,Косметика и уход,5,positive,2026-05-28,"Ждем результата,пока пользуюсь пару дней)не вызвало раздражений🙏 Оставляет небольшой липкий слой на коже,особенно в жару это чувствуется,хоть и закрываю кремом,но все же для меня некритично,посмотрим на эффект при дальнейшем использовании)",ждем результата пока пользуюсь пару дней не вызвало раздражений оставляет небольшой липкий слой коже особенно жару чувствуется закрываю кремом некритично посмотрим эффект дальнейшем использовании,ждать результат пока пользоваться пара вызвать раздражение оставлять небольшой липкий слой кожа особенно жара чувствоваться закрывать крем некритичный посмотреть эффект дальнейший использование
7739,1856,Косметика и уход,5,positive,2025-09-09,"Советую к покупке Точно не помню уже, но эта сыворотка кажется пятая у меня по счету. Увлажняет супер, иногда даже не хочется наносить сверху крем. Сыворотка непрозрачная, а как молочная, нежидкая. Я очень довольна",советую покупке точно не помню эта сыворотка кажется пятая счету увлажняет супер не хочется наносить сверху крем сыворотка непрозрачная молочная нежидкая очень довольна,советовать покупка точно не помнить этот сыворотка казаться пятый счёт увлажнять супер не хотеться наносить сверху крем сыворотка непрозрачный молочный нежидкий очень довольный
7740,1856,Косметика и уход,5,positive,2025-08-03,"Сыворотка понравилась удобно наносить , впитывается легко не оставляя липкости, хорошо питает кожу. Спасибо за подарочек очень приятно, ощущается забота о клиенте. Спасибо всем.",сыворотка понравилась удобно наносить впитывается легко не оставляя липкости хорошо питает кожу спасибо подарочек очень приятно ощущается забота клиенте спасибо всем,сыворотка понравиться удобно наносить впитываться легко не оставлять липкость хорошо питать кожа спасибо подарочек очень приятный ощущаться забота клиент спасибо всем
7769,1864,Косметика и уход,5,positive,2026-07-06,"Понравилось это слабо сказано) супер сыворотка! После двух дней использования заметен результат, кожа лица жирнится заметно меньше, исчезли воспаления, в общем однозначно рекомендую 👍 буду брать ещё и ещё!",понравилось слабо сказано супер сыворотка двух дней использования заметен результат кожа лица жирнится заметно меньше исчезли воспаления общем однозначно рекомендую буду брать,понравиться слабо сказать супер сыворотка два день использование заметный результат кожа лицо жирнится заметно меньше исчезнуть воспаление общий однозначно рекомендовать быть брать
7780,1867,Косметика и уход,5,positive,2026-06-17,"Отличное масло для сухой и увядающей кожи! Смешиваю с обычным кремом для лица,увлажняет ,придает лицу здоровый блеск и сияние,впитывается моментально! Рекомендую к покупке!",отличное масло сухой увядающей кожи смешиваю обычным кремом лица увлажняет придает лицу здоровый блеск сияние впитывается моментально рекомендую покупке,отличный масло сухой увядать кожа смешивать обычный крем лицо увлажнять придавать лицо здоровый блеск сияние впитываться моментально рекомендовать покупка
7800,1871,Косметика и уход,5,positive,2026-07-14,"Сыворотка пришла целая. На кожу наносится очень хорошо, быстро впитывается,нет ощущения жирности и липкости. Не забивает поры, нет белого налета. Очень комфортно ощущается на коже.",сыворотка пришла целая кожу наносится очень хорошо быстро впитывается нет ощущения жирности липкости не забивает поры нет белого налета очень комфортно ощущается коже,сыворотка прийти целый кожа наносится очень хорошо быстро впитываться нет ощущение жирность липкость не забивать пора нет белый налёт очень комфортно ощущаться кожа
7841,1877,Косметика и уход,5,positive,2026-07-18,Хорошо увлажняет я наношу на ночь и иногда перед макияжем тон очень хорошо ложится Сыворотка не липкая подкожных прыщей не вызвала хотя моя кожа к ним склонна,хорошо увлажняет наношу ночь макияжем тон очень хорошо ложится сыворотка не липкая подкожных прыщей не вызвала хотя кожа склонна,хорошо увлажнять наносить ночь макияж тон очень хорошо ложиться сыворотка не липкий подкожных прыщей не вызвать хотя кожа склонный
7859,1882,Косметика и уход,5,positive,2026-07-09,"Помогает Обсыпало страшно, намазала на ночь этой сывороткой и на утро уже ситуация была лучше Буду продолжать пользоваться и заказывать снова",помогает обсыпало страшно намазала ночь сывороткой утро ситуация буду продолжать пользоваться заказывать снова,помогать обсыпать страшно намазать ночь сыворотка утро ситуация быть продолжать пользоваться заказывать снова
7899,1893,Косметика и уход,4,positive,2026-07-23,"Пользуюсь два дня вижу работу. Очищает кожу и лечит. Очень неудобный дозатор. Прямо выплевывает средство, даже если стараешься нажать аккуратно или медленно чтоб не брызгал С первого дня убрал сильные покраснения Плохой дозатор",пользуюсь дня вижу работу очищает кожу лечит очень неудобный дозатор прямо выплевывает средство стараешься нажать аккуратно медленно не брызгал первого дня убрал сильные покраснения плохой дозатор,пользоваться день видеть работа очищать кожа лечить очень неудобный дозатор прямо выплёвывать средство стараешься нажать аккуратно медленно не брызгать первый день убрать сильный покраснение плохой дозатор
7949,1902,Косметика и уход,3,neutral,2026-07-20,"озабоченности по поводу упаковки и запаха нет, просто про качество ничего не могу сказать по прежнему, не заметила,,,,, так себе 🤷",озабоченности поводу упаковки запаха нет просто качество не могу прежнему не заметила,озабоченность повод упаковка запах нет просто качество не мочь прежнему не заметить
7977,1909,Косметика и уход,5,positive,2026-06-27,"Очень хорошая тушь после третьего нанесения мои поросячьи реснички превратились в красавиц, смывается легко, чулочками, нет эфектв панды весь день, очень рекомендую!!!",очень хорошая тушь третьего нанесения мои поросячьи реснички превратились красавиц смывается легко чулочками нет эфектв панды весь день очень рекомендую,очень хороший тушь третий нанесение мой поросячий ресничка превратиться красавиц смываться легко чулочками нет эфектв панда весь день очень рекомендовать
8048,1928,Косметика и уход,2,negative,2026-07-22,"Тюбик туши ужасно пахнет, то ли краска, то ли бензин. Невозможно зайти в комнату где находится эта тушь. Заказывала второй раз, до этого всё было нормально. Но в этот раз полное разочарование",тюбик туши ужасно пахнет краска бензин невозможно зайти комнату находится эта тушь заказывала второй нормально полное разочарование,тюбик туша ужасно пахнуть краска бензин невозможный зайти комната находиться этот тушь заказывать второй нормальный полный разочарование
8059,1930,Косметика и уход,4,positive,2026-07-22,"Тушь хорошая , но смыть её оооочень сложно . И миццелярка , и мыло и пенка для снятия макияжа и всё-равно полностью не смывается",тушь хорошая смыть её оочень сложно миццелярка мыло пенка снятия макияжа всё-равно полностью не смывается,тушь хороший смыть её оочень сложный миццелярка мыло пенка снятие макияж равно полностью не смываться
8083,1934,Косметика и уход,1,negative,2026-07-24,"Взяла термо тушь 1й раз , и больше не куплю .Во первых жидкая ,ресницы склеиваются ,даже иголкой не могу распушить .Понравился лишь цвет туши коричневый ,цвет красиаый.",взяла термо тушь й не куплю первых жидкая ресницы склеиваются иголкой не могу распушить понравился лишь цвет туши коричневый цвет красиаый,взять термо тушь й не купить первый жидкий ресница склеиваться иголка не мочь распушить понравиться лишь цвет туша коричневый цвет красиаый
8102,1936,Косметика и уход,5,positive,2026-02-27,"маска от черных точек я не совсем все поняла , я никогда таким не пользовалась, а вот сыворотка очень зачетная",маска черных точек не поняла таким не пользовалась сыворотка очень зачетная,маска чёрный точка не понять таким не пользоваться сыворотка очень зачётный
8138,1946,Косметика и уход,1,negative,2022-12-28,"Защитная плёнка отсутствует, упаковка повреждена, ужасный запах от наполнения. Фото сделано в ПВЗ, удержали за возврат 150 руб. Не рекомендую!",защитная плёнка отсутствует упаковка повреждена ужасный запах наполнения фото сделано пвз удержали возврат руб не рекомендую,защитный плёнка отсутствовать упаковка повредить ужасный запах наполнение фото сделать пвз удержать возврат не рекомендовать
8148,1949,Косметика и уход,5,positive,2026-07-24,"Супер тушь! Наносится очень хорошо, не осыпается и нет чёрных кругов под глазами. Вечером хорошо смылась тёплой водичкой 👍 Стойкость и эффект",супер тушь наносится очень хорошо не осыпается нет чёрных кругов глазами вечером хорошо смылась тёплой водичкой стойкость эффект,супер тушь наносится очень хорошо не осыпается нет чёрный круг глаз вечер хорошо смылась тёплый водичкой стойкость эффект
8158,1949,Косметика и уход,5,positive,2026-07-22,"Хорошая тушь, с первого раза очень удлинила ресницы, хотя давно не красила их,Но эффект удивил)хорошо пахнет и цвет прям насыщенный черный Крутая 🔥 На увидела",хорошая тушь первого раза очень удлинила ресницы хотя давно не красила эффект удивил хорошо пахнет цвет прям насыщенный черный крутая увидела,хороший тушь первый раз очень удлинить ресница хотя давно не красить эффект пахнуть цвет прям насыщенный чёрный крутой увидеть
8162,1950,Косметика и уход,4,positive,2026-07-23,"Хорошо упакована, пленка от вскрытия, пришла вовремя , хороший срок годности . красивый коричневый цвет К моим ресницам не подошла, склеивает, сыпиться .",хорошо упакована пленка вскрытия пришла вовремя хороший срок годности красивый коричневый цвет моим ресницам не подошла склеивает сыпиться,хорошо упаковать плёнка вскрытие прийти вовремя хороший срок годность красивый коричневый цвет мой ресницам не подойти склеивать сыпиться
8207,1961,Косметика и уход,5,positive,2026-07-22,"Это лучшая тушь👍Разделяет реснички, эффект вау 🤩 не сыпется, не скатывается. Придает нереальный объем, делает ресницы в несколько раз длиннее и выраженнее .",лучшая тушь разделяет реснички эффект вау не сыпется не скатывается придает нереальный объем делает ресницы несколько длиннее выраженнее,хороший тушь разделять ресничка эффект вау не сыпаться не скатывается придавать нереальный объём делать ресница несколько длинный выраженнее
8214,1962,Косметика и уход,5,positive,2026-07-19,"Заказала у этого продавца в первый раз, товар пришёл целый. Тушь очень понравилась, хоть она и не водостойкая, но весь продержалась на ура. На ресницах почти не чувствовалось (для меня это большой плюс) Думаю заказать ещё, когда это закончиться) P.S. пока писала, увидела, что wb предлагает оценить запах... оказалось, что она реально вкусно пахнет.... для меня это открытие🙃",заказала продавца первый товар пришёл целый тушь очень понравилась не водостойкая весь продержалась ура ресницах не чувствовалось большой плюс думаю заказать закончиться пока писала увидела предлагает оценить запах оказалось реально вкусно пахнет открытие,заказать продавец первый товар прийти целый тушь очень понравиться не водостойкий весь продержаться ура ресница не чувствоваться большой плюс думать заказать закончиться пока писать увидеть wb предлагать оценить запах оказаться реально вкусно пахнуть открытие
8224,1964,Косметика и уход,3,neutral,2026-06-24,"Я рыжая и думала что тушь будет с рыжеватым под тонном, но выглядит просто чёрной. Хорошо смывается. При высыхании не похоже на коричневый оттенок.",рыжая думала тушь рыжеватым тонном выглядит просто чёрной хорошо смывается высыхании не похоже коричневый оттенок,рыжий думать тушь рыжеватым тонном выглядеть просто чёрный хорошо смываться высыхание не похожий коричневый оттенок
8232,1966,Косметика и уход,5,positive,2026-07-23,"Обожаю эту тушь. Она намного лучше, чем дорогие брендовые туши. Легко ложится, не осыпается, не растекается даже в бассейне, снимается чулочками. Беру уже не первую. Однозначно рекомендую 👍",обожаю тушь намного дорогие брендовые туши легко ложится не осыпается не растекается бассейне снимается чулочками беру не первую однозначно рекомендую,обожать тушь намного дорогой брендовый туша легко ложиться не осыпается не растекается бассейн сниматься чулочками бер не первый однозначно рекомендовать
8256,1970,Косметика и уход,5,positive,2026-07-19,"Хорошая щёточка, подкручивает ресницы. Даже мои пряморастущие реснички остаются подкрученными весь день. Прямо магия какая-то. Очень понравилась тушь. Однозначно буду брать ещё. Щёточка, эффект на весь день, не осыпается, Всё так",хорошая щёточка подкручивает ресницы мои пряморастущие реснички остаются подкрученными весь день прямо магия какая-то очень понравилась тушь однозначно буду брать щёточка эффект весь день не осыпается,хороший щёточка подкручивать ресница мой пряморастущие ресничка оставаться подкрутить весь день прямо магия очень понравиться тушь однозначно быть брать щёточка эффект весь день не осыпается
8275,1975,Косметика и уход,5,positive,2026-06-07,"Тушь чудесная! Не то слово даже! Ложится равномерно, без комков, не шипит слизистую, не осыпается. Еще не смывала. Но надеюсь и здесь не подведет! Рекомендую! Взяла два цвета и не прогадала. Для лета самое то, что надо! Зеленый не хакки/что насторожило при заказе, хотела поярче/, так и оказалось: цвет ярко зелено-изумрудный. Смотрится очень благородно и не вызывающе. Можно и в офис использовать.",тушь чудесная не слово ложится равномерно комков не шипит слизистую не осыпается не смывала надеюсь не подведет рекомендую взяла цвета не прогадала лета самое зеленый не хакки насторожило заказе хотела поярче оказалось цвет ярко зелено-изумрудный смотрится очень благородно не вызывающе офис использовать,тушь чудесный не слово ложиться равномерно комок не шипит слизистую не осыпается не смывала надеяться не подвести рекомендовать взять цвет не прогадала лето самое зеленый не хакки насторожить заказ хотеть оказаться цвет ярко зелено изумрудный смотреться очень благородно не вызывающе офис использовать
8279,1976,Косметика и уход,5,positive,2026-04-14,"Быстрая доставка, упаковка не нарушена. Хороший срок годности 👌 Рекомендую 💪 Отличная тушь по доступной цене. Глазки с ней становятся ещё выразительнее и привлекательнее.",быстрая доставка упаковка не нарушена хороший срок годности рекомендую отличная тушь доступной цене глазки становятся выразительнее привлекательнее,быстрый доставка упаковка не нарушить хороший срок годность рекомендовать отличный тушь доступный цена глазки становиться выразительный привлекательный
8338,1992,Косметика и уход,1,negative,2026-07-13,"Не высыхает уже 2,5 часа. До этого покупала постоянно такую тушь, но в магазине, все было прекрасно. Здесь купила явную подделку, деньги на ветер",не высыхает часа покупала постоянно такую тушь магазине прекрасно купила явную подделку деньги ветер,не высыхать час покупать постоянно такой тушь магазин прекрасный купить явный подделка деньга ветер
8342,1993,Косметика и уход,3,neutral,2026-07-18,"Тушь не понравилась,не удлиняет, не придаёт объём,надо сделать 3-4 слоя,чтоб увидеть тушь на ресницах. Но за эту цену ничего лучшего ждать глупо.",тушь не понравилась не удлиняет не придаёт объём сделать слоя увидеть тушь ресницах цену лучшего ждать глупо,тушь не понравиться не удлинять не придаёт объём сделать слой увидеть тушь ресница цена хороший ждать глупо
8355,1994,Косметика и уход,5,positive,2026-07-04,"Осыпается, если будете активничать. Не водостойкая! Если будете плакать, с нижними ресницами все будет печально, но тушь за такие деньги - находка Хорошая тушь, наносится отлично, смывается замечательно, даже можете хорошо глаз потереть и она пропадёт с ресниц, если будет прям лень смывать.",осыпается будете активничать не водостойкая будете плакать нижними ресницами печально тушь такие деньги находка хорошая тушь наносится отлично смывается замечательно можете хорошо глаз потереть пропадёт ресниц прям лень смывать,осыпается быть активничать не водостойкий быть плакать нижний ресница печальный тушь такой деньга находка хороший тушь наносится отлично смываться замечательно мочь хорошо глаз потереть пропадёт ресница прямой лень смывать
8371,1995,Косметика и уход,5,positive,2026-07-24,"Крутая термотушь! Цвет обалденный — мягкий темно-коричневый, выглядит очень натурально. Реснички разделенные, аккуратные. Огромный плюс, что она вообще не размазывается под глазами (для обладательниц нависшего века это спасение). Смывается обычной теплой водой без «эффекта панды» — просто сходит комочками. Буду заказывать еще!",крутая термотушь цвет обалденный мягкий темно-коричневый выглядит очень натурально реснички разделенные аккуратные огромный плюс вообще не размазывается глазами обладательниц нависшего века спасение смывается обычной теплой водой эффекта панды просто сходит комочками буду заказывать,крутой термотушь цвет обалденный мягкий темно коричневый выглядеть очень натурально ресничка разделенные аккуратный огромный плюс вообще не размазывается глаз обладательница нависшего век спасение смываться обычный тёплый вода эффект панда просто сходить комочками быть заказывать
8417,2003,Косметика и уход,1,negative,2026-04-25,Доброго времени суток я пользовался этим туром очень довольно долго покупала всегда в магазине но первый раз заказала еа вб у этого продавца отпрааили какую то аналог не знаю совсем другой товар возврат не оформила написала продавцу отвечает наши товары соответствует но нечего не соответствует наверно это первый и последний раз когда у них что то заказываю не могу сказать рекомендую или не рекомендую но отзыв написать решила Не понравилась то что отправили совсем другой товар Другой товар не соответствует товару на фото,доброго времени суток пользовался этим туром очень довольно долго покупала магазине первый заказала еа вб продавца отпрааили какую аналог не знаю товар возврат не оформила написала продавцу отвечает наши товары соответствует нечего не соответствует наверно первый последний заказываю не могу рекомендую не рекомендую отзыв написать решила не понравилась отправили товар товар не соответствует товару фото,добрый время суток пользоваться этот тур очень довольно долго покупать магазин первый заказать еа вб продавец отпрааили какой аналог не знать товар возврат не оформить написать продавец отвечать наш товар соответствовать нечего не соответствовать наверно первый последний заказывать не мочь рекомендую не рекомендовать отзыв написать решить не понравиться отправить товар товар не соответствовать товар фото
8426,2006,Косметика и уход,5,positive,2026-05-15,"Тушь вообще огонь, подружка посоветовала, она покупала в *** за 600-700р , а я тут вообще за копейки купила. С учëтом того, что после наращивания у меня ресниц почти не осталось и все очень короткие, то эта тушь их подняла и удлинила очень хорошо, когда востановлю ресницы, то будет вообще вау эффект. И могу сказать, что я очень удивилась, так как пользовалась другими тушами, и дорогими, и средней цены, но такого эффекта не от одной не было",тушь вообще огонь подружка посоветовала покупала р вообще копейки купила наращивания ресниц не осталось очень короткие эта тушь подняла удлинила очень хорошо востановлю ресницы вообще вау эффект могу очень удивилась пользовалась другими тушами дорогими средней цены такого эффекта не одной не,тушь вообще огонь подружка посоветовать покупать р вообще копейка купить учëтом наращивание ресница не остаться очень короткий этот тушь поднять удлинить очень хорошо востановлю ресница вообще вау эффект мочь очень удивиться пользоваться другими туш дорогой средний цена такой эффект не одной не
8448,2011,Косметика и уход,5,positive,2026-06-29,"Тушь супер! Посоветовали,купила,не пожалела. Не оставляет кругов под глазами,не слипаются ресницы при окрашивании,удлинняет! Крашу ресницы редко,но иногда надо. Эта та самая тушь. Перепробовала очень много,но похоже теперь буду пользоваться только этой. Спасибо за хорошую тушь производителю! Рекомендуем к покупке! 🔥🔥🔥👍👍👍 Хорошо смывается. Очень хорошо прокравшивает ,удлиняет ,не слипаются ресницы при окрашивании. Нет",тушь супер посоветовали купила не пожалела не оставляет кругов глазами не слипаются ресницы окрашивании удлинняет крашу ресницы редко эта та самая тушь перепробовала очень похоже буду пользоваться спасибо хорошую тушь производителю рекомендуем покупке хорошо смывается очень хорошо прокравшивает удлиняет не слипаются ресницы окрашивании нет,тушь супер посоветовать купить не пожалеть не оставлять круг глаз не слипаться ресница окрашивание удлинняет крашу ресница редко этот тот самая тушь перепробовать очень похожий быть пользоваться спасибо хороший тушь производитель рекомендовать покупка хорошо смываться очень хорошо прокравшивает удлинять не слипаться ресница окрашивание нет
8471,2018,Косметика и уход,5,positive,2026-07-07,"Внешний вид, конечно, так себе. Но качество продукта очень даже высокое. Цвет туши яркий, насыщенный. Не осыпается. Ресницы объёмные, пушистые.",внешний вид качество продукта очень высокое цвет туши яркий насыщенный не осыпается ресницы объёмные пушистые,внешний вид качество продукт очень высокий цвет туша яркий насыщенный не осыпается ресница объёмный пушистый
8479,2019,Косметика и уход,5,positive,2026-07-08,"Спасибо большое производителю. Я очень долго искала коричневую тушь в разных ценовых категориях, чтобы она удлиняла, не утяжеляла и делала ресницы длинными. И Ваша тушь обладает всеми этими качествами. Просто лучшее, что случалось с моими ресницами. Первое фото - «до», втрое - «после».",спасибо большое производителю очень долго искала коричневую тушь разных ценовых категориях удлиняла не утяжеляла делала ресницы длинными ваша тушь обладает всеми этими качествами просто лучшее случалось моими ресницами первое фото втрое,спасибо большое производитель очень долго искать коричневый тушь разный ценовый категория удлиняла не утяжелять делать ресница длинный ваш тушь обладать весь этот качество просто хороший случаться мой ресницами первый фото втрое
8571,2038,Косметика и уход,5,positive,2026-03-17,"Заказ задержался на 4 дня.Упаковали не ту тушь,но так как очень долго ждала заказ забрала эту тушь.Надеюсь,что она хорошая.В следующий раз будьте пожалуйста внимательнее при отправке заказа.",заказ задержался дня упаковали не ту тушь очень долго ждала заказ забрала тушь надеюсь хорошая следующий будьте пожалуйста внимательнее отправке заказа,заказ задержаться день упаковали не тот тушь очень долго ждать заказ забрать тушь надеяться хороший следующий быть пожалуйста внимательный отправка заказ
8623,2054,Косметика и уход,5,positive,2026-07-16,Очень хорошая тушь. Мне подходит. Правда хватает на пару месяцев. Но за такую цену норм. Беру не в первый раз. Рекомендую,очень хорошая тушь подходит правда хватает пару месяцев такую цену норм беру не первый рекомендую,очень хороший тушь подходить правда хватать пара месяц такой цена норма бер не первый рекомендовать
8673,2071,Косметика и уход,1,negative,2026-07-23,"Проверяйте качество сразу на ПВЗ-не только срок годности! Я открыла сразу, а тушь сухая, на щёточке ни капли влажной туши ! Отказ.",проверяйте качество сразу пвз-не срок годности открыла сразу тушь сухая щёточке ни капли влажной туши отказ,проверять качество сразу пвз не срок годность открыть сразу тушь сухой щёточка ни капля влажный туша отказ
8689,2074,Косметика и уход,5,positive,2026-07-23,Упаковка была ужасной и он не полный как будто от лили звезды снимать не буду просто в приедь не делайте так... 😥 А так запах очень приятный спасибо,упаковка ужасной не полный лили звезды снимать не буду просто приедь не делайте запах очень приятный спасибо,упаковка ужасный не полный лить звезда снимать не быть просто приедь не делать запах очень приятный спасибо
8761,2098,Косметика и уход,5,positive,2025-03-13,"Аромат неизбитый,свежий,яркий по началу,потом,раскрываясь,становится многогранным интригующим и завораживающим.Мне очень понравился и по хорошему очень удивил.Спасибо огромное за парфюмерную радость! Как всегда,ваша ароматная продукция на высоте!!стойкость отменная,около суток чувствую аромат на себе,шлейф приличный,обращает внимание на себя,но не удушающий Сотрудницы спрашивают,чем так вкусно от меня пахнет Два раза уточняли в ватсап по поводу пробников.Всё решили.В итоге пробник прислали не тот,нелюбимый Монталь шоколад.Очень расстроена,так как выбирала пробники,с ароматом которых незнакома и хотелось бы узнать и заказать.Такая ситуация первый раз,печально😔",аромат неизбитый свежий яркий началу раскрываясь становится многогранным интригующим завораживающим очень понравился хорошему очень удивил спасибо огромное парфюмерную радость ваша ароматная продукция высоте стойкость отменная около суток чувствую аромат шлейф приличный обращает внимание не удушающий сотрудницы спрашивают вкусно пахнет раза уточняли ватсап поводу пробников решили итоге пробник прислали не нелюбимый монталь шоколад очень расстроена выбирала пробники ароматом которых незнакома хотелось узнать заказать такая ситуация первый печально,аромат неизбитый свежий яркий начало раскрываться становиться многогранный интриговать завораживать очень понравиться хороший очень удивить спасибо огромный парфюмерный радость ваш ароматный продукция высота стойкость отменный около суток чувствовать аромат шлейф приличный обращать внимание не удушать сотрудница спрашивать вкусно пахнуть раз уточнять ватсап повод пробник решить итог пробник прислать не нелюбимый монталь шоколад очень расстроить выбирать пробник аромат которых незнакома хотеться узнать заказать такой ситуация первый печально
8797,2108,Косметика и уход,1,negative,2026-07-24,Не держит запах от слова СОВСЕМ Деньги выброшены в корзину не рекомендую беру уже не первый запах держит одну минуту Полное разочерование,не держит запах слова деньги выброшены корзину не рекомендую беру не первый запах держит одну минуту полное разочерование,не держать запах слово деньга выбросить корзина не рекомендовать бер не первый запах держать одну минута полный разочерование
8830,2118,Косметика и уход,5,positive,2026-04-23,"Через честный знак проходит, упаковано было хорошо. Тестер , поэтому, без крышки, аромат знаком, тк тестировала его несколько раз в МК, пришёл точно такой же👍 . Рекомендую, но лучше с предварительным затестом.",честный знак проходит упаковано хорошо тестер поэтому крышки аромат знаком тк тестировала несколько мк пришёл точно рекомендую предварительным затестом,честный знак проходить упаковать хороший тестер поэтому крышка аромат знакомый тк тестировать несколько мк прийти точно рекомендовать предварительный затестом
8835,2119,Косметика и уход,5,positive,2026-05-22,"Аромат хороший, стойкий, шлейф отличный, но для меня приторные. Тем, кому нравятся сладкие, советую. Розовый перец и ваниль чувствую больше всего Яркие Нет",аромат хороший стойкий шлейф отличный приторные кому нравятся сладкие советую розовый перец ваниль чувствую яркие нет,аромат хороший стойкий шлейф отличный приторные кто нравиться сладкий советовать розовый перец ваниль чувствовать яркий нет
8863,2128,Косметика и уход,3,neutral,2026-06-08,"Больше не закажу. Пустая трата денег. И это не по мотивам, так как те очень стойкий аромат, а в данном товаре этого нет. Пришёл товар быстро и хорошо упакован. Запах держится наверное минут 10-15.",не закажу пустая трата денег не мотивам те очень стойкий аромат данном товаре нет пришёл товар быстро хорошо упакован запах держится наверное минут,не заказать пустой трата деньга не мотив тот очень стойкий аромат данном товар нет прийти товар быстро хорошо упаковать запах держаться наверное минута
8883,2137,Косметика и уход,2,negative,2026-07-07,"Честно, не поняла восторженных отзывов, на которые повелась. У другого продавца запах действительно белый шоколад, эти - нет. Плюс держатся 15 минут максимум. На одежде еще что-то есть, если принюхаться, на теле ничего не остается",честно не поняла восторженных отзывов которые повелась другого продавца запах действительно белый шоколад нет плюс держатся минут максимум одежде что-то принюхаться теле не остается,честно не понять восторженный отзыв которые повестись другого продавец запах действительно белый шоколад нет плюс держаться минута максимум одежда принюхаться тело не оставаться
8887,2137,Косметика и уход,4,positive,2026-06-23,"Ооочень бомбический запах! Буду скоро заказывать ещё. Пришли духи в хорошо упакованной коробке. Но. Внутри крышка флакона была повреждена, на видео видно. Содержимое флакона было немного разлито внутри коробки.",ооочень бомбический запах буду скоро заказывать пришли духи хорошо упакованной коробке внутри крышка флакона повреждена видео видно содержимое флакона немного разлито внутри коробки,ооочень бомбический запах быть скоро заказывать прийти дух хорошо упаковать коробка внутри крышка флакон повредить видео видно содержимое флакон немного разлито внутри коробка
8892,2139,Косметика и уход,1,negative,2026-07-24,"Люди которые не любят слишком сладкие духи лучше такое не берите. Я смотрела только на отзывы и разочаровалась... Упаковка хорошая Слишком сладкий , запах чоко пая слишком приторный",люди которые не любят слишком сладкие духи такое не берите смотрела отзывы разочаровалась упаковка хорошая слишком сладкий запах чоко пая слишком приторный,человек которые не любить слишком сладкий дух такой не брать смотреть отзыв разочароваться упаковка хороший слишком сладкий запах чоко пая слишком приторный
8897,2139,Косметика и уход,5,positive,2026-04-18,"Офигенные духи. Правда, много не надо на себя распылять, так как аромат интенсивный достаточно и хватит 2 пшиков. Пахнут просто прекрасно, не приторно а прям шоколадом 🍫",офигенные духи правда не распылять аромат интенсивный достаточно хватит пшиков пахнут просто прекрасно не приторно прям шоколадом,офигенный дух правда не распылять аромат интенсивный достаточный хватить пшик пахнуть просто прекрасный не приторный прям шоколад
8911,2144,Косметика и уход,5,positive,2025-10-29,Мне очень понравился запах Я духи с таким запахом привозила с Японии в 90 годах Это был отпад и вот случайно заказала у вас Сколько будут держаться не знаю посмотрим СПАСИБО,очень понравился запах духи таким запахом привозила японии годах отпад случайно заказала сколько будут держаться не знаю посмотрим спасибо,очень понравиться запах дух такой запах привозила япония год отпад случайно заказать сколько быть держаться не знать посмотреть спасибо
8936,2153,Косметика и уход,5,positive,2026-07-21,"Запах на любителя. Флакончик красивый, дозатор работает хорошо. Милая черная коробочка, упаковано было в пупырку. Советую, но запах нужно слушать чтобы понять подойдет или нет, повторюсь, на любителя.",запах любителя флакончик красивый дозатор работает хорошо милая черная коробочка упаковано пупырку советую запах нужно слушать понять подойдет нет повторюсь любителя,запах любитель флакончик красивый дозатор работать хорошо милый чёрный коробочка упаковать пупырку советовать запах нужный слушать понять подойти нет повториться любитель
8961,2162,Косметика и уход,5,positive,2026-07-24,"Неожиданно, но духи очень хорошие. Пахнут вкусно, достаточно стойкие. Вечером нанесла на запястье, утром проснулась запах до сих пор присутствует☺️",неожиданно духи очень хорошие пахнут вкусно достаточно стойкие вечером нанесла запястье утром проснулась запах сих пор присутствует,неожиданно дух очень хороший пахнуть вкусно достаточно стойкий вечер нанести запястье утро проснуться запах сей пора присутствовать
8994,2171,Косметика и уход,5,positive,2026-06-25,"всегда нравились масляные парюмы, аромат спокойный, чувствуется свежесть апельсина, остаётся нежный аромат ванилина с молоком, мне подошли духи буду заказывать",нравились масляные парюмы аромат спокойный чувствуется свежесть апельсина остаётся нежный аромат ванилина молоком подошли духи буду заказывать,нравиться масляный парюмы аромат спокойный чувствоваться свежесть апельсин оставаться нежный аромат ванилин молоко подойти дух быть заказывать
9028,2181,Косметика и уход,5,positive,2026-07-01,"На одежде запах держится 1.5 суток точно, на руке часов 8 точно, но запах конечно не мой. А так хорошая парфюмерная вода, особенно за такую цену.",одежде запах держится суток точно руке часов точно запах не хорошая парфюмерная вода особенно такую цену,одежда запах держаться суток точно рука час точно запах не хороший парфюмерный вода особенно такой цена
9034,2183,Косметика и уход,5,positive,2026-07-24,"Мои любимые духи! Божественный аромат! Ещё и аккуратно,бережно упакованы с записочкой:""Собрано Ольгой с любовью!"" Большое спасибо Ольге и продавцу, буду и дальше радовать себя покупками у вас!",мои любимые духи божественный аромат аккуратно бережно упакованы записочкой собрано ольгой любовью большое спасибо ольге продавцу буду дальше радовать покупками,мой любимый дух божественный аромат аккуратно бережно упаковать ольга любовь большой спасибо ольге продавец быть далёкий радовать покупка
9085,2192,Косметика и уход,5,positive,2025-08-06,"Довольно-тaки нeобычный aромaт у этих духов с рaскрытиeм в них ноток цитрусовых, грaнaтовых, цвeточных (в особeнности нeжности пионa). Дeржaтся нa кожe достaточно длитeльноe врeмя при этом.",довольно этих духов ноток цитрусовых,довольно тaки нeобычный aромaт этот дух рaскрытиeм ноток цитрусовый грaнaтовых цвeточных особeнности нeжности пионa дeржaтся нa кожe достaточно длитeльноe врeмя
9129,2205,Косметика и уход,5,positive,2026-07-24,"Представьте, что вы разрезаете мягкую фисташковую пасту и поливаете её солёной карамелью именно так звучат эти духи. С первых секунд это не приторный десерт, а очень реалистичный. Стойкость выше среднего (6–8 часов), шлейф нежный, но ощутимый. Идеально для осени и зимы, когда хочется сладости без приторности пожалуй, лучшие духи на моей памяти.",представьте разрезаете мягкую фисташковую пасту поливаете её солёной карамелью именно звучат духи первых секунд не приторный десерт очень реалистичный стойкость выше среднего часов шлейф нежный ощутимый идеально осени зимы хочется сладости приторности пожалуй лучшие духи моей памяти,представить разрезать мягкий фисташковый паста поливать её солёный карамель именно звучать дух первый секунда не приторный десерт очень реалистичный стойкость высоко средний час шлейф нежный ощутимый идеально осень зима хотеться сладость приторность пожалуй хороший дух мой память
9130,2205,Косметика и уход,5,positive,2026-07-24,"Ой, как внусно они пахнут.🥰 Запах очень интересный, сложно описать, но пахнет и правда и фисташкой и карамелью. Мне очень понравились. Кстати от того сколько раз на себя пшикнешь, можно менять концентрацию. Это очень круто))) А вообще я очень люблю сладкие духи. И эта фирма для меня оказалась целым открытием)",ой внусно пахнут запах очень интересный сложно описать пахнет правда фисташкой карамелью очень понравились кстати сколько пшикнешь менять концентрацию очень круто вообще очень люблю сладкие духи эта фирма оказалась целым открытием,ой внусно пахнуть запах очень интересный сложный описать пахнуть правда фисташкой карамель очень понравиться кстати сколько пшикнешь менять концентрация очень крутой вообще очень любить сладкий дух этот фирма оказаться целый открытие
9150,2207,Косметика и уход,1,negative,2025-01-09,"Кто пишет хорошие отзывы? Это обмен, не ведитесь. Даааа, уважаемые разочарование полное. Запах лишь отдалённо напоминает оринанал, стойкость сложно оценить, её вообще нет. Через несколько минут на коже вообще никакого аромата . Раньше Эйфель славился и попаданием в оригинал и стойкостью, вещи после стирки благоухали. Брала два разных аромата в двух магазинах на вб, оба раза это вода. Но в другом магазине цена по крайней мере меньше, красивая коробочка с лентой и соль для ванн в подарок, у вас и дороже и упаковки никакой. Делаю вывод- Либо тут продают подделку все кто торгует этим брендом, потому что Эйфель десять лет назад стоил 800+ за такой объём, либо фирма пошла ко дну. Стойкости нет Аромат лишь отдалённо напоминает оригинал",пишет хорошие отзывы обмен не ведитесь даа уважаемые разочарование полное запах лишь отдалённо напоминает оринанал стойкость сложно оценить её вообще нет несколько минут коже вообще никакого аромата раньше эйфель славился попаданием оригинал стойкостью вещи стирки благоухали брала разных аромата двух магазинах вб оба раза вода другом магазине цена крайней мере меньше красивая коробочка лентой соль ванн подарок дороже упаковки никакой делаю вывод либо продают подделку торгует этим брендом эйфель десять лет назад стоил объём либо фирма пошла ко дну стойкости нет аромат лишь отдалённо напоминает оригинал,писать хороший отзыв обмен не вестись даа уважаемые разочарование полный запах лишь отдалённо напоминать оринанал стойкость сложный оценить её вообще нет несколько минута кожа вообще никакой аромат ранний эйфель славиться попадание оригинал стойкость вещь стирка благоухать брать разный аромат два магазин вб оба раз вода другом магазин цена крайний мера меньше красивый коробочка лента соль ванна подарок дорогой упаковка никакой делать либо продавать подделка торговать этот бренд эйфель десять год назад стоить объём либо фирма пойти к дно стойкость нет аромат лишь отдалённо напоминать оригинал
9154,2208,Косметика и уход,5,positive,2026-06-15,"Понравились ароматы. У меня из этих ароматов есть оригинальные два, так вот запах очень похож на оригинальный. Держатся очень хорошо, побрызгала и на коже весь день ощущала запах. Рекомендую, возьму еще в больших флаконах, если они такого же качества.",понравились ароматы этих ароматов оригинальные запах очень похож оригинальный держатся очень хорошо побрызгала коже весь день ощущала запах рекомендую возьму больших флаконах такого качества,понравиться аромат этот аромат оригинальный запах очень похожий оригинальный держаться очень хорошо побрызгать кожа весь день ощущать запах рекомендовать взять больший флакон такой качество
9162,2209,Косметика и уход,5,positive,2026-07-15,"Аромат чистоты и свежести так и есть. Колпачок от флакона пахнет жасмином, когда нанесла духи, то больше всего напомнило мыло Dove, но потом раскрываются такие интересные ноты, у меня ассоциации с ладаном из церкви, но очень приятный ладан, не вонючий. В целом вообще не плохо, мне понравился аромат. Так как это туалетная вода, а не парфюм, держится так себе, быстро выветривается.",аромат чистоты свежести колпачок флакона пахнет жасмином нанесла духи напомнило мыло раскрываются такие интересные ноты ассоциации ладаном церкви очень приятный ладан не вонючий целом вообще не плохо понравился аромат туалетная вода не парфюм держится быстро выветривается,аромат чистота свежесть колпачок флакон пахнуть жасмин нанести дух напомнить мыло dove раскрываться такой интересный нота ассоциация ладан церковь очень приятный ладан не вонючий целое вообще не плохой понравиться аромат туалетный вода не парфюм держаться быстро выветривается
9186,2218,Косметика и уход,5,positive,2026-07-24,"Люблю эту маску за то, что она реально работает волосы выглядят более здоровыми, появляется красивый блеск. Расход экономичный хватает надолго",люблю маску реально работает волосы выглядят здоровыми появляется красивый блеск расход экономичный хватает надолго,любить маска реально работать волос выглядеть здоровый появляться красивый блеск расход экономичный хватать надолго
9210,2222,Косметика и уход,5,positive,2026-07-24,"обожаю эту маску! беру уже 4 банку и преданна только ей. у меня густые пористые волосы и она увлажнит их на все 100% и сделает их более расыпчатыми, гладкими и шелковистыми. легко наносится и приятно пахнет",обожаю маску беру банку преданна густые пористые волосы увлажнит сделает расыпчатыми гладкими шелковистыми легко наносится приятно пахнет,обожать маска брать банк преданный густой пористый волос увлажнить сделать расыпчатыми гладкий шелковистый легко наносится приятно пахнуть
9218,2224,Косметика и уход,5,positive,2026-07-22,"Хорошая маска. Волосы от нее очень послушные и блестящие. Запах оболденный, но после смывания не ощущаю его на волосах. Заказала еще, первая баночка заканчивается.",хорошая маска волосы очень послушные блестящие запах оболденный смывания не ощущаю волосах заказала первая баночка заканчивается,хороший маска волос очень послушный блестеть запах оболденный смывание не ощущать волос заказать первый баночка заканчиваться
9247,2232,Косметика и уход,5,positive,2026-07-20,"Покупаю не в первый раз, волосы после нее гладкие , шелковистые, блестящие, послушные, для меня как для блондинки это очень важно. Немного жидковата маска, но это не влияет на ее действие. нет минусов",покупаю не первый волосы гладкие шелковистые блестящие послушные блондинки очень важно немного жидковата маска не влияет действие нет минусов,покупать не первый волос гладкий шелковистый блестеть послушный блондинка очень важный немного жидковата маска не влиять действие нет минус
9277,2236,Косметика и уход,4,positive,2021-04-30,"Для блонда слабовата. От маски изначально ничего не ожидала, брала из любопытства чтоб наконец узнать что такое натуральная косметика) мажу на ночь под шапку - так увлажнение достойное, если использовать как положено, то Волосы как солома - даже кондиционер не спасает",блонда слабовата маски изначально не ожидала брала любопытства узнать такое натуральная косметика мажу ночь шапку увлажнение достойное использовать положено волосы солома кондиционер не спасает,блонда слабовата маска изначально не ожидать брать любопытство узнать такой натуральный косметика мажу ночь шапка увлажнение достойный использовать положено волос солома кондиционер не спасать
9318,2243,Косметика и уход,5,positive,2026-04-21,"Маска с розмарином и перцем проверенные компоненты для роста волос.Оказывает приятный разогревающий эффект , улучшает кровообращение.Легко наносится, волосы после нее шелковистые,продолжу пользоваться.",маска розмарином перцем проверенные компоненты роста волос оказывает приятный разогревающий эффект улучшает кровообращение легко наносится волосы шелковистые продолжу пользоваться,маска розмарин перец проверенные компонент рост волос оказывать приятный разогревать эффект улучшать кровообращение легко наносится волос шелковистый продолжить пользоваться
9332,2246,Косметика и уход,4,positive,2026-07-14,"Единственный плюс это запах, очень сочная Вишенка, а вот волос мой жирнит, как будто и не мыла голову с этой маской.",единственный плюс запах очень сочная вишенка волос жирнит не мыла голову маской,единственный плюс запах очень сочный вишенка волос жирнит не мыла голова маска
9381,2258,Косметика и уход,5,positive,2026-07-11,"Бальзам-маска просто супер. Сожгла волосы плойкой, благодаря этой маске уже после первого применения волосы стали гораздо лучше, елочка ушла, стали шелковистыми, рассыпчатыми и здоровыми",бальзам-маска просто супер сожгла волосы плойкой благодаря маске первого применения волосы стали гораздо елочка ушла стали шелковистыми рассыпчатыми здоровыми,бальзам маска просто супер сжечь волос плойка благодаря маска первый применение волос стать гораздо ёлочка уйти стать шелковистый рассыпчатый здоровый
9442,2271,Косметика и уход,5,positive,2026-05-08,"Маска отлично питает и увлажняет волосы, делает их мягкими и блестящими. Легко смывается, не утяжеляет пряди. После применения волосы становятся более послушными и легко расчёсываются.",маска отлично питает увлажняет волосы делает мягкими блестящими легко смывается не утяжеляет пряди применения волосы становятся послушными легко расчёсываются,маска отлично питать увлажнять волос делать мягкий блестеть легко смываться не утяжелять прядь применение волос становиться послушный легко расчёсываться
9465,2278,Косметика и уход,5,positive,2025-05-19,"Первое впечатление хорошее, немного протек, но не критично. Вроде и упакован хорошо в пупырку, но при транспортировке видимо крышка раскрутилась. Консистенция приятная, запах немного на любителя пикантный, волосы увлажняет. Будем тестировать дальше Все хорошо Нет",первое впечатление хорошее немного протек не критично вроде упакован хорошо пупырку транспортировке видимо крышка раскрутилась консистенция приятная запах немного любителя пикантный волосы увлажняет будем тестировать дальше хорошо нет,первый впечатление хороший немного протёк не критично вроде упаковать хорошо пупырку транспортировка видимо крышка раскрутиться консистенция приятный запах немного любитель пикантный волос увлажнять быть тестировать далёкий хорошо нет
9479,2281,Косметика и уход,5,positive,2025-06-16,"Отличное качество всех средст этой линии по уходу за волосами, не утяжеляет, придаёт блеск и шелковистость волосам, улучшает структуру волос",отличное качество средст линии уходу волосами не утяжеляет придаёт блеск шелковистость волосам улучшает структуру волос,отличный качество средст линия уход волос не утяжелять придаёт блеск шелковистость волос улучшать структура волос
9490,2285,Косметика и уход,5,positive,2022-09-06,"на данный момент это пока единственная маска благодаря которой я могу расчесать свои сухие волосы. конечно, она не совсем идеальна, но среди того огромного списка, что я пробовала на своих волосах на данный момент она лучшая",данный момент пока единственная маска благодаря которой могу расчесать свои сухие волосы не идеальна среди огромного списка пробовала своих волосах данный момент лучшая,данный момент пока единственный маска благодаря которой мочь расчесать свой сухой волос не идеальный среди огромный список пробовать свой волос данный момент хороший
9499,2289,Косметика и уход,5,positive,2026-07-06,"Действительно успокаивает. Голова не чешется после нее. Жаль только, что до шампуня, а не после. Даже после бессульфатного шампуня у меня снова голова начала зудеть.",действительно успокаивает голова не чешется жаль шампуня не бессульфатного шампуня снова голова начала зудеть,действительно успокаивать голова не чесаться жаль шампунь не бессульфатного шампунь снова голова начать зудеть
9528,2296,Косметика и уход,5,positive,2025-06-28,"Показалось, что упаковка быда вскрыта, так как маску просто откручиваешь и все. Но вроде не похоже, что ее меньше. По эффекту супер маска, это видно с первого раза: волосы мягкие, разгладились. Радует, что ее много. У меня пористые волосы, заметила, что стали слишком сухими. Если будет накопительный эффект - вообще 🔥🔥🔥",показалось упаковка быда вскрыта маску просто откручиваешь вроде не похоже меньше эффекту супер маска видно первого раза волосы мягкие разгладились радует пористые волосы заметила стали слишком сухими накопительный эффект вообще,показаться упаковка быда вскрыть маска просто откручивать вроде не похожий меньше эффект супер маска видный первый раз волос мягкий разгладиться радовать пористые волос заметить стать слишком сухой накопительный эффект вообще
9530,2296,Косметика и уход,5,positive,2025-01-23,"Маска очень хорошая девочки берите не пргодаете для длинных волос самое то ни разу не пожалела, что приобрела спасибо продавцу🫶",маска очень хорошая девочки берите не пргодаете длинных волос самое ни разу не пожалела приобрела спасибо продавцу,маска очень хороший девочка берите не пргодаете длинный волос самое ни разу не пожалеть приобрести спасибо
9562,2303,Косметика и уход,5,positive,2026-07-16,"В основном использую вместе с разогревающей маской, ее на корни, эту на длину. В последний раз мой парикмахер была довольна состоянием волос, сеченых не было, освежила только длину. Значит работает)",основном использую вместе разогревающей маской корни длину последний парикмахер довольна состоянием волос сеченых не освежила длину значит работает,основный использовать вместе разогревать маска корень длина последний парикмахер довольный состояние волос сеченых не освежить длина значить работать
9568,2304,Косметика и уход,5,positive,2026-07-08,"Лучшая маска для моих волос!!! Пользуюсь года 2, у меня длинные волосы, требуют много внимания, после маски волосы блестящие, напитанные, легко расчесываются",лучшая маска моих волос пользуюсь года длинные волосы требуют внимания маски волосы блестящие напитанные легко расчесываются,хороший маска мой волос пользоваться год длинный волос требовать внимание маска волос блестящий напитанные легко расчёсываться
9569,2305,Косметика и уход,5,positive,2026-07-22,Беру уже вторую пачку очень классная маска если её держать после мытья головы хотя бы минут пять вообще отличные волосы становятся Ну даже если намазала через минуту смыл тоже ничего советую к покупке,беру вторую пачку очень классная маска её держать мытья головы хотя минут пять вообще отличные волосы становятся намазала минуту смыл советую покупке,беру второй пачка очень классный маска её держать мытьё голова хотя минута пять вообще отличный волос становиться намазала минута смыть советовать покупка
9627,2318,Косметика и уход,3,neutral,2026-04-24,"Почему у такой продукции из упаковки только пупырчатая пленка, это никак не похоже на продукцию дсд которая является премиум сегментом Второй момент нет даты изготовления , на которую я должна ориентироваться (написано смотреть на упаковке , на упаковке которой нет) только срок годности. Об эффективности на данный момент ничего сказать не могу Нет ни упаковки , ни даты изготовления",почему продукции упаковки пупырчатая пленка никак не похоже продукцию дсд которая является премиум сегментом второй момент нет даты изготовления которую должна ориентироваться написано смотреть упаковке упаковке которой нет срок годности эффективности данный момент не могу нет ни упаковки ни даты изготовления,почему продукция упаковка пупырчатая плёнка никак не похожий продукция дсд которая являться премиум сегмент второй момент нет дата изготовление которую должный ориентироваться написать смотреть упаковка упаковка которой нет срок годность эффективность данный момент не мочь нет ни упаковка ни дата изготовление
9636,2319,Косметика и уход,4,positive,2025-08-12,"Пишу адекватный честный отзыв,всегда покупаю разные маски для волос с авокадо,мои волосы пористые блонд,эта маска не жирная,скорее увлажняющая,после применения нанесла ещё свой бальзам,чтобы распутать свои волосы Для натуральных волос думаю будет норм Цена Не жирная",пишу адекватный честный отзыв покупаю разные маски волос авокадо мои волосы пористые блонд эта маска не жирная скорее увлажняющая применения нанесла свой бальзам распутать свои волосы натуральных волос думаю норм цена не жирная,писать адекватный честный отзыв покупать разный маска волос авокадо мой волос пористые блонд этот маска не жирный скорее увлажнять применение нанести свой бальзам распутать свой волос натуральный волос думать норма цена не жирный
9694,2327,Косметика и уход,5,positive,2025-12-19,"Не могу сказать из-за неё стали волосы лучше или нет, потому что начала новым шампунем пользоваться, и не могу понять, из-за какого средства хороший эффект 😂 Запах, однозначно у неё 🔥 Запах.",не могу из-за неё стали волосы нет начала новым шампунем пользоваться не могу понять из-за какого средства хороший эффект запах однозначно неё запах,не мочь неё стать волос нет начать новый шампунь пользоваться не мочь понять какой средство хороший эффект запах однозначно неё запах
9743,2338,Косметика и уход,4,positive,2026-07-03,"Пушистость исчезла, волосы хорошо укладываются и держат форму и объем. Мои осветленные волосы на ощупь жёсткие и сухие, после другого бальзама были мягче.",пушистость исчезла волосы хорошо укладываются держат форму объем мои осветленные волосы ощупь жёсткие сухие другого бальзама мягче,пушистость исчезнуть волос хорошо укладываться держать форма объём мой осветленные волос ощупь жёсткий сухой другого бальзам мягкий
9755,2341,Косметика и уход,5,positive,2026-07-22,"Очень понравилась текстура маски, запах. Как только нанесла на кожу головы началось легкое жжение. Приятное тепло. И все 20 минут, что держала. Мне очень понравилась маска. Буду пользоваться, если ещё она поможет от шокирующего выпадения волос, буду заказывать постоянно.",очень понравилась текстура маски запах нанесла кожу головы началось легкое жжение приятное тепло минут держала очень понравилась маска буду пользоваться поможет шокирующего выпадения волос буду заказывать постоянно,очень понравиться текстура маска запах нанести кожа голова начаться лёгкий жжение приятный тепло минута держать очень понравиться маска быть пользоваться помочь шокирующего выпадение волос быть заказывать постоянно
9768,2342,Косметика и уход,2,negative,2025-01-24,"Поэтому и такая цена за средство Назначение данного средства,производитель Запах уже не из лучших...как будто бы средство уже хорошо так постояло на полке или складе...после обратила внимание на сроки,которые на первый взгляд в норме...а на второй, при обращении на свет,можно увидеть под напечатанным сроком, выдавленный при упаковке производителем...и он отличается существенно",поэтому такая цена средство назначение данного средства производитель запах не лучших средство хорошо постояло полке складе обратила внимание сроки которые первый взгляд норме второй обращении свет увидеть напечатанным сроком выдавленный упаковке производителем отличается существенно,поэтому такой цена средство назначение данного средство производитель запах не хороший средство хорошо постоять полка склад обратить внимание срок которые первый взгляд норма второй обращение свет увидеть напечатанным срок выдавить упаковка производитель отличаться существенно
9805,2352,Косметика и уход,5,positive,2026-07-24,"Классная маска, хорошо питает волосы и вкусно пахнет. Наношу на 15 минут на влажные волосы после душа под пакет, потом смываю и волосы шикарные.",классная маска хорошо питает волосы вкусно пахнет наношу минут влажные волосы душа пакет смываю волосы шикарные,классный маска хорошо питать волос вкусно пахнуть наносить минута влажный волос душ пакет смывать волос шикарный
9843,2363,Товары для дома,2,negative,2026-07-12,"Цвет хороший но сама ткань чисто пылесос или липучка пыли и не избавиться ((( через 4 дня выбросила, Дома чисто, уборка все Гуд, может с окон залетает, но вот есть такие ткани как пылесборник и джинсовые такие же есть все прилипает, вот и эта ткань такая же увы , вот была бы чуть другая ткань было отлично так как цвет правда мой любимый",цвет хороший сама ткань чисто пылесос липучка пыли не избавиться дня выбросила дома чисто уборка гуд окон залетает такие ткани пылесборник джинсовые такие прилипает эта ткань такая увы другая ткань отлично цвет правда любимый,цвет хороший сама ткань чисто пылесос липучка пыль не избавиться день выбросить дома чисто уборка гуд окно залетать такой ткань пылесборник джинсовый такой прилипать этот ткань такой увы другая ткань отлично цвет правда любимый
9894,2380,Товары для дома,5,positive,2026-07-22,"Хороший комплект. Упаковка самая простая -прозрачный пакет. Цвет соответствует заявленному - шоколадный. Размеры и комплектность тоже в порядке. Ткань мягкая, к телу комфортная. После стирки цвет остался неизменным, вода не окрасилась. Рекомендую. Для еще более комфортного использования купила простынь на резинке и наволочки 50х70 такого же цвета.",хороший комплект упаковка самая простая прозрачный пакет цвет соответствует заявленному шоколадный размеры комплектность порядке ткань мягкая телу комфортная стирки цвет остался неизменным вода не окрасилась рекомендую комфортного использования купила простынь резинке наволочки х такого цвета,хороший комплект упаковка самая простой пакет цвет соответствовать заявленному шоколадный размер комплектность порядок ткань мягкий тело комфортный стирка цвет остаться неизменный вода не окраситься рекомендовать комфортный использование купить простыня резинка наволочка х такой цвет
9905,2382,Товары для дома,1,negative,2026-07-06,"Ничего Заказала постельное белье в качестве подарка. Пришло пыльное и грязное, написала продавцу , навстречу не пошли. Очень неприятно за такое отношение . По качеству постельное белье не долговечное)",заказала постельное белье качестве подарка пришло пыльное грязное написала продавцу навстречу не пошли очень неприятно такое отношение качеству постельное белье не долговечное,заказать постельный бельё качество подарок прийти пыльный грязный написать продавец навстречу не пойти очень неприятный такой отношение качество постельный бельё не долговечный
9914,2385,Товары для дома,5,positive,2026-07-15,"Добрый день. Потрясающий товар, великолепный постельный комплект. Принт по ткани необыкновенный, качество пошива превосходное, материал очень приятный, уютный и комфортный. Благодарю производителя и рекомендую 👍 ❤️🕊️",добрый день потрясающий товар великолепный постельный комплект принт ткани необыкновенный качество пошива превосходное материал очень приятный уютный комфортный благодарю производителя рекомендую,добрый день потрясающий товар великолепный постельный комплект принт ткань необыкновенный качество пошив превосходный материал очень приятный уютный комфортный благодарить производитель рекомендовать
9921,2386,Товары для дома,5,positive,2026-06-11,"Шикарнейшее постельное белье. Самое что ни на есть летнее. Вишенки очень милые, ткань хлопок с натуральными вкраплениями, мягкая, в меру плотная - я в полном восторге! Один из лучших комплектов в моей коллекции постельного белья🍒🍒🍒 Абсолютно все! Такого нет",шикарнейшее постельное белье самое ни летнее вишенки очень милые ткань хлопок натуральными вкраплениями мягкая меру плотная полном восторге лучших комплектов моей коллекции постельного белья абсолютно такого нет,шикарнейшее постельный бельё самое ни летний вишенка очень милый ткань хлопок натуральный вкрапление мягкий мера плотный полный восторг хороший комплект мой коллекция постельный бельё абсолютно такой нет
9932,2388,Товары для дома,4,positive,2026-07-24,Красивое По всей простыни какие то дырочки в несколько рядов. Как будто не прошитый край. И на наволочках менькие дырочки и зацепки. Обидно. Надеюсь не расползётся.,красивое всей простыни какие дырочки несколько рядов не прошитый край наволочках менькие дырочки зацепки обидно надеюсь не расползётся,красивый весь простыни какой дырочка несколько ряд не прошитый край наволочка менькие дырочка зацепка обидный надеяться не расползётся
9935,2388,Товары для дома,5,positive,2026-07-20,"Отличное качество! Комплект полностью оправдал ожидания: ткань приятная, а расцветка вживую в точности как на фото в карточке товара. Отдельно хочу отметить аккуратный пошив - все швы идеально ровные. Однозначно рекомендуем к покупке, будем заказывать еще!",отличное качество комплект полностью оправдал ожидания ткань приятная расцветка вживую точности фото карточке товара отдельно хочу отметить аккуратный пошив швы идеально ровные однозначно рекомендуем покупке будем заказывать,отличный качество комплект полностью оправдать ожидание ткань приятный расцветка вживую точность фото карточка товар отдельно хотеть отметить аккуратный пошив шов идеально ровный однозначно рекомендовать покупка быть заказывать
9939,2390,Товары для дома,5,positive,2026-07-24,"хорошее постельное белье, простынь на резинке как и хотела, долго искала подходящее постельное и остановилась на этом и не пожалела, спасибо",хорошее постельное белье простынь резинке хотела долго искала подходящее постельное остановилась не пожалела спасибо,хороший постельный бельё простыня резинка хотеть долго искать подходящий постельный остановиться не пожалеть спасибо
9978,2400,Товары для дома,5,positive,2026-07-15,"Уже покупаю не первое Постельное белье очень приятное, мягкое, одно удовольствие на нем лежать. После стирки не село. Спасибо продавцу.",покупаю не первое постельное белье очень приятное мягкое одно удовольствие нем лежать стирки не село спасибо продавцу,покупать не первый постельный бельё очень приятный мягкий одно удовольствие нем лежать стирка не село спасибо продавец
10005,2409,Товары для дома,5,positive,2026-07-04,"Это постельно оооочень милое! Самый главный плюс в том,что размер простыни идеален,не пришлось её с усилием натягивать. Ранее встречались комплекты евро под мой размер матраса и натянуть простыню было мучением...приятная ткань,не скользкая. Материал, размер простыни",постельно оочень милое самый главный плюс размер простыни идеален не пришлось её усилием натягивать ранее встречались комплекты евро размер матраса натянуть простыню мучением приятная ткань не скользкая материал размер простыни,постельный оочень милый самый главный плюс размер простыня идеальный не прийтись её усилие натягивать ранее встречаться комплект евро размер матрас натянуть простыня мучение приятный ткань не скользкий материал размер простыня
10060,2425,Товары для дома,5,positive,2026-07-02,"Отличное постельное белье. Просто наслаждение. Пришло ч срок, упаковка на 5.расцветка соответствует описанию. Спасибо продавцу. Рекомендую. За такие деньги После стирки цвет не поменялся",отличное постельное белье просто наслаждение пришло ч срок упаковка расцветка соответствует описанию спасибо продавцу рекомендую такие деньги стирки цвет не поменялся,отличный постельный бельё просто наслаждение прийти ч срок упаковка расцветка соответствовать описание спасибо продавец рекомендовать такой деньга стирка цвет не поменяться
10062,2425,Товары для дома,5,positive,2026-06-28,"Качественное постельное белье. После стирки цвет не потеряло, ткань приятная . Заказала два разных комплекта этого продавца, однозначно рекомендую! Хороший материал",качественное постельное белье стирки цвет не потеряло ткань приятная заказала разных комплекта продавца однозначно рекомендую хороший материал,качественный постельный бельё стирка цвет не потерять ткань приятный заказать разный комплект продавец однозначно рекомендовать хороший материал
10064,2426,Товары для дома,5,positive,2026-07-24,"Взяла комплект и не пожалела. Ткань плотная, но при этом очень приятная к телу: не колется, не скользит, спать комфортно даже летом. После пяти стирок цвет не потускнел, катышков нет, швы остались ровными.Размер подошёл идеально. Отдельно радует, что почти не мнётся — выглядит аккуратно даже после сна. Однозначно рекомендую!",взяла комплект не пожалела ткань плотная очень приятная телу не колется не скользит спать комфортно летом пяти стирок цвет не потускнел катышков нет швы остались ровными размер подошёл идеально отдельно радует не мнётся выглядит аккуратно сна однозначно рекомендую,взять комплект не пожалеть ткань плотный очень приятный тело не колоться не скользить спать комфортно лето пять стирка цвет не потускнел катышков нет шов остаться ровный размер подойти идеально отдельно радовать не мяться выглядеть аккуратно сон однозначно рекомендовать
10091,2432,Товары для дома,5,positive,2026-06-02,"За такую цену, это шедевр исполнения и качества!!!👍🏻👍🏻👍🏻 Рекомендую к покупке!!! Отличный пододеяльник!!! Заказываю второй, только другой расцветки. В первый раз с молнией проблемам были и остаются, но это не критично совсем. А вот сейчас, молния идеально застёгивается! Швы ровные, нитки не торчат, качество материала такое же хорошее!!! При стирке, в режиме рекомендованном производителем, не линяет и не деформируется!!!",такую цену шедевр исполнения качества рекомендую покупке отличный пододеяльник заказываю второй расцветки первый молнией проблемам остаются не критично молния идеально застёгивается швы ровные нитки не торчат качество материала такое хорошее стирке режиме рекомендованном производителем не линяет не деформируется,такой цена шедевр исполнение рекомендовать покупка отличный пододеяльник заказывать второй расцветка первый молния проблема оставаться не критично молния идеально застёгивается шов ровный нитка не торчать качество материал такой хороший стирка режим рекомендованном производитель не линять не деформируется
10123,2443,Товары для дома,5,positive,2026-07-03,"Что радует , что постельное как на картинке смотрится, продавца рекомендую 👍👍 Очень приятная цена. А качество высший класс 👍 да ещё и за такие деньги 💷💷",радует постельное картинке смотрится продавца рекомендую очень приятная цена качество высший класс такие деньги,радовать постельное картинка смотреться продавец рекомендовать очень приятный цена качество высокий класс такой деньга
10126,2444,Товары для дома,1,negative,2026-06-10,Отвечаю на ваш ответ. Я звонила по номеру телефона который у вас указан вместе с товаром как визитка я не знаю где вы просите не писать плохой отзыв если что связаться с вами естественно естественно наверно его написать не могу. Второй момент я как раз таки про этот серый в цвете графит и говорю в оттенке он у меня был именно графит я до этого заказывала в других магазинах в Иваново но тут решила у вас взять несколько комплектов на пробу и не смогла вернуть так и валяется всё,отвечаю ваш ответ звонила номеру телефона который указан вместе товаром визитка не знаю просите не писать плохой отзыв связаться вами естественно естественно наверно написать не могу второй момент таки серый цвете графит говорю оттенке именно графит заказывала других магазинах иваново решила взять несколько комплектов пробу не смогла вернуть валяется,отвечать ваш ответ звонить номер телефон который указать вместе товар визитка не знать просить не писать плохой отзыв связаться вами естественно естественно наверно написать не мочь второй момент таки серый цвет графит говорить оттенок именно графит заказывать других магазин иваново решить взять несколько комплект проба не смочь вернуть валяется
10131,2446,Товары для дома,3,neutral,2026-02-01,"Постельное белье не понравилось 🤷🏻 На перкаль совсем не похоже, больше на бязь, жёсткая ткань. Дважды пришлось стирать, чтобы краска выстиралась. Закатывается.",постельное белье не понравилось перкаль не похоже бязь жёсткая ткань дважды пришлось стирать краска выстиралась закатывается,постельный бельё не понравиться перкаль не похожий бязь жёсткий ткань дважды прийтись стирать краска выстиралась закатывается
10147,2450,Товары для дома,5,positive,2025-11-10,"Заказала из вашего набора еще один пододеяльник, тоже темно коричневый, но пришёл другой оттенок. Жаль. А так все отлично 👍 Очень мягкое, классное, большая простынь. Посмотрим как будет в носке Немного отличается цвет. В жизни более блеклый",заказала вашего набора пододеяльник темно коричневый пришёл оттенок жаль отлично очень мягкое классное большая простынь посмотрим носке немного отличается цвет жизни блеклый,заказать ваш набор пододеяльник темно коричневый прийти оттенок жаль отличный очень мягкий классный больший простыня посмотреть носок немного отличаться цвет жизнь блёклый
10155,2453,Товары для дома,3,neutral,2026-07-22,"Это не бязь, сразу говорю тем кто надеется купить за 1700, бязь за 1700 не продается, ткань твердая и грубая",не бязь сразу говорю надеется купить бязь не продается ткань твердая грубая,не бязь сразу говорить надеяться купить бязь не продаваться ткань твёрдый грубый
10190,2461,Товары для дома,1,negative,2026-05-16,"Пришли кастрюли маленькие! К сожалению забирала не я, по этому не увидела сразу. Прошу вернуть разницу в цене. Покупала почти за 6 тыс. Нужны были именно большие кастрюли. Фото товара приложу.",пришли кастрюли маленькие сожалению забирала не этому не увидела сразу прошу вернуть разницу цене покупала тыс нужны именно большие кастрюли фото товара приложу,прийти кастрюли маленький сожаление забирать не это не увидеть сразу просить вернуть разница цена покупать нужный именно больший кастрюля фото товар приложить
10227,2470,Товары для дома,1,negative,2026-07-20,"Ужасно !!! Все кастрюли помяты , потертости. Такое чувство собрали весь неликвид и отправили . Позорище !!!! Коробка порвана . Брали на подарок , и такое пришло ! Не рекомендую продавца . И не надо писать , что это случайность . Вы целенаправленно положили все мятое .",ужасно кастрюли помяты потертости такое чувство собрали весь неликвид отправили позорище коробка порвана брали подарок такое пришло не рекомендую продавца не писать случайность целенаправленно положили мятое,ужасный кастрюля помять потёртость такой чувство собрать весь неликвид отправить позорище коробка порвать брать подарок такой прийти не рекомендовать продавец не писать случайность целенаправленно положить мятый
10232,2471,Товары для дома,4,positive,2026-07-23,"Кастрюли вроде нормальные, не проверяли, но качество упаковки страдает. Забрала потому покупала в подарок, но так нельзя доставлять товар, нужно еще в одну коробку для транспортировки упаковывать!",кастрюли вроде нормальные не проверяли качество упаковки страдает забрала покупала подарок доставлять товар нужно одну коробку транспортировки упаковывать,кастрюля вроде нормальный не проверять качество упаковка страдать забрать покупать подарок доставлять товар нужный одну коробка транспортировка упаковывать
10236,2471,Товары для дома,5,positive,2026-06-29,"Получила свою новую любовь, даже не одну, аж целых четыре. Прекрасные кастрюли, давно нужно было обновить свою кухонную посуду, решила начать именно с них. Плотные, увесистые, нигде не помяты. Уже испробовала, прекрасно ведут себя на электрической плите, быстро греют",получила новую любовь не одну аж целых четыре прекрасные кастрюли давно нужно обновить кухонную посуду решила начать именно плотные увесистые нигде не помяты испробовала прекрасно ведут электрической плите быстро греют,получить новый любовь не одну аж целый четыре прекрасный кастрюля давно нужный обновить кухонный посуда решить начать именно плотный увесистый нигде не помять испробовала прекрасно вести электрический плита быстро греть
10257,2476,Товары для дома,3,neutral,2026-07-11,"Больше такие кастрюли не куплю. Цветочки на кастрюлях. Как детская посудка, метал тонкий, местами не покрыт эмалью, через месяц заржавели!",такие кастрюли не куплю цветочки кастрюлях детская посудка метал тонкий местами не покрыт эмалью месяц заржавели,такой кастрюля не купить цветочки кастрюля детский посудка метал тонкий место не покрыть эмаль месяц заржаветь
10262,2478,Товары для дома,1,negative,2026-06-26,"Отказ, потому что вместо трёх кастрюль пришли две. На коробке нарисованы три. Очень жаль, сделала заказ снова. Надеюсь пришлют три.",отказ вместо трёх кастрюль пришли две коробке нарисованы очень жаль сделала заказ снова надеюсь пришлют,отказ вместо три кастрюля прийти два коробка нарисовать очень жаль сделать заказ снова надеяться прислать
10264,2480,Товары для дома,5,positive,2026-07-20,"К самим кастрюлям претензий нет. То что хотела, маленькие, легкие. Подходят для индукции. При нагрева страшно трещат крышки, надеюсь они не лопнут. Доставка оставляет желать лучшего",самим кастрюлям претензий нет хотела маленькие легкие подходят индукции нагрева страшно трещат крышки надеюсь не лопнут доставка оставляет желать лучшего,самим кастрюля претензия нет хотеть маленький лёгкое подходить индукция нагрева страшный трещат крышка надеяться не лопнуть доставка оставлять желать хороший
10277,2483,Товары для дома,1,negative,2026-07-03,Давно являемся клиентами WB и первый раз такая неприятность….🤬Прислали 2 кастрюли (вместо трех) и обе разбитые….. придется их выбросить. Очень жаль ☹️. Ждали их долго и очень расстроились 🙁,давно являемся клиентами первый такая неприятность прислали кастрюли вместо трех обе разбитые придется выбросить очень жаль ждали долго очень расстроились,давно являться клиент wb первый такой прислать кастрюля вместо три оба разбитый прийтись выбросить очень жаль ждать долго очень расстроиться
10326,2497,Товары для дома,5,positive,2026-07-19,"Очень хорошие кастрюли. Упакованы качественно, все пришло целое, без сколов. Красиво смотрятся в интерьере кухни, функциональные размеры для семьи из трех человек.",очень хорошие кастрюли упакованы качественно пришло целое сколов красиво смотрятся интерьере кухни функциональные размеры семьи трех человек,очень хороший кастрюля упаковать качественно прийти целый скол красиво смотреться интерьер кухня функциональный размер семья три человек
10329,2497,Товары для дома,5,positive,2026-07-10,"Спасибо производителю и продавцу за красивый и качественный набор посуды.Упаковано в две коробки,внутри большой пакет.Очень пригодился,т.к на пвз не было ни пакетов,ни скотча чтобы сделать ручку.Каждая кастрюля и крышка упакована в пупырч.пленку.Очень довольна покупкой.",спасибо производителю продавцу красивый качественный набор посуды упаковано две коробки внутри большой пакет очень пригодился т пвз не ни пакетов ни скотча сделать ручку каждая кастрюля крышка упакована пупырч пленку очень довольна покупкой,спасибо производитель продавец красивый качественный набор посуда упаковать два коробка внутри большой пакет очень пригодиться т пвз не ни пакет ни скотч сделать ручка каждый кастрюля крышка упаковать пупырч плёнка очень довольный покупка
10338,2499,Товары для дома,3,neutral,2026-01-07,"К сожалению возврат. Кастрюли очень понравились, красивые, думаю готовить еду в них было бы одно удовольствие. В большой кастрюле на дне чёрное пятно, средняя кастрюля с вмятиной.",сожалению возврат кастрюли очень понравились красивые думаю готовить еду одно удовольствие большой кастрюле дне чёрное пятно средняя кастрюля вмятиной,сожаление возврат кастрюли очень понравиться красивый думать готовить еда одно удовольствие большой кастрюля дно чёрный пятно средний кастрюля вмятина
10367,2506,Товары для дома,5,positive,2026-06-05,"Вроде хорошие кастрюльки, такие малютки. В самой маленькой я даже не знаю что делать) 😂 но для приготовления еды для малышей супер",вроде хорошие кастрюльки такие малютки самой маленькой не знаю делать приготовления еды малышей супер,вроде хороший кастрюлька такой малютка самой маленький не знать делать приготовление еда малыш супер
10370,2507,Товары для дома,5,positive,2022-10-27,"Набор красивый, кастрюли сделаны горшочками, но размеры не соответствуют заявленным. По факту размер кастрюль: 3,5 литра, 2,6 литра, 1,5 литра",набор красивый кастрюли сделаны горшочками размеры не соответствуют заявленным факту размер кастрюль литра литра литра,набор красивый кастрюля сделать горшочек размер не соответствовать заявить факт размер кастрюля литр литр литр
10373,2508,Товары для дома,5,positive,2025-05-19,"Понравились кастрюли, выбирала долго а остановилась на этих. Подошли и по размеру и по форме. Спасибо продавцу, все пришло в целом состоянии.",понравились кастрюли выбирала долго остановилась этих подошли размеру форме спасибо продавцу пришло целом состоянии,понравиться кастрюля выбирать долго остановиться этот подойти размер форма спасибо продавец прийти целый состояние
10405,2513,Товары для дома,4,positive,2025-12-02,"У одной крышки на ручке резиновое покрытие порвано, не доглядела на пункте выдачи. Ну, а так - объемы соответствуют, комплектация полная. Тяжеленькие, дно довольно толстое. Вскипятила воду, как и у других, по дну пошли пятнышки. Надеюсь, это только внешнее изменение, на безопасность продуктов в кастрюлях не влияет.",одной крышки ручке резиновое покрытие порвано не доглядела пункте выдачи объемы соответствуют комплектация полная тяжеленькие дно довольно толстое вскипятила воду других дну пошли пятнышки надеюсь внешнее изменение безопасность продуктов кастрюлях не влияет,одной крышка ручка резиновый покрытие порвать не доглядеть пункт выдача объём соответствовать комплектация полный тяжёленький дно довольно толстый вскипятить вода других дно пойти пятнышки надеяться внешний изменение безопасность продукт кастрюлях не влиять
10409,2514,Товары для дома,1,negative,2026-06-25,"Кастрюли очень маленького размера, до этого брала тако же литра у другого продавца, они были больше по размеру В этих , в самой большой из них, даже 5 штук яиц не сварить,",кастрюли очень маленького размера брала тако литра другого продавца размеру этих самой большой штук яиц не сварить,кастрюли очень маленький размер брать тако литр другого продавец размер этот самой большой штука яйцо не сварить
10435,2518,Товары для дома,5,positive,2025-10-09,Пользуюсь уже три года . Решила только написать отзыв . Все кастрюльки до сих пор в отличном состоянии! Рекомендую продавца 👍,пользуюсь года решила написать отзыв кастрюльки сих пор отличном состоянии рекомендую продавца,пользоваться год решить написать отзыв кастрюлька сей пора отличный состояние рекомендовать продавец
10478,2526,Товары для дома,5,positive,2026-07-08,"Упакованы кастрюли в обычную транспортную коробку новую, без повреждений, а вней была фирменная коробка ( новая, без изъянов)- прекрасный вариант для подарка. Спасибо, за уважение покупателя! Кастрюли очень красивые, удобные, качественные. Варила на индукционной плите рисовую молочную кашу. Впервые в жизни ничего не пригорело! Каша получилась СУПЕР! Кастрюлю легко и быстро помыла руками. Никаких изменений цвета, пятен и т.д. НЕТ! Готовить в этих кастрюлях в РАДОСТЬ и УДОВОЛЬСТВИЕ! Рекомендую набор и продавца. СПАСИБО RONDELL!",упакованы кастрюли обычную транспортную коробку новую повреждений вней фирменная коробка новая изъянов прекрасный вариант подарка спасибо уважение покупателя кастрюли очень красивые удобные качественные варила индукционной плите рисовую молочную кашу впервые жизни не пригорело каша получилась супер кастрюлю легко быстро помыла руками никаких изменений цвета пятен т д нет готовить этих кастрюлях радость удовольствие рекомендую набор продавца спасибо,упаковать кастрюля обычный транспортный коробка новый повреждение вней фирменный коробка новый прекрасный вариант подарок спасибо уважение покупатель кастрюля очень красивый удобный качественный варила индукционный плита рисовый молочный каша впервые жизнь не пригореть каша получиться супер кастрюлю легко быстро помыть рука никакой изменение цвет пятно т нет готовить этот кастрюля радость удовольствие рекомендовать набор продавец спасибо rondell
10496,2529,Товары для дома,2,negative,2023-11-14,"Кастрюли не соответствуют заявленому объëму, а так материал неплохой, но объем очень растроил! Самая большая кастрюля не 5 л, а 4,ковшик не 2.1, а 1,5! Печально что обманули",кастрюли не соответствуют заявленому материал неплохой объем очень растроил самая большая кастрюля не л ковшик не печально обманули,кастрюли не соответствовать заявленому объëму материал неплохой объём очень растроил самая больший кастрюля не л ковшик не печально обмануть
10550,2544,Товары для дома,5,positive,2026-07-19,"посуда пришла без царапин все целое как будет в использовании покажет время выглядит очень хорошо, тяжелая, спасибки продавцу за быструю доставку",посуда пришла царапин целое использовании покажет время выглядит очень хорошо тяжелая спасибки продавцу быструю доставку,посуда прийти царапина целый использование показать время выглядеть очень хорошо тяжёлый спасибки продавец быстрый доставка
10563,2545,Товары для дома,5,positive,2026-07-23,"Вся посуда очень хорошо упакованна, приятная на ощупь, сразу перемыла и начала готовить, дно толстое прочное, закипает быстро, в комплекте даже отвертка для крепления ручек на крышки, дизайн просто шикарный",вся посуда очень хорошо упакованна приятная ощупь сразу перемыла начала готовить дно толстое прочное закипает быстро комплекте отвертка крепления ручек крышки дизайн просто шикарный,весь посуда очень хорошо упакованна приятная ощупь сразу перемыть начать готовить дно толстый прочный закипать быстро комплект отвёртка крепление ручка крышка дизайн просто шикарный
10609,2553,Товары для дома,5,positive,2025-10-20,"После готовки есть немного на дне точки , но это ничего такого страшного, а так товар очень хороший, упаковано асе хорошо, спасибо продавцу Массивные, хорошие , качество хорошее",готовки немного дне точки такого страшного товар очень хороший упаковано асе хорошо спасибо продавцу массивные хорошие качество хорошее,готовка немного дно точка такой страшный товар очень хороший упаковать асе хороший спасибо продавец массивный хороший качество хороший
10611,2553,Товары для дома,5,positive,2025-05-25,"Прекрасный набор , ручки не нагреваются , сковорода отличная ! Когда кипит кастрюля из под крышки не выливается содержимле Вообщем всем реклмендую",прекрасный набор ручки не нагреваются сковорода отличная кипит кастрюля крышки не выливается содержимле вообщем всем реклмендую,прекрасный набор ручка не нагреваться сковорода отличный кипеть кастрюля крышка не выливаться содержимле вообщем весь реклмендую
10657,2565,Товары для дома,4,positive,2026-06-14,"Если сильно не набивать , то впринципе норм! Применять можно , но осторожно !!! Хлипкие , на одном из трех в углу имелась дырдочка (но на функцию не влияет )…",сильно не набивать впринципе норм применять осторожно хлипкие одном трех углу имелась дырдочка функцию не влияет,сильно не набивать впринципе норма применять осторожно хлипкий одном три угол иметься дырдочка функция не влиять
10674,2570,Товары для дома,3,neutral,2026-07-22,"Ужасно тонкие коробки. Если положить сандалии, то норм. Если кроссовки, то коробка просто не выдерживает, уже не говорю о демисезонной обуви. Разочарована.",ужасно тонкие коробки положить сандалии норм кроссовки коробка просто не выдерживает не говорю демисезонной обуви разочарована,ужасно тонкий коробка положить сандалия норма кроссовки коробка просто не выдерживать не говорить демисезонный обувь разочаровать
10748,2608,Товары для дома,5,positive,2026-07-24,"Нужная вещь, очень выручили, прям порядок навела с ними, выдерживают много всего положить, до 3 х кг, возьму ещё, советую,",нужная вещь очень выручили прям порядок навела ними выдерживают положить х кг возьму советую,нужный вещь очень выручить прям порядок навести ними выдерживать положить х кг взять советовать
10753,2610,Товары для дома,1,negative,2026-07-09,"Хочу дополнить свой отзыв. В отношении продавца хочу сказать,что не добросовестный. Отказалась от заказа 1 июля,в день выдачи заказа,а деньги все ещё не вернули. Бот пишет всякую чепуху. Выйти на оператора не удается. Прошу связаться со мной и дать адекватный и исчерпывающий ответ по причине задержки возврата денег.А лучше вернуть деньги сразу,без всяких утомительных переписок.",хочу дополнить свой отзыв отношении продавца хочу не добросовестный отказалась заказа июля день выдачи заказа деньги не вернули бот пишет всякую чепуху выйти оператора не удается прошу связаться мной дать адекватный исчерпывающий ответ причине задержки возврата денег вернуть деньги сразу всяких утомительных переписок,хотеть дополнить свой отзыв отношение продавец хотеть не добросовестный отказаться заказ июль день выдача заказ деньга не вернуть бот писать всякий чепуха выйти оператор не удаваться просить связаться мной дать адекватный исчерпывать ответ причина задержка возврат деньга вернуть деньга сразу всякий утомительных переписка
10762,2612,Товары для дома,5,positive,2026-07-24,"Прекрасная, новая, хорошо упакована. Акцент на ""новая"", т.к. ранее заказывала у другого продавца, пришло нечто очень ""уставшее"". Не то чтобы б/у, но валялось и ездило непонятно где. Здесь идеально!",прекрасная новая хорошо упакована акцент новая т ранее заказывала другого продавца пришло нечто очень уставшее не б валялось ездило непонятно идеально,прекрасный новый хорошо упаковать акцент новый т ранее заказывать другого продавец прийти нечто очень устать не валялось ездило непонятно идеальный
10822,2628,Товары для дома,4,positive,2026-06-15,"Хороший органайзер, НО к сожалению отказ, т.к. уголок отломан был. Такие вещи лучше упаковывать не в пленку, а в коробку.",хороший органайзер сожалению отказ т уголок отломан такие вещи упаковывать не пленку коробку,хороший органайзер сожаление отказ т уголок отломан такой вещь упаковывать не плёнка коробка
10868,2647,Товары для дома,5,positive,2026-07-15,"Очень удобный органайзер. Брала себе для сумок. Мало места занимает. Брала на пробу. Хочу взять ещё один. К покупке рекомендую, очень практичная вещь…☝🏻👍",очень удобный органайзер брала сумок мало места занимает брала пробу хочу взять покупке рекомендую очень практичная вещь,очень удобный органайзер брать сумка мало место занимать брать проба хотеть взять покупка рекомендовать очень практичный
10919,2667,Товары для дома,5,positive,2026-07-10,"Я не знаю, как я раньше жила без этой лампы. Мне все нравится. Да, на много часов не хватает, но это не критично. 3 режима освещения, отличное управление сенсором",не знаю раньше жила лампы нравится часов не хватает не критично режима освещения отличное управление сенсором,не знать ранний жить лампа нравиться час не хватать не критичный режим освещение отличный управление сенсор
10960,2680,Товары для дома,4,positive,2024-11-16,"Недорого, цвет красный, мне под торшер. И размер подошёл. Посмотрим в действии Небольшая, мне такая и нужна была Выключатель на проводе, хотелось бы на плафоне (такая была раньше).",недорого цвет красный торшер размер подошёл посмотрим действии небольшая такая нужна выключатель проводе хотелось плафоне такая раньше,недорого цвет красный торшер размер подойти посмотреть действие небольшой такой нужный выключатель провод хотеться плафон такой ранний
10964,2683,Товары для дома,5,positive,2026-07-09,"Прекрасная классическая, лампа на струбцине, все детали идеально выполнены исправно функционируют,все металлическое, крепеж к столешнице из прочного пластика, что обеспечит бережное отношение к мебели и надёжное крепление. Цена за такое качество просто космос. Я заказывала две лампы, коробки были убитые, но лампы внутри прекрасно упакованы в пупырку и никак не пострадали.Отличный товар за небольшую цену спасибо огромное 🫶👍👍👍",прекрасная классическая лампа струбцине детали идеально выполнены исправно функционируют металлическое крепеж столешнице прочного пластика обеспечит бережное отношение мебели надёжное крепление цена такое качество просто космос заказывала две лампы коробки убитые лампы внутри прекрасно упакованы пупырку никак не пострадали отличный товар небольшую цену спасибо огромное,прекрасный классический лампа струбцина деталь идеально выполнить исправно функционировать металлический крепеж столешница прочный пластик обеспечить бережный отношение мебель надёжный крепление цена такой качество просто космос заказывать два лампа коробка убитый лампа внутри прекрасно упаковать пупырку никак не пострадать отличный товар небольшой цена спасибо огромный
11013,2697,Товары для дома,3,neutral,2026-07-15,"9 месяцев отработал исправно После этого, лампа при включении теплого света сама переключается на холодный свет, а потом и вовсе отключается, так же при максимальном свете издает шипящий звук на всю комнату. (Видео прикрепила)",месяцев отработал исправно лампа включении теплого света сама переключается холодный свет вовсе отключается максимальном свете издает шипящий звук комнату видео прикрепила,месяц отработать исправно лампа включение тёплый свет сама переключаться холодный свет вовсе отключается максимальный свет издавать шипеть звук комната видео прикрепить
11052,2708,Товары для дома,5,positive,2026-07-19,"Отличная лампа! Беру уже 4 штуку для работы. Заряда хватает на 5 часов точно, больше не проверяли. 3 режима. На природу самое то!",отличная лампа беру штуку работы заряда хватает часов точно не проверяли режима природу самое,отличный лампа брать штука работа заряд хватать час точно не проверять режим природа самое
11100,2721,Товары для дома,1,negative,2026-07-02,"Продавца не рекомендую Пришел недокомплект, т.е. не было подставки на которую крепится лампа.Коробка в которой была лампа вся потрепанная .",продавца не рекомендую пришел недокомплект т е не подставки которую крепится лампа коробка которой лампа вся потрепанная,продавец не рекомендовать прийти недокомплект т е не подставка которую крепиться лампа коробка которой лампа весь потрепанная
11209,2766,Товары для дома,1,negative,2026-07-24,"Пока не знаю что сказать. Проверить нельзя, только после оплаты. На упаковке кроме номера и штрх кодов ничего нет. Нет размера коврика, артикул не совпадает, вот и все",пока не знаю проверить оплаты упаковке кроме номера штрх кодов нет нет размера коврика артикул не совпадает,пока не знать проверить оплата упаковка кроме номер штрх код нет нет размер коврик артикул не совпадать
11283,2798,Товары для дома,5,positive,2026-06-20,"Коврик идеально подошел в ванную комнату. Не скользит, прорезинен, не имеет постороннего запаха. Безопасен. Приятный на ощупь. Особо отмечу- для ног имеет легкий массажный эффект. Покупкой довольна. К покупке однозначно рекомендую.",коврик идеально подошел ванную комнату не скользит прорезинен не имеет постороннего запаха безопасен приятный ощупь особо отмечу ног имеет легкий массажный эффект покупкой довольна покупке однозначно рекомендую,коврик идеально подойти ванный комната не скользить прорезинен не иметь посторонний запах безопасный приятный ощупь особо нога иметь лёгкий массажный эффект покупка довольный покупка однозначно рекомендовать
11300,2806,Товары для дома,5,positive,2026-03-22,"Отличный коврик! Мягкий и пушистый, не скользит! Брала в туалет, не люблю коврики с вырезом для унитаза, а этот в самый раз!",отличный коврик мягкий пушистый не скользит брала туалет не люблю коврики вырезом унитаза самый,отличный коврик мягкий пушистый не скользить брать туалет не любить коврик вырез унитаз самый
11317,2812,Товары для дома,5,positive,2026-07-18,"Очень хорошее качество, без запаха.Но коврик под унитаз очень маленький, если положить его под выемку унитаза, то ноги стоят не на коврике, а на полу.",очень хорошее качество запаха коврик унитаз очень маленький положить выемку унитаза ноги стоят не коврике полу,очень хороший качество запах коврик унитаз очень маленький положить выемка унитаз нога стоять не коврике пол
11328,2817,Товары для дома,4,positive,2026-03-15,"Похоже на фото, товар тот. Но воспроизведено все некачественно. Цвет не белый, а какой-то розово-бежевый. На фото не передать. Кружочки все кривые.",похоже фото товар воспроизведено некачественно цвет не белый какой-то розово-бежевый фото не передать кружочки кривые,похожий фото товар воспроизвести некачественный цвет не белый розовый бежевый фото не передать кружочки кривой
11336,2821,Товары для дома,5,positive,2026-07-10,"Продавцу спасибо за демократичную цену и хорошее качество! ВБ спасибо за то что он существует! Упаковка целая, чистая,заказ пришёл вовремя. Коврики тактильно плюшевые,не скользят.",продавцу спасибо демократичную цену хорошее качество вб спасибо существует упаковка целая чистая заказ пришёл вовремя коврики тактильно плюшевые не скользят,продавец спасибо демократичный цена хороший качество вб спасибо существовать упаковка целый чистый заказ прийти вовремя коврик тактильно плюшевый не скользить
11343,2823,Товары для дома,2,negative,2026-01-26,"С отзывом поторопилась, противоскользящим его не назовёшь. На второй же день подскальзнулась и упала. Мягкий, приятный для ног и не более. Ожидания не оправдались, выброшенные деньги, как и коврик.",отзывом поторопилась противоскользящим не назовёшь второй день подскальзнулась упала мягкий приятный ног не ожидания не оправдались выброшенные деньги коврик,отзыв поторопиться противоскользящим не назовёшь второй день подскальзнулась упасть мягкий приятный нога не ожидание не оправдаться выбросить деньга коврик
11362,2831,Товары для дома,1,negative,2026-06-18,"Внешний вид сильно отличается от картинки. Рисунок нечеткий, блеклый. Запах просто убийственный!!! Ванная окрасилась в синий цвет! Очень не советую данный товар! Это небезопасно не только для детей, но и для взрослых!!!",внешний вид сильно отличается картинки рисунок нечеткий блеклый запах просто убийственный ванная окрасилась синий цвет очень не советую данный товар небезопасно не детей взрослых,внешний вид сильно отличаться картинка рисунок нечёткий блёклый запах просто убийственный ванный окраситься синий цвет очень не советовать данный товар небезопасный не ребёнок взрослый
11417,2854,Товары для дома,5,positive,2026-07-04,"Рекомендую к покупке Невероятно яркое и красивое! Для пляжа самое то, что надо! Легко стирается, не линяет, ворсинки на теле не оставляет, быстро сохнет. Живу на море и всегда для своих гостей беру в подарок эти полотенца для пляжа. Все довольны.",рекомендую покупке невероятно яркое красивое пляжа самое легко стирается не линяет ворсинки теле не оставляет быстро сохнет живу море своих гостей беру подарок полотенца пляжа довольны,рекомендовать покупка невероятно яркий красивый пляж самое легко стираться не линять ворсинка тело не оставлять быстро сохнет жить море свой гость брать подарок полотенце пляж довольный
11481,2880,Товары для дома,5,positive,2025-09-15,"полотенце серии harmonica от торговой марки dome порадовало хорошим качеством. приятное на ощупь, хорошо впитывает влагу, мягкое, насыщенный цвет, полностью из хлопка. к покупке рекомендую быстрая доставка, доступная цена",полотенце серии торговой марки порадовало хорошим качеством приятное ощупь хорошо впитывает влагу мягкое насыщенный цвет полностью хлопка покупке рекомендую быстрая доставка доступная цена,полотенце серия harmonica торговый марка dome порадовать хороший качество приятный ощупь хорошо впитывать влага мягкий насыщенный цвет полностью хлопок покупка рекомендовать быстрый доставка доступный цена
11483,2881,Товары для дома,4,positive,2026-06-20,"Это трудно назвать продажа товара. И неуважение покупателя да и себя как продавца. Товар это лицо продавца. К качеству нет нареканий. Полотенца скомканы, плохо упаковано.",трудно назвать продажа товара неуважение покупателя продавца товар лицо продавца качеству нет нареканий полотенца скомканы плохо упаковано,трудный назвать продажа товар неуважение покупатель продавец товар лицо продавец качество нет нарекание полотенце скомкать плохо упаковать
11512,2895,Товары для дома,5,positive,2026-07-14,"Мне все подошло. То, что и надо было. Небольшие, хороший плотный пластик. Защелки работают нормально. Упаковано на отлично, доставка оперативная .спасибо.",подошло небольшие хороший плотный пластик защелки работают нормально упаковано отлично доставка оперативная спасибо,подойти небольшой хороший плотный пластик защелки работать нормально упаковать отлично доставка оперативный спасибо
11522,2898,Товары для дома,5,positive,2026-07-11,"Набор большой и универсальный. Все детали целые, упаковано отлично. Нет никаких посторонних запахов. На одном из 21 контейнера неплотно защелкиваются короткие боковые крепления.",набор большой универсальный детали целые упаковано отлично нет никаких посторонних запахов одном контейнера неплотно защелкиваются короткие боковые крепления,набор большой универсальный деталь целый упаковать отлично нет никакой посторонний запах одном контейнер неплотно защёлкиваться короткий боковой крепление
11527,2901,Товары для дома,4,positive,2026-07-24,"Заказывала сразу три набора контейнеров и очень ждала этот заказ. Планировала использовать абсолютно все контейнеры для приготовления и хранения еды, поэтому была уверена, что получу качественный товар. К сожалению, после распаковки меня ждало огромное разочарование. На одной из крышек полностью отсутствует защёлка. Именно отсутствует — она не сломалась и не отвалилась при транспортировке, её просто изначально нет. В коробке её тоже не было, поэтому очевидно, что это производственный брак. Кроме того, на одном из контейнеров обнаружены трещины. Очень похоже, что дефект появился ещё на этапе изготовления. Использовать такой контейнер, особенно для запекания, я не рискну. Есть опасения, что при высокой температуре он может не выдержать и лопнуть, а это уже вопрос безопасности. Очень обидно получить такой товар, особенно когда заказываешь сразу три набора и рассчитываешь пользоваться каждым контейнером. Вместо радости от покупки осталось только разочарование. Очень надеюсь, что продавец обратит внимание на качество продукции и поможет решить эту проблему.",заказывала сразу набора контейнеров очень ждала заказ планировала использовать абсолютно контейнеры приготовления хранения еды поэтому уверена получу качественный товар сожалению распаковки ждало огромное разочарование одной крышек полностью отсутствует защёлка именно отсутствует не сломалась не отвалилась транспортировке её просто изначально нет коробке её не поэтому очевидно производственный брак кроме одном контейнеров обнаружены трещины очень похоже дефект появился этапе изготовления использовать контейнер особенно запекания не рискну опасения высокой температуре не выдержать лопнуть вопрос безопасности очень обидно получить товар особенно заказываешь сразу набора рассчитываешь пользоваться каждым контейнером вместо радости покупки осталось разочарование очень надеюсь продавец обратит внимание качество продукции поможет решить проблему,заказывать сразу набор контейнер очень ждать заказ планировать использовать абсолютно контейнер приготовление хранение еда поэтому уверена получить качественный товар сожаление распаковка ждать огромный разочарование одной крышка полностью отсутствовать защёлка именно отсутствовать не сломаться не отвалиться транспортировка её просто изначально нет коробка её не поэтому очевидный производственный брак кроме одном контейнер обнаружить трещина очень похожий дефект появиться этап изготовление использовать контейнер особенно запекание не рискну опасение высокий температура не выдержать лопнуть вопрос безопасность очень обидный получить товар особенно заказывать сразу набор рассчитывать пользоваться каждый контейнер вместо радость покупка остаться разочарование очень надеяться продавец обратить внимание качество продукция помочь решить проблема
11569,2915,Товары для дома,5,positive,2026-03-23,"Покупала такие лет 6 назад. Хотела купить другие, но муж сказал искать именно с такими зажимами, нашла, купила, но взяла другой объём. Герметичные, надёжные. Жаль, что не складываются один в один.",покупала такие лет назад хотела купить другие муж сказал искать именно такими зажимами нашла купила взяла объём герметичные надёжные жаль не складываются,покупать такой год назад хотеть купить другие муж сказать искать именно такой зажимами найти купить взять объём герметичный надёжный жаль не складываться
11592,2925,Товары для дома,1,negative,2026-06-26,Цена явно завышена Цвет Очень мизерные один только более менее нормальный а два пря совсем маленькие под соусы какие-то возможно,цена явно завышена цвет очень мизерные менее нормальный пря маленькие соусы какие-то возможно,цена явно завысить цвет очень мизерный менее нормальный пря маленький соус какой возможный
11604,2929,Товары для дома,5,positive,2026-07-16,"Это находка!!! Очень удобный ланч-бокс! С собой брать еду на пикник с ребенком, или обед мужу на работу, или перекус подростку в школу. Супер, очень понравилось! Всё есть, даже приборы! Закажу еще набор.",находка очень удобный ланч-бокс собой брать еду пикник ребенком обед мужу работу перекус подростку школу супер очень понравилось приборы закажу набор,находка очень удобный ланч бокс себя брать еда пикник ребёнок обед муж работа перекус подросток школа супер очень понравиться прибор заказать набор
11609,2932,Товары для дома,5,positive,2026-07-13,"Хорошие контейнеры, единственное крепко не закрывается. Для хранения в холодильнике сойдёт, а вот с собой в дорогу взять будут уже опасения что может открыться крышка.",хорошие контейнеры единственное крепко не закрывается хранения холодильнике сойдёт собой дорогу взять будут опасения открыться крышка,хороший контейнер единственный крепко не закрываться хранение холодильник сойдёт себя дорога взять быть опасение открыться крышка
11618,2935,Товары для дома,3,neutral,2026-04-13,"Продавцу надо повнимательнее быть,возврат не делала пригодятся Хорошее качество Не соответствует описанию,было указано 0.23,0.5 и 0.9 а прислали другие,на этикетке на контейнере указано так же,а упаковано под этикеткой 0.2,0.3 и 0.6",продавцу повнимательнее возврат не делала пригодятся хорошее качество не соответствует описанию указано прислали другие этикетке контейнере указано упаковано этикеткой,продавец внимательный возврат не делать пригодиться хороший качество не соответствовать описание указать прислать другие этикетка контейнер указать упаковать этикетка
11655,2946,Товары для дома,5,positive,2025-03-10,"Отличные судочки, уже опробовал в деле, только единственный минус в том, что производитель наклеивает фирменную ленту прям на судочки, что лучше делать предварительно обернув товар плёнкой.",отличные судочки опробовал деле единственный минус производитель наклеивает фирменную ленту прям судочки делать предварительно обернув товар плёнкой,отличный судочки опробовать дело единственный минус производитель наклеивать фирменный лента прям судочки делать предварительно обернуть товар плёнкой
11675,2951,Товары для дома,4,positive,2024-03-10,"Отличные контейнеры, не первый раз заказываю. Звезду снимаю за несоответствие цвета - да, представьте себе, для некоторых людей это важно! Я всегда подбираю себе на кухню те цвета, которые мне приятны и какое де разочарование, когда вместоикораллового оттенка как на фото получаешь грязно-сиреневый оттенок - хотелось даже одну звезду поставить! Перезаказа бы, да, думаю, такой же цвет и придет снова.",отличные контейнеры не первый заказываю звезду снимаю несоответствие цвета представьте некоторых людей важно подбираю кухню те цвета которые приятны какое де разочарование вместоикораллового оттенка фото получаешь грязно-сиреневый оттенок хотелось одну звезду поставить перезаказа думаю цвет придет снова,отличный контейнер не первый заказывать звезда снимать несоответствие цвет представить некоторый человек важный подбирать кухня тот цвет которые приятный какой де разочарование вместоикораллового оттенок фото получать грязно сиреневый оттенок хотеться одну звезда поставить перезаказа думать цвет прийти снова
11683,2956,Товары для дома,5,positive,2026-02-13,"4 июля 2025 года прислали контейнер на 550 мл, а заказывала на 1200 мл! Ответ с вопросом игнорировали, и вообще, WB отметили: ""нарушаю правила"". Получилось у меня два контейнера по 550 мл. Возвращать не стала, но осадочек остался... Качество отличное.",июля года прислали контейнер мл заказывала мл ответ вопросом игнорировали вообще отметили нарушаю правила получилось контейнера мл возвращать не стала осадочек остался качество отличное,июль год прислать контейнер мл заказывать мл ответ вопрос игнорировать вообще wb отметить нарушать правило получиться контейнер мл возвращать не стать осадочек остаться качество отличный
11716,2970,Товары для дома,5,positive,2025-12-04,"Выглядит отлично. Качественный прозрачный пластик. Подходит крышка от контейнера на 260 мл. Одинаковые длина и ширина с контейнером на 260 мл, так что друг в друга вставить не получится.",выглядит отлично качественный прозрачный пластик подходит крышка контейнера мл одинаковые длина ширина контейнером мл друг друга вставить не получится,выглядеть отлично качественный прозрачный пластик подходить крышка контейнер мл одинаковый длина ширина контейнер мл друг друга вставить не получиться
11725,2973,Товары для дома,5,positive,2026-07-17,"Все очень понравилось И яркие цвета, и различные объёмы контейнеров, и то что их можно сложить и уменьшить для хранения Спасибо большое производителю 👍",очень понравилось яркие цвета различные объёмы контейнеров сложить уменьшить хранения спасибо большое производителю,очень понравиться яркий цвет различный объёмы контейнер сложить уменьшить хранение спасибо большое производитель
11732,2975,Товары для дома,1,negative,2023-11-18,В карточке указаны размеры 5.5х6х16 в итоге бокс как лист А4. Огромный. Занимает пол рюкзака. Не вводите в заблуждение. Забирать не стала. Жаль что не сфоткала,карточке указаны размеры х х итоге бокс лист огромный занимает пол рюкзака не вводите заблуждение забирать не стала жаль не сфоткала,карточка указать размер х х итог бокс лист огромный занимать пол рюкзак не вводить заблуждение забирать не стать жаль не сфоткала
11766,2986,Товары для дома,1,negative,2026-06-27,"Не рекомендую данного продавца , приобрела контейнеры , первая партия пришла хорошая, заказала повторно, вторую нп было время смотреть, придя домой распоковала коробку, асемаонтейнеры покоцаны, в царапинах, рисунаи смыты, чуть ли не дырявые, продавцу оипрасила и фото и видео, контейнеры были куплены в подарок, продавец в обмене и возврате отказал.....",не рекомендую данного продавца приобрела контейнеры первая партия пришла хорошая заказала повторно вторую нп время смотреть придя домой распоковала коробку асемаонтейнеры покоцаны царапинах рисунаи смыты не дырявые продавцу оипрасила фото видео контейнеры куплены подарок продавец обмене возврате отказал,не рекомендовать данного продавец приобрести контейнер первый партия прийти хороший заказать повторно второй нп время смотреть прийти домой распоковала коробка асемаонтейнеры покоцаны царапина рисунаи смыть не дырявый продавец оипрасила фото видео контейнер купить подарок продавец обмен возврат отказать
11767,2986,Товары для дома,1,negative,2026-06-27,"Что можно обдумывать неделю, если брак виден на фото невооружённым взглядом?! Так вышло, что ничего не понравилось-брак. Набор, к сожалению, оказался брак. На 4-х контейнерах из пяти сколы, на дне снаружи вздутия, непрокрас внутри контейнера. Пользоваться таким набором нет желания( хотела заменить свой старый облупившийся набор на новый, а прислали ещё такой же). Не знаю почему, но в возврате отказали, хотя это право покупателя- вернуть даже просто не понравившийся товар! Такого продавца крайне не рекомендую.",обдумывать неделю брак виден фото невооружённым взглядом вышло не понравилось-брак набор сожалению оказался брак х контейнерах пяти сколы дне снаружи вздутия непрокрас внутри контейнера пользоваться таким набором нет желания хотела заменить свой старый облупившийся набор новый прислали не знаю почему возврате отказали хотя право покупателя вернуть просто не понравившийся товар такого продавца крайне не рекомендую,обдумывать неделя брак видный фото невооружённый взгляд выйти не понравиться брак набор сожаление оказаться брак контейнер пять сколы дно снаружи вздутие непрокрас внутри контейнер пользоваться такой набор нет желание хотеть заменить свой старый облупившийся набор новый прислать не знать почему возврат отказать хотя право вернуть просто не понравиться товар такой продавец крайне не рекомендовать
11799,2998,Товары для дома,3,neutral,2026-06-13,"В целом симпотично, но не так как на фото. Смотрится в реальности дешевато. На фото ремешок как кожаный аккуратный, вживую тряпочный( выкупила потому что срочно надо было. А так рекомендация продавцу изменить фото на реальное а не фэйк",целом симпотично не фото смотрится реальности дешевато фото ремешок кожаный аккуратный вживую тряпочный выкупила срочно рекомендация продавцу изменить фото реальное не фэйк,целое симпотично не фото смотреться реальность дешевато фото ремешок кожаный аккуратный вживую тряпочный выкупить срочно рекомендация продавец изменить фото реальный не фэйк
11854,3014,Детские товары,5,positive,2026-02-15,"Детали крупные, сыну 1,9 справился легко, все как в мультфильме, пазлы были собраны и сразу было видно, что деталей хватает, но мы все равно проверили в пункте выдачи, Обожаем синий трактор",детали крупные сыну справился легко мультфильме пазлы собраны сразу видно деталей хватает равно проверили пункте выдачи обожаем синий трактор,деталь крупный сын справиться легко мультфильм пазл собрать сразу видно деталь хватать равный проверить пункт выдача обожать синий трактор
11910,3036,Детские товары,1,negative,2026-07-23,"Заказала два шт ,один пришел без лески и палочки ,не посмотрела на вб ,в итоге в мусор ,если товар хоть как-то упаковать,то этого не случится",заказала шт пришел лески палочки не посмотрела вб итоге мусор товар как-то упаковать не случится,заказать шт прийти леска палочка не посмотреть вб итог мусор товар упаковать не случиться
11913,3036,Детские товары,1,negative,2026-07-05,"Почему отправили без лески ,и без этой палочки ??? Я бы вернула если бы ребенок его так не ждал , верните мои деньги за свой испорченный товар !!!!!",почему отправили лески палочки вернула ребенок не ждал верните мои деньги свой испорченный товар,почему отправить леска палочка вернуть ребёнок не ждать вернуть мой деньга свой испорченный товар
11933,3043,Детские товары,1,negative,2026-07-19,"Истерика ребенку обеспечена😭 не вздумайте заказывать (( Единственное, что удалось найти в стиле Леди Баг . Светится, пришло целое Дочка очень ждала йо-йо леди баг, но как только взяла в руки, он раскрутился вниз, нитка оборвалась и корпус развалился",истерика ребенку обеспечена не вздумайте заказывать единственное удалось найти стиле леди баг светится пришло целое дочка очень ждала йо-йо леди баг взяла руки раскрутился вниз нитка оборвалась корпус развалился,истерик ребёнок обеспечить не вздумайте заказывать единственный удаться найти стиль леди баг светиться прийти целый дочка очень ждать йо йо леди баг взять рука раскрутиться вниз нитка оборваться корпус развалиться
11934,3043,Детские товары,3,neutral,2026-07-09,"Игрушка не очень конечно, разматывается, обратно не подпрыгивает как положено, просто нитка разматалась и всё, ребёнку конечно будет интересно, но мне как родителю, непонятно, почепочему так плохо стали делать йо-йо",игрушка не очень разматывается обратно не подпрыгивает положено просто нитка разматалась ребёнку интересно родителю непонятно почепочему плохо стали делать йо-йо,игрушка не очень разматывается обратно не подпрыгивать положено просто нитка разматалась ребёнок интересный родитель непонятный почепочему плохо стать делать йо йо
11968,3053,Детские товары,1,negative,2026-07-24,"Не советую данный товар и продавца, крышка сломана, сам конструктор между собой плохо держится, продавец отлоняет заявку на возврат товара, если не хотите трепать свои нервы, заказывайте в другом месте",не советую данный товар продавца крышка сломана конструктор собой плохо держится продавец отлоняет заявку возврат товара не хотите трепать свои нервы заказывайте другом месте,не советовать данный товар продавец крышка сломать конструктор себя плохо держаться продавец отлоняет заявка возврат товар не хотеть трепать свой нерв заказывать другом место
11984,3056,Детские товары,2,negative,2026-06-18,"Хорошие по качеству, детишкам понравились 🥰 Очень интересно в водичке плавает, ровно как будто стоит на хвостике, не лежит на дне , не плавает на поверхности. Одна русалка лежит на дне (((((( брак.",хорошие качеству детишкам понравились очень интересно водичке плавает ровно стоит хвостике не лежит дне не плавает поверхности одна русалка лежит дне брак,хороший качество детишкам понравиться очень интересный водичка плавать ровно стоить хвостик не лежать дно не плавать поверхность одна русалка лежать дно брак
12018,3068,Детские товары,5,positive,2026-07-22,"Ребенок фанат 3 кота, поэтому телефон понравился Ребенок почти 3г доволен. Даже спит с ним Очень громкий и нет кнопки выкл. Приходится вставлять обратно заглушку для батареек, чтобы музыку прекратить.",ребенок фанат кота поэтому телефон понравился ребенок г доволен спит очень громкий нет кнопки выкл приходится вставлять обратно заглушку батареек музыку прекратить,ребёнок фанат кот поэтому телефон понравиться ребёнок г довольный спать очень громкий нет кнопка выкл приходиться вставлять обратно заглушка батарейка музыка прекратить
12043,3076,Детские товары,5,positive,2026-07-11,"Понравилась игрушка тем, что она многофункциональная! Ребенок сначала походил с каталкой, ручку сняли - пистолет с мыльными пузырями, дома протерли и убрали бутыль - Малыш катает как машинку)",понравилась игрушка многофункциональная ребенок сначала походил каталкой ручку сняли пистолет мыльными пузырями дома протерли убрали бутыль малыш катает машинку,понравиться игрушка многофункциональный ребёнок сначала походить каталка ручка снять пистолет мыльный пузырями дома протереть убрать бутыль малыш катать машинка
12112,3098,Детские товары,2,negative,2026-07-20,"С виду хорошие спиннеры Когда начала закручивать винт, увидела что он треснут. Соответственно пользоваться нельзя 🚫 Присоски не держат. Короче деньги на ветер.",виду хорошие спиннеры начала закручивать винт увидела треснут соответственно пользоваться присоски не держат короче деньги ветер,виду хороший спиннеры начать закручивать винт увидеть треснуть соответственно пользоваться присосок не держать короткий деньга ветер
12118,3099,Детские товары,5,positive,2026-05-19,"Сын любит Грузовичка Лева, поэтому заказала ему именно его)) в ванной прикольно купаться с ним, выполнен качественно, запаха резины нет)",сын любит грузовичка лева поэтому заказала именно ванной прикольно купаться выполнен качественно запаха резины нет,сын любить грузовичка лев поэтому заказать именно ванная прикольно купаться выполнить качественно запах резина нет
12120,3100,Детские товары,5,positive,2026-07-21,"Пока малыш только перебирать и рассматривает, но нам 1,6 .Мне очень понравилась игра. Отличная печать, гладкие фигурки, размер для детской ручки, яркие. Всё ок",пока малыш перебирать рассматривает нам очень понравилась игра отличная печать гладкие фигурки размер детской ручки яркие ок,пока малыш перебирать рассматривать нам очень понравиться игра отличный печать гладкий фигурка размер детский ручка яркий ок
12132,3102,Детские товары,5,positive,2026-06-27,"Ребенок нам улице запускал весь день. Для детских ручек удобно. Для игры на улице самое то что надо. Крепкий пластик, улетел далеко и не разбивался.",ребенок нам улице запускал весь день детских ручек удобно игры улице самое крепкий пластик улетел далеко не разбивался,ребёнок нам улице запускать весь день детский ручка удобный игра улица самое крепкий пластик улететь далеко не разбивался
12136,3105,Детские товары,2,negative,2026-02-26,"Не ожидала, что пазлы будут буквально рассыпаться в руках. Где подложка? Хорошая задумка создать пазлы от больших к маленьким. Мы начали с больших. Почему нет подложки на пазл? Это одноразовая вещь? Когда берёшь в руки в этой тончайшей рамке, которая ничего не держишь, всё рассыпается. Не ожидала такой подставы. Раньше все пазлы собирались на специальную подложку из картона - у каждого пазла своя подложка.",не ожидала пазлы будут буквально рассыпаться руках подложка хорошая задумка создать пазлы больших маленьким начали больших почему нет подложки пазл одноразовая вещь берёшь руки тончайшей рамке которая не держишь рассыпается не ожидала подставы раньше пазлы собирались специальную подложку картона каждого пазла своя подложка,не ожидать пазл быть буквально рассыпаться рука подложка хороший задумка создать пазл больший маленький начать больший почему нет подложка пазл одноразовый вещь берёшь рука тонкий рамка которая не держать рассыпается не ожидать подстава ранний пазл собираться специальный подложка картон каждый пазла свой подложка
12147,3109,Детские товары,4,positive,2026-03-11,"Глаза нарисованные, а дети маленькие всё грызут, поэтому глаза наполовину стëрлись. Задумка интересная, но с глаза надо как-то по другому бы делать, чтоб детям в организм не попадала краска.",глаза нарисованные дети маленькие грызут поэтому глаза наполовину задумка интересная глаза как-то другому делать детям организм не попадала краска,глаз нарисованные ребёнок маленький грызть поэтому глаз наполовину стëрлись задумка интересный глаз другому делать ребёнок организм не попадать краска
12153,3111,Детские товары,5,positive,2025-12-21,"Ставлю 5 потому что понравился дизайн , интересное движения стоя и лежа, были бы ножки помягче,малыш у было бы комфортней, а остальное класс",ставлю понравился дизайн интересное движения стоя лежа ножки помягче малыш комфортней остальное класс,ставить понравиться дизайн интересный движение стоить лежать ножка мягкий малыш комфортный остальное класс
12167,3114,Детские товары,1,negative,2023-08-20,"КРАЙНЕ НЕ РЕКОМЕНДУЮ!!!! Заказывала планшет для ребенка развивающий, пришла музыкальная книжка, поменялась карточка товара одним днем, в пункте выдачи и нечего было предъявить получается, так как товар у них в базе уже поменян и совпадает… еще «плюсом» - доставка в Калининград стоит 200 рублей, отказ от товара, который я не выбирала- 100 рублей… просто нет слов… тысячу раз подумайте, прежде чем заказывать у этого продавца Получается просто 300 рублей подарила!",крайне не рекомендую заказывала планшет ребенка развивающий пришла музыкальная книжка поменялась карточка товара одним днем пункте выдачи нечего предъявить получается товар базе поменян совпадает плюсом доставка калининград стоит рублей отказ товара который не выбирала рублей просто нет слов тысячу подумайте прежде заказывать продавца получается просто рублей подарила,крайне не рекомендовать заказывать планшет ребёнок развивать прийти музыкальный книжка поменяться карточка товар одним день пункт выдача нечего предъявить получаться товар база поменять совпадать плюс доставка калининград стоить рубль отказ товар который не рубль просто нет слово тысяча подумайте прежде заказывать продавец получаться просто рубль подарить
12168,3115,Детские товары,5,positive,2026-05-11,"Ребенок не выпускает ее из рук. Наш ребенок грызет всё, что попадает ему в руки. В этой игрушке слоями легко сходит краска (всё, что не синего цвета). Это не претензия к продавцу, игрушка не грызунок и краска на такое жесткое использование не рассчитала. Просто предупреждение для родителей маленьких бобров как наш",ребенок не выпускает рук наш ребенок грызет попадает руки игрушке слоями легко сходит краска не синего цвета не претензия продавцу игрушка не грызунок краска такое жесткое использование не рассчитала просто предупреждение родителей маленьких бобров наш,ребёнок не выпускать рука наш ребёнок грызть попадать рука игрушка слой легко сходить краска не синий цвет не претензия продавец игрушка не грызунок краска такой жёсткий использование не рассчитать просто предупреждение родитель маленький бобёр наш
12180,3119,Детские товары,4,positive,2026-07-16,"Соответствует описанию, яркие картинки, ребенок любит играть Яркая печать, но ничем не закреплена поверх, нет слоя типа лака, придется самостоятельно покрывать, из-за чего рисунок стирается (и да, после 1 игры собаку ребенок сгрыз)",соответствует описанию яркие картинки ребенок любит играть яркая печать ничем не закреплена поверх нет слоя типа лака придется самостоятельно покрывать из-за рисунок стирается игры собаку ребенок сгрыз,соответствовать описание яркий картинка ребёнок любить играть яркий печать ничто не закрепить поверх нет слой тип лак прийтись самостоятельно покрывать рисунок стираться игра собака ребёнок сгрыз
12182,3119,Детские товары,5,positive,2026-07-12,"Отличные пазлы для детей! Детали большие, ребенку удобно вставлять. Качество отличное, печать не стирается. После многократных игр пазлы как новые Качество",отличные пазлы детей детали большие ребенку удобно вставлять качество отличное печать не стирается многократных игр пазлы новые качество,отличный пазл ребёнок деталь больший ребёнок удобный вставлять качество отличный печать не стираться многократный игра пазл новый качество
12190,3122,Детские товары,3,neutral,2026-07-21,"Цветовой исполнение не соответствует фото. Ждали красивый радужный пельмешек, пришло жалкое подобие заявленного. Цена не соответствует качеству. Посмотрела хорошо только дома, ребёнок ждёт.",цветовой исполнение не соответствует фото ждали красивый радужный пельмешек пришло жалкое подобие заявленного цена не соответствует качеству посмотрела хорошо дома ребёнок ждёт,цветовой исполнение не соответствовать фото ждать красивый радужный пельмешек прийти жалкий подобие заявить цена не соответствовать качество посмотреть хорошо дома ребёнок ждёт
12194,3123,Детские товары,1,negative,2026-05-30,"Коробка порвана, батарейки были вставлены. Когда распаковала, тетрис был уже включен, на экране все зависло. Некоторые кнопки перепутаны, игры зависают. Ребенок расстроен",коробка порвана батарейки вставлены распаковала тетрис включен экране зависло некоторые кнопки перепутаны игры зависают ребенок расстроен,коробка порвать батарейка вставить распаковать тетрис включить экран зависнуть некоторый кнопка перепутать игра зависать ребёнок расстроить
12216,3132,Детские товары,2,negative,2026-07-15,"Сами рыбки хорошие, а вот удочка и сачок желают быть покачественее за такую цену, я брала дешевле и то там намного лучше, но повелась на сачок и взяла это вариант Разломалось сразу же в первый день",сами рыбки хорошие удочка сачок желают покачественее такую цену брала дешевле намного повелась сачок взяла вариант разломалось сразу первый день,сами рыбка хороший удочка сачок желать покачественее такой цена брать дешёвый намного повестись сачок взять вариант разломаться сразу первый день
12249,3142,Детские товары,5,positive,2026-07-08,"Превзошли мои ожидания, очень классная игрушка. За такую цену очень много мелодий . Всё работает. Ребёнку 2 года очень понравилось Всё супер 😍",превзошли мои ожидания очень классная игрушка такую цену очень мелодий работает ребёнку года очень понравилось супер,превзойти мой ожидание очень классный игрушка такой цена очень мелодия работать ребёнок год очень понравиться супер
12251,3142,Детские товары,4,positive,2026-06-16,"Хороший русский язык! Можно за одно это уже похвалить. Звук приятный, кнопочки работают, режимы переключаются понятно. Хорошая штучка Песенки не целиком, приходится допевать мне самой",хороший русский язык одно похвалить звук приятный кнопочки работают режимы переключаются понятно хорошая штучка песенки не целиком приходится допевать самой,хороший русский язык одно похвалить звук приятный кнопочка работать режим переключаются понятный хороший штучка песенка не целиком приходиться допевать самой
12319,3165,Детские товары,5,positive,2026-07-01,"Ребенку очень понравился, сразу только не понял как играть , нам три года , потом разобрался. Очень прикольная игрушка для маторики рук и быстрого мышления. Даже взрослому интересно",ребенку очень понравился сразу не понял играть нам года разобрался очень прикольная игрушка маторики рук быстрого мышления взрослому интересно,ребёнок очень понравиться сразу не понять играть нам год разобраться очень прикольный игрушка маторики рука быстрый мышление взрослый интересный
12323,3166,Детские товары,4,positive,2026-07-03,Очень много трафаретов чтобы собирать игрушка очень интересная но она совсем не яркая как на фото здесь. И цвета не подходят фишечек поэтому огорчило меня. Так игрушка нужная интересная и можно долго в нее играть.,очень трафаретов собирать игрушка очень интересная не яркая фото цвета не подходят фишечек поэтому огорчило игрушка нужная интересная долго играть,очень трафарет собирать игрушка очень интересный не яркий фото цвет не подходить фишечек поэтому огорчить игрушка нужный интересный долго играть
12340,3170,Детские товары,4,positive,2026-06-29,"Погремушка классная по дизайну, а также имеет крайне приятное звучание. Однако, помыть ее перед применением еще тот квест. Внутри игрушки создается испарина, которую трудно просушить. У нас погремушка сохла три дня (в том числе под мощной струёй горячего воздуха от фена) перед тем как окончательно быть готовой к применению. Да и после этого в одной сфере шарики катаются только от усилия, чего перед промывания не было. Ставлю 4 звезды из-за этой неприятности. В остальном погремушка супер!",погремушка классная дизайну также имеет крайне приятное звучание однако помыть применением квест внутри игрушки создается испарина которую трудно просушить погремушка сохла дня числе мощной струёй горячего воздуха фена окончательно готовой применению одной сфере шарики катаются усилия промывания не ставлю звезды из-за неприятности остальном погремушка супер,погремушка классный дизайн также иметь крайне приятный звучание однако помыть применение квест внутри игрушка создаваться испарина которую трудный просушить погремушка сохла день число мощный струёй горячий воздух фен окончательно готовый применение одной сфера шарик кататься усилие промывание не ставить звезда неприятность остальном погремушка супер
12347,3172,Детские товары,5,positive,2026-06-10,"Все Будто магниты слабые, годовасику тяжело пока понять, как удержать червяка. Но может, если сильнее будут, то тяжело будет птенцу отдать",магниты слабые годовасику тяжело пока понять удержать червяка сильнее будут тяжело птенцу отдать,магнит слабый годовасику тяжёлый пока понять удержать червяк сильный быть тяжёлый птенец отдать
12348,3173,Детские товары,1,negative,2026-07-24,"Игрушка на 5 минут У племянника был подобный…тем племянник года два играл и после пролежал в шкафу более трех лет, даже не севший был, качественный, заказала новый, так как этот потеряли… пришло жалкое подобие, которое сломалось через 5 минут…",игрушка минут племянника подобный племянник года играл пролежал шкафу трех лет не севший качественный заказала новый потеряли пришло жалкое подобие которое сломалось минут,игрушка минута племянник подобный племянник год играть пролежать шкаф три год не сесть качественный заказать новый потерять прийти жалкий подобие которое сломаться минута
12376,3183,Детские товары,4,positive,2026-07-05,"Задумка, простые формы, цвет Вместо двух треугольников-всего один, зато квадратов три штуки, явно напутали. Плюс искренне не понимаю зачем клеить ваш qr код прям на крышку, на самое видное место? Во-первых, ребенок все тянет в рот и зубами на раз-два сгрызает наклейку, во-вторых, очень сложно начисто ее убрать взрослому, не помог даже предварительный нагрев феном, не весь клей отошел, пришлось тереть губкой и все равно клей не отмылся, зато поцарапался пластик👍🏻 крышка плохо защелкивается, о чем другие покупатели тоже пишут",задумка простые формы цвет вместо двух треугольников-всего зато квадратов штуки явно напутали плюс искренне не понимаю клеить ваш код прям крышку самое видное место во-первых ребенок тянет рот зубами раз-два сгрызает наклейку во-вторых очень сложно начисто убрать взрослому не помог предварительный нагрев феном не весь клей отошел пришлось тереть губкой равно клей не отмылся зато поцарапался пластик крышка плохо защелкивается другие покупатели пишут,задумка простой форма цвет вместо два треугольник зато квадрат штука явно напутали плюс искренне не понимать клеить ваш qr код прям крышка самое видный место первых ребёнок тянуть рот зуб сгрызать наклейка вторых очень сложный начисто убрать взрослый не помочь предварительный нагрев фен не весь клей отойти прийтись тереть губка равный клей не отмыться зато поцарапался пластик крышка плохо защёлкиваться другие покупатель писать
12383,3185,Детские товары,5,positive,2026-07-08,"Отличная игрушка для малышей. Брали в дорогу в поезд как очередную развлекашку на 5 минут, в итоге отвлекала минут 30)) и домой привезли - играет. Кормит животных с руки, т.к. ложку сломал сразу же. Картон плотный, не мнется, не разваливается, много раз собирается и разбирается. Очень понравилось, что овощи для кормления не пластик, а как плотная стерка, резинка - отлично ложатся в детскую ручку, не падают с грохотом. В общем отличная игуана за отличную цену!",отличная игрушка малышей брали дорогу поезд очередную развлекашку минут итоге отвлекала минут домой привезли играет кормит животных руки т ложку сломал сразу картон плотный не мнется не разваливается собирается разбирается очень понравилось овощи кормления не пластик плотная стерка резинка отлично ложатся детскую ручку не падают грохотом общем отличная игуана отличную цену,отличный игрушка малыш брать дорога поезд очередной развлекашку минута итог отвлекать минута домой привезти играть кормить животное рука т ложку сломать сразу картон плотный не мнется не разваливаться собираться разбираться очень понравиться овощ кормление не пластик плотный стерка резинка отлично ложиться детский ручка не падать грохот общий отличный игуана отличный цена
12388,3185,Детские товары,5,positive,2026-05-25,"у овощей отваливаются зеленый хвостики, пришлось все разобрать чтобы ребенок не подавился этими деталями, а так задумка классная, ребенок увлеченно играет и кормит животных и всех всех всех теперь)) ну и ложку можно было сделать более прочной и глубокой, а то как обычная одноразовая пластиковая...",овощей отваливаются зеленый хвостики пришлось разобрать ребенок не подавился этими деталями задумка классная ребенок увлеченно играет кормит животных ложку сделать прочной глубокой обычная одноразовая пластиковая,овощ отваливаться зелёный хвостик прийтись разобрать ребёнок не подавиться этот деталь задумка классный ребёнок увлечённо играть кормить животное ложка сделать прочный глубокой обычный одноразовый пластиковый
12463,3207,Детские товары,2,negative,2026-07-17,"+ Большой, яркий - тонкая леска При первом же запуске леска порвалась и змей улетел не понятно куда ( так и не нашли его). Пришлось второй заказать. Так что леску сразу на другую меняйте.",большой яркий тонкая леска первом запуске леска порвалась змей улетел не понятно не нашли пришлось второй заказать леску сразу другую меняйте,большой яркий тонкий леска первый запуск лесок порваться змея улететь не понятный не найти прийтись второй заказать леска сразу другую меняйте
12481,3214,Детские товары,1,negative,2026-07-21,"Качество самого слипа хорошее. Слип воняет химозой. Такое ощущение, что взяли брусок хозяйственного мыла и втерли в одежду. Вонь невероятная. Постирала один раз, запах не прошел. Попробую еще постирать, не знаю будет ли толк. От запаха у меня запершило в горле. Очень хотелось бы понять, что это вообще может быть такое.",качество самого слипа хорошее слип воняет химозой такое ощущение взяли брусок хозяйственного мыла втерли одежду вонь невероятная постирала запах не прошел попробую постирать не знаю толк запаха запершило горле очень хотелось понять вообще такое,качество самого слип хороший слип вонять химозой такой ощущение взять брусок хозяйственный мыло втерли одежда вонь невероятный постирать запах не пройти попробовать постирать не знать толк запах запершить горло очень хотеться понять вообще такой
12488,3219,Детские товары,5,positive,2026-07-22,"Замечательный комплект!Качество на высшем уровне,и очень приятный дизайн. Удобный,красивый и очень приятный к телу!Прекрасный товар! Приятно,что быстро доставили!Спасибо всей команде!",замечательный комплект качество высшем уровне очень приятный дизайн удобный красивый очень приятный телу прекрасный товар приятно быстро доставили спасибо всей команде,замечательный комплект качество высокий уровень очень приятный дизайн удобный красивый очень приятный тело прекрасный товар приятный быстро доставить спасибо весь команда
12539,3236,Детские товары,5,positive,2023-03-13,"Хорошие ползунки. Высоковаты конечно, почти до подмышек доходят, но в ножках размер точно соответствует 56 размеру. Малышу тепло зато. Материал ползунков мягкий, а вот кофточка оказалась пожестче, но это и понятно, пошиты изделия с разницей в 1 год. 2022 и 2021 года соответственно. Это единственный недостаток для меня. Снижать балл не буду, тк это то, что искала.",хорошие ползунки высоковаты подмышек доходят ножках размер точно соответствует размеру малышу тепло зато материал ползунков мягкий кофточка оказалась пожестче понятно пошиты изделия разницей год года соответственно единственный недостаток снижать балл не буду тк искала,хороший ползунки высоковаты подмышка доходить ножка размер точно соответствовать размер малыш тепло зато материал ползунок мягкий кофточка оказаться жёсткий понятный пошиты изделие разница год год соответственно единственный недостаток снижать балл не быть тк искать
12540,3236,Детские товары,1,negative,2023-01-29,"Двухмесячный ребёнок снимает их с себя за минуту,притом что ползунки выбраны по размеру. И резинка слабая, и носок не держит, ножку сразу вынимает. Деньки потрачены впустую, ползунки лежат в шкафу",двухмесячный ребёнок снимает минуту притом ползунки выбраны размеру резинка слабая носок не держит ножку сразу вынимает деньки потрачены впустую ползунки лежат шкафу,двухмесячный ребёнок снимать минута притом ползунки выбрать размер резинка слабый носок не держать ножка сразу вынимать денёк потратить впустую ползунки лежать шкаф
12544,3239,Детские товары,5,positive,2026-07-17,"Мягкий, красивый материал, 100% хлопок, соответствует картинкам, подойдут на пухленького ребёночка, идет в размер. После стирки не сели, цвет сохранился, материал не красится. Стирала все 3 одновременно при температуре 30 градусов. Буду заказывать еще, очень понравились бодики.",мягкий красивый материал хлопок соответствует картинкам подойдут пухленького ребёночка идет размер стирки не сели цвет сохранился материал не красится стирала одновременно температуре градусов буду заказывать очень понравились бодики,мягкий красивый материал хлопок соответствовать картинка подойти пухленький ребёночек идти размер стирка не сесть цвет сохраниться материал не краситься стирала одновременно температура градус быть заказывать очень понравиться бодики
12574,3246,Детские товары,5,positive,2024-12-18,"Очень мягкая, приятная ткань. Нежные и красивые цвета. Ровные швы, ползунки отличные) буду заказывать ещё, малышке в них комфортно, спасибо😊 Нет",очень мягкая приятная ткань нежные красивые цвета ровные швы ползунки отличные буду заказывать малышке комфортно спасибо нет,очень мягкий приятный ткань нежный красивый цвет ровный шов ползунки отличный быть заказывать малышка комфортный спасибо нет
12575,3246,Детские товары,5,positive,2024-12-16,"Очень понравились, закажу ещё в другом цвете🥰 Ползунки прелесть😇 Нитки нигде не торча, никаких дыр и тд. на изделиях нет🥹 Качество 🔥 Нет",очень понравились закажу другом цвете ползунки прелесть нитки нигде не торча никаких дыр тд изделиях нет качество нет,очень понравиться заказать другом цвет ползунки прелесть нитка нигде не торча никакой дыра тд изделие качество нет
12624,3266,Детские товары,5,positive,2026-03-26,"Я была уверена что материал другой на ощупь, но резинка хорошая это плюс Легкие, но немного твердоватая ткань, я надеялась она мягче",уверена материал ощупь резинка хорошая плюс легкие немного твердоватая ткань надеялась мягче,уверена материал ощупь резинка хороший плюс лёгкий немного твердоватый ткань надеяться мягкий
12631,3269,Детские товары,5,positive,2026-05-26,"Ровные швы, нитки не торчат, хлопок очень мягкие и приятные на ощупь как раз для малышей,заказываю второй раз, первый раз брала в рубчик вообще прекрасные, второй раз тонкая кулирка, как раз на жару. мой взгляд маломерят на размер. В общем рекомендую",ровные швы нитки не торчат хлопок очень мягкие приятные ощупь малышей заказываю второй первый брала рубчик вообще прекрасные второй тонкая кулирка жару взгляд маломерят размер общем рекомендую,ровный шов нитка не торчать хлопок очень мягкий приятные ощупь малыш заказывать второй первый брать рубчик вообще прекрасный второй тонкий кулирка жара взгляд маломерят размер общий рекомендовать
12649,3272,Детские товары,3,neutral,2026-06-22,Ткань хлопок по качеству отличное За такую цену ужасные застёжки чуть ребёнок потянул и весь голый. Не советую брать из-за застёжек,ткань хлопок качеству отличное такую цену ужасные застёжки ребёнок потянул весь голый не советую брать из-за застёжек,ткань хлопок качество отличный такой цена ужасный застёжка ребёнок потянуть весь голый не советовать брать застёжек
12705,3290,Детские товары,5,positive,2024-11-14,"Возьму ещё, будет здорово, если будет лилового цвета)) Отличные кофточка и штанишки, многие пишут, что цвет разный, но мне пришли тон в тон. Хорошо как поддева под комбез)) качество за эти деньги супер👌🫶🏻",возьму здорово лилового цвета отличные кофточка штанишки многие пишут цвет разный пришли тон тон хорошо поддева комбез качество деньги супер,взять здоровый лиловый цвет отличный кофточка штанишки многие писать цвет разный прийти тон тон хороший поддева комбез качество деньга супер
12734,3299,Детские товары,3,neutral,2026-02-13,"Очень обидно, выкидывать жалко, пришлось перешивать кнопки Быстрая доставка, хорошая упаковка Не успела надеть на ребенка как большая часть кнопок отлетела",очень обидно выкидывать жалко пришлось перешивать кнопки быстрая доставка хорошая упаковка не успела надеть ребенка большая часть кнопок отлетела,очень обидный выкидывать жалко прийтись перешивать кнопка быстрый доставка хороший упаковка не успеть надеть ребёнок больший часть кнопка отлететь
12742,3301,Детские товары,5,positive,2026-03-28,"Штаны заказала отдельно Хорошее качество, тёпленькая водолазка . Берите на 2 размера больше , 68 прям в притык на пару раз на ребёнка 63 см.",штаны заказала отдельно хорошее качество тёпленькая водолазка берите размера прям притык пару ребёнка см,штаны заказать отдельно хороший качество тёпленький водолазка брать размер прям притык пара ребёнок
12754,3305,Детские товары,4,positive,2026-06-25,"Очень хотела взять этот песочник. Приятный, тонкий, самое то на лето. Но длина тела оказалась слишком маленькой. На фото заказанный песочник 92 размера и зелёный (мой для сравнения 86). Жёлтой линией отметила на сколько короче у данного товара тело. Пришлось отказаться, так как 92 размер налезет разве только на 80й. А жаль, качество очень хорошее и расцветка симпатичная. Тонкий хлопок, приятный на ощупь. Короткая длина тела",очень хотела взять песочник приятный тонкий самое лето длина тела оказалась слишком маленькой фото заказанный песочник размера зелёный сравнения жёлтой линией отметила сколько короче данного товара тело пришлось отказаться размер налезет й жаль качество очень хорошее расцветка симпатичная тонкий хлопок приятный ощупь короткая длина тела,очень хотеть взять песочник приятный тонкий самое лето длина тело оказаться слишком маленький фото заказанный песочник размер зелёный сравнение жёлтый линия отметить сколько короткий данного товар тело прийтись отказаться размер налезть й жаль качество очень хороший расцветка симпатичный тонкий хлопок приятный ощупь короткий длина тело
12802,3319,Детские товары,5,positive,2026-06-21,"Спасибо! Упаковка выше всяких похвал! В оригинальной и еще защитная! Заказывала у двух других продавцов и там все пробитое приходило, а у вас не стыдно на подарок!",спасибо упаковка выше всяких похвал оригинальной защитная заказывала двух других продавцов пробитое приходило не стыдно подарок,спасибо упаковка высоко всякий похвал оригинальный защитный заказывать два других продавец пробить приходить не стыдно подарок
12807,3320,Детские товары,4,positive,2026-07-01,"Товар хороший, но, лестница держится на добром слове а точнее на соплях, крыша не лезет как надо, как на рисунке не получается, пока собирала дерево несколько раз ломалось, неустойчивое.",товар хороший лестница держится добром слове точнее соплях крыша не лезет рисунке не получается пока собирала дерево несколько ломалось неустойчивое,товар хороший лестница держаться добрый слово точнее сопля крыша не лезть рисунок не получаться пока собирать дерево несколько ломалось неустойчивый
12908,3346,Детские товары,5,positive,2026-04-23,"Конструктор собирали 4 вечера, инструкция понятная, в комплекте все самое нужное. Детали качественные, запаха нет, получилось ярко и красиво, ребенок рад.",конструктор собирали вечера инструкция понятная комплекте самое нужное детали качественные запаха нет получилось ярко красиво ребенок рад,конструктор собирать вечер инструкция понятный комплект самое нужный деталь качественный запах нет получиться ярко красиво ребёнок рад
12970,3361,Детские товары,5,positive,2026-03-20,"Покупали конструктор для семейного досуга - несколько вечеров прошли просто супер, понравилось всей семье. Цена полностью оправдывает качество, все детали в комплекте , а ещё хорошая, понятная инструкция👍🏻",покупали конструктор семейного досуга несколько вечеров прошли просто супер понравилось всей семье цена полностью оправдывает качество детали комплекте хорошая понятная инструкция,покупать конструктор семейный досуг несколько вечер пройти просто супер понравиться весь семья цена полностью оправдывать качество деталь комплект хороший понятный инструкция
12986,3367,Детские товары,5,positive,2026-07-21,"За свою цену отличный конструктор, все на месте, цвет деталей одинаковый, пластик качественный. Особенно понравилась детализация подвески, антикрыльев и кокпита. Получил огромное удовольствие от сборки. Качество",цену отличный конструктор месте цвет деталей одинаковый пластик качественный особенно понравилась детализация подвески антикрыльев кокпита получил огромное удовольствие сборки качество,цена отличный конструктор место цвет деталь одинаковый пластик качественный особенно понравиться детализация подвеска антикрыльев кокпит получить огромный удовольствие сборка качество
13001,3368,Детские товары,4,positive,2026-02-05,"Неприятно, что коробка рваная. Для подарка брали. Очень надеюсь, что следующие покупатели будут получать целый товар. Лучше в доп.коробке такое отправлять. Но по пакетам вроде все на месте.",неприятно коробка рваная подарка брали очень надеюсь следующие покупатели будут получать целый товар доп коробке такое отправлять пакетам вроде месте,неприятный коробка рваный подарок брать очень надеяться следующий покупатель быть получать целый товар доп коробка такой отправлять пакет вроде место
13054,3378,Детские товары,5,positive,2026-06-26,"Конструктор понравился, упакован отлично, пришел в дополнительной коробке, сборка обещает быть увлекательной, а готовая модель выглядит потрясающе, Ребенок в восторге",конструктор понравился упакован отлично пришел дополнительной коробке сборка обещает увлекательной готовая модель выглядит потрясающе ребенок восторге,конструктор понравиться упаковать отлично прийти дополнительный коробка сборка обещать увлекательный готовый модель выглядеть потрясающе ребёнок восторг
13087,3389,Детские товары,5,positive,2026-07-16,"Вообщем я очень доволен, конечно по сборке не сравнится с оригинальным Лего, в оригинальном Лего каждый пакет пронумерован и ты собираешь по сути по пакету, а тут к сожалению не так это единственный минус который есть С лево кстати оригинал покупал в свое время около 25к этот за 1300 по сути разница ни какой Если еще сомневаешься в покупке, не сомневайся не пожалеешь, я кайфанул и разочаровался что первый покупал *** как дорого",вообщем очень доволен сборке не сравнится оригинальным лего оригинальном лего каждый пакет пронумерован собираешь сути пакету сожалению не единственный минус который лево кстати оригинал покупал свое время около сути разница ни сомневаешься покупке не сомневайся не пожалеешь кайфанул разочаровался первый покупал дорого,вообщем очень довольный сборка не сравнится оригинальный лего оригинальный лего каждый пакет пронумеровать собирать суть пакет сожаление не единственный минус который лево кстати оригинал покупать свой время около суть разница ни сомневаешься покупка не сомневаться не пожалеть кайфанул разочароваться первый покупать дорого
13111,3394,Детские товары,5,positive,2026-04-24,"Дополнительная упаковка была бы отличным плюсом, но в целом решаемо. Можно просто убрать ее и будет довольно презентабельно. Интересный конструктор. Взяли на подарок. Нет дополнительной упаковки транспортной. Наклейки вб приклеены на заводскую плёнку. И плёнка чуть чуть повреждена.",дополнительная упаковка отличным плюсом целом решаемо просто убрать довольно презентабельно интересный конструктор взяли подарок нет дополнительной упаковки транспортной наклейки вб приклеены заводскую плёнку плёнка повреждена,дополнительный упаковка отличный плюс целое решаемо просто убрать довольно презентабельный интересный конструктор взять подарок нет дополнительный упаковка транспортный наклейка вб приклеить заводский плёнка плёнка повредить
13198,3436,Детские товары,5,positive,2026-02-20,"давно и сказала стильный рюкзак, этот смотрится хорошо в образах, удобный для меня вариант, если нужно много вещей с собой классный цвет и материал, он ооочент вместительный, несколько отделов, но при этом не выглядит огромным",давно сказала стильный рюкзак смотрится хорошо образах удобный вариант нужно вещей собой классный цвет материал оочент вместительный несколько отделов не выглядит огромным,давно сказать стильный рюкзак смотреться хорошо образ удобный вариант нужный вещь себя классный цвет материал оочент вместительный несколько отдел не выглядеть огромный
13199,3437,Детские товары,5,positive,2026-03-10,"Спасибо за аккуратный пошив и деликатный размер рюкзачка.. Думаю, внученька обрадуется будет им пользоваться с радостью Славный и компактный, легонький.. Как раз малышу.. Можно сложить игрушку, салфетки и что-то на перекус на прогулку.. Всё отлично.. Очень боялась ""вонючести"", но ничего подобного",спасибо аккуратный пошив деликатный размер рюкзачка думаю внученька обрадуется пользоваться радостью славный компактный легонький малышу сложить игрушку салфетки что-то перекус прогулку отлично очень боялась вонючести подобного,спасибо аккуратный пошив деликатный размер рюкзачок думать внученька обрадоваться пользоваться радость славный компактный лёгонький малышу сложить игрушка салфетки перекус прогулка отличный очень бояться вонючесть подобный
13208,3440,Детские товары,5,positive,2026-07-17,"Ребенок не выпускал из рук весь день новую сумочку и отправилась с ней в детский сад на следующей день. В общем, ей очень понравилось! Прошита аккуратно, посторонних запахов нет",ребенок не выпускал рук весь день новую сумочку отправилась детский сад следующей день общем очень понравилось прошита аккуратно посторонних запахов нет,ребёнок не выпускать рука весь день новый сумочка отправиться детский сад следующей день общий очень понравиться прошита аккуратно посторонний запах нет
13296,3469,Детские товары,2,negative,2026-03-29,"Это был подарок. Забирал ребёнок. Первый карман с молнией закрывается не до конца тк не хватает зубчиков на молнии. Вб стал,, тяжелым,, вернуть не смогли. Много раз зарекалась тут не покупать ничего лучше переплатить, но купить в др месте где спокойно примают бракованный товар. Вид и цена Брак на молнии",подарок забирал ребёнок первый карман молнией закрывается не конца тк не хватает зубчиков молнии вб стал тяжелым вернуть не смогли зарекалась не покупать переплатить купить др месте спокойно примают бракованный товар вид цена брак молнии,подарок забирать ребёнок первый карман молния закрываться не конец тк не хватать зубчик молния вб стать тяжёлый вернуть не смочь зарекалась не покупать переплатить купить др место спокойно примают бракованный товар вид цена брак молния
13345,3481,Детские товары,5,positive,2026-05-10,"Ребенок оторваться от них не может! Складывать готов бесконечно 👍( нам 2,7) очень яркие, достаточно количество штучек в одном пазле.",ребенок оторваться не складывать готов бесконечно нам очень яркие достаточно количество штучек одном пазле,ребёнок оторваться не складывать готовый бесконечно нам очень яркий достаточный количество штучка одном пазле
13352,3483,Детские товары,2,negative,2026-05-07,"Ложите хотя бы в пакет чтоб части не потерялись - они просто выпасть могли из коробки, не говоря уже про не товарный вид и неуважение в клиенту! Цена Вот так ее упаковал продавец - никак!",ложите хотя пакет части не потерялись просто выпасть могли коробки не говоря не товарный вид неуважение клиенту цена упаковал продавец никак,класть хотя пакет часть не потеряться просто выпасть мочь коробка не говорить не товарный вид неуважение клиенту цена упаковать продавец никак
13371,3488,Детские товары,2,negative,2026-03-29,"Продавцом было заявлено 104 пазла,да было 104,но не хватает ещё 16 пазлов для полной сборки картинки. Сами красивые Не хватает пазлов",продавцом заявлено пазла не хватает пазлов полной сборки картинки сами красивые не хватает пазлов,продавец заявить пазл не хватать пазл полный сборка картинка сами красивый не хватать пазл
13382,3491,Детские товары,1,negative,2026-03-10,"Ну конечно, сего я ожидала за сто рублей 🤡 Ничего Должен быть набор, а по факту только 1 пазл пришел (сказочные питомцы)",сего ожидала сто рублей должен набор факту пазл пришел сказочные питомцы,сей ожидать сто рубль должный набор факт пазл прийти сказочный питомец
13401,3496,Детские товары,5,positive,2026-02-28,"Интересно, сложно. Собирали все вместе целый вечер и ещё утром. Захватывающая игра, внуку 4 года, но очень бойко собирал. Коробка хлипкая, помятая. Неприятно",интересно сложно собирали вместе целый вечер утром захватывающая игра внуку года очень бойко собирал коробка хлипкая помятая неприятно,интересный сложный собирать вместе целый вечер утро захватывать игра внук год очень бойко собирать коробка хлипкий помятый неприятный
13472,3523,Детские товары,4,positive,2025-01-18,"Бабуля 86 лет при сборке испытала трудности из-за того, что цвета на коробке на совпадают с цветами на пазлах. Например, на коробке нарисованы подарки красного цвета, а на пазлах коричневые. В других брендах такой проблемы не было.",бабуля лет сборке испытала трудности из-за цвета коробке совпадают цветами пазлах например коробке нарисованы подарки красного цвета пазлах коричневые других брендах проблемы не,бабуля год сборка испытать трудность цвет коробка совпадать цвет пазлах например коробка нарисовать подарок красный цвет пазлах коричневый других бренд проблема не
13500,3532,Детские товары,5,positive,2025-04-17,"Яркие пазлы, рисунок совпадает, количество полностью соблюдено. Вчера с внучкой собрали картинку, хоть в рамочку ставь. Внучка довольна и я тоже. Ранее покупали Чебурашку и тоже все отлично. Внучка меньше сидит в телефоне, собирает пазлы от этого больше пользы. Спасибо!",яркие пазлы рисунок совпадает количество полностью соблюдено вчера внучкой собрали картинку рамочку ставь внучка довольна ранее покупали чебурашку отлично внучка меньше сидит телефоне собирает пазлы пользы спасибо,яркий пазл рисунок совпадать количество полностью соблюсти вчера внучка собрать картинка рамочка ставь внучка довольный ранее покупать чебурашку отличный внучка маленький сидеть телефон собирать пазл польза спасибо
13506,3535,Детские товары,1,negative,2026-07-13,"Товар вообще никак не был упакован , и вот итог . Ребёнок расстроен . Как можно вообще не упаковывать . Кошмар какой то .",товар вообще никак не упакован итог ребёнок расстроен вообще не упаковывать кошмар,товар вообще никак не упаковать итог ребёнок расстроить вообще не упаковывать кошмар
13507,3535,Детские товары,5,positive,2026-06-20,"Продавец, упаковывайте в пленку, либо скотчем прихватите с двух сторон чтобы не открывалась коробка… Отказ в пункте выдачи. Цена Коробка никак не упакована. Пришла открытой. Не хватало 10 шт из пазла.",продавец упаковывайте пленку либо скотчем прихватите двух сторон не открывалась коробка отказ пункте выдачи цена коробка никак не упакована пришла открытой не хватало шт пазла,продавец упаковывать плёнка либо скотч прихватить два сторона не открываться коробка отказ пункт выдача цена коробок никак не упаковать прийти открытый не хватать шт пазл
13545,3543,Детские товары,5,positive,2025-02-24,"Сложный пазл с малкими деталями. Отлично для тех, ето уже умеет их обирать и хочет поскрипеть мозгами. Сын собирал пару дней с нашей помощью.",сложный пазл малкими деталями отлично тех ето умеет обирать хочет поскрипеть мозгами сын собирал пару дней нашей помощью,сложный пазл малкими деталь отличный тот ето уметь обирать хотеть поскрипеть мозг сын собирать пара день наш помощь
13573,3552,Детские товары,3,neutral,2026-07-01,"можно ли что то сделать с тем, что нет одной детали или нужно оформлять возврат и заказывать по новой? товар очень хороший, цвет яркий нет одной детальки",сделать нет одной детали нужно оформлять возврат заказывать новой товар очень хороший цвет яркий нет одной детальки,сделать нет одной деталь нужный оформлять возврат заказывать новый товар очень хороший цвет яркий нет одной деталька
13581,3555,Детские товары,5,positive,2025-04-12,"Покупала внуку на подарок. Переложу только в более удобные при открывании коробочки для ребенка (3 года). Приобрела сразу три вида. Спасибо изготовителю и продавцу. Рекомендую к покупке Пазлы качественно изготовлены, краска яркая. Всё хорошо",покупала внуку подарок переложу удобные открывании коробочки ребенка года приобрела сразу вида спасибо изготовителю продавцу рекомендую покупке пазлы качественно изготовлены краска яркая хорошо,покупать внук подарок переложу удобный открывание коробочка ребёнок год приобрести сразу вид спасибо изготовитель продавец рекомендовать покупка пазлы качественно изготовить краска яркий хороший
13602,3562,Детские товары,5,positive,2026-07-02,"Яркие узнаваемые картинки, гладенькие края фрагментов, интересные сюжеты. Надеюсь внуку понравится. Рекомендую. Спасибо продавцу за упаковку. Все пришло в отличном состоянии",яркие узнаваемые картинки гладенькие края фрагментов интересные сюжеты надеюсь внуку понравится рекомендую спасибо продавцу упаковку пришло отличном состоянии,яркий узнаваемый картинка гладенький край фрагмент интересный сюжет надеяться внук понравиться рекомендовать спасибо продавец упаковка прийти отличный состояние
13628,3570,Детские товары,5,positive,2026-06-25,"Все хорошо Все отлично, красивыц пазл, все детали Немного продавлена крышка, но не страшно, поскольку брала для себя. На подарок- было бы плохо",хорошо отлично красивыц пазл детали немного продавлена крышка не страшно поскольку брала подарок плохо,хороший отличный красивыц пазл деталь немного продавить крышка не страшный поскольку брать плохой
13658,3583,Детские товары,3,neutral,2026-06-24,"Пришло быстро, всё норм По рисунку на коробке пазл с трудом соберёт даже взрослый. И коробка не удобная, в отличии от коробок с крышками",пришло быстро норм рисунку коробке пазл трудом соберёт взрослый коробка не удобная отличии коробок крышками,прийти быстро норма рисунок коробка пазл труд соберёт взрослый коробка не удобный отличие коробка крышками
13659,3583,Детские товары,3,neutral,2025-07-03,"Пришла мятая коробка,хорошо,что брали на на подарок,а себе,ещё не собирали,до этого брали пазл с динозаврами,все было хорошо и светятся и коробка не помята,надеюсь в этот раз все пазлы будут на месте,жду внучку!Потом отзыв будет",пришла мятая коробка хорошо брали подарок не собирали брали пазл динозаврами хорошо светятся коробка не помята надеюсь пазлы будут месте жду внучку отзыв,прийти мятый коробка хороший брать подарок не собирать брать пазл динозавр хороший светиться коробка не помять надеяться пазл быть место ждать внучка отзыв
13688,3593,Детские товары,5,positive,2026-06-26,"Спасибо продавцу, мне понравились карандаши, радует есть Ф. И упаковщика, спасибо, жду ещё карандаши но менее штук. Рекомендую 👍 Прекрасная упаковка, яркие цвета.",спасибо продавцу понравились карандаши радует ф упаковщика спасибо жду карандаши менее штук рекомендую прекрасная упаковка яркие цвета,спасибо продавец понравиться карандаш радовать ф упаковщика спасибо ждать карандаш менее штука рекомендовать прекрасный упаковка яркий цвет
13728,3610,Детские товары,1,negative,2026-04-26,"Возвращаю тк очень твердый царапает поверхность, не яркий. Нет упаковки для хранения. Искала мягкий типа масляного в основе. Не подходит для наложения на красочный слой в деталях. Белого нет",возвращаю тк очень твердый царапает поверхность не яркий нет упаковки хранения искала мягкий типа масляного основе не подходит наложения красочный слой деталях белого нет,возвращать тк очень твёрдый царапать поверхность не яркий нет упаковка хранение искать мягкий тип масляный основа не подходить наложение красочный слой деталь белый нет
13757,3616,Детские товары,5,positive,2026-04-15,"Один набор вскрыла, ради интереса, проверила каждый предмет, всё в наличии, фломастеры пишут все, цвета яркие. Срок годности хороший. Огромное спасибо продавцу! Отличный товар! Здравствуйте! Отличный набор, каждый набор обтянут в плёнку, помимо этого упакован в индивидуальную коробку, коробка очень прочная, заказывала 28 штук на выпускной, все наборы пришли целые, без единой царапины и вмятины, от трёх наборов пришлось отказаться только потому что несколько ребят не выпускаются. Продавца рекомендую однозначно!",набор вскрыла ради интереса проверила каждый предмет наличии фломастеры пишут цвета яркие срок годности хороший огромное спасибо продавцу отличный товар здравствуйте отличный набор каждый набор обтянут плёнку помимо упакован индивидуальную коробку коробка очень прочная заказывала штук выпускной наборы пришли целые единой царапины вмятины трёх наборов пришлось отказаться несколько ребят не выпускаются продавца рекомендую однозначно,набор вскрыть ради интерес проверить каждый предмет наличие фломастер писать цвет яркий срок годность хороший огромный спасибо продавец отличный товар здравствовать отличный набор каждый набор обтянуть плёнка помимо упаковать индивидуальный коробка коробка очень прочный заказывать штука выпускной набор прийти целый единый царапина вмятина три набор прийтись отказаться несколько ребят не выпускаться продавец рекомендовать однозначно
13771,3620,Детские товары,5,positive,2026-02-27,"Красивые цвета, много разных оттенков! Дети несколько раз уже уронили пару карандашей, ничего не сломалось, все прекрасно. Спасибо! Отличные карандаши",красивые цвета разных оттенков дети несколько уронили пару карандашей не сломалось прекрасно спасибо отличные карандаши,красивый цвет разный оттенок ребёнок несколько уронить пара карандаш не сломаться прекрасный спасибо отличный карандаш
13823,3645,Детские товары,5,positive,2026-01-31,Внученька рада. Появился интерес к рисованию. Карандаши мягко рисуют и для малыша удобно удерживать и формировать правильный захват благодаря форме.,внученька рада появился интерес рисованию карандаши мягко рисуют малыша удобно удерживать формировать правильный захват благодаря форме,внученька рада появиться интерес рисование карандаш мягко рисовать малыш удобный удерживать формировать правильный захват благодаря форма
13838,3650,Детские товары,5,positive,2026-07-04,"Он идеален, мил, бел, пушист, мягок и влюбил в себя моего ребенка с первого взгляда, теперь они не разлучены! Я не люблю мягкие игрушки, но даже меня гусь покорил. Рекомендую!",идеален мил бел пушист мягок влюбил моего ребенка первого взгляда не разлучены не люблю мягкие игрушки гусь покорил рекомендую,идеальный мил бел пушист мягок влюбить мой ребёнок первый взгляд не разлучить не любить мягкий игрушка гусь покорить рекомендовать
13863,3659,Детские товары,2,negative,2026-07-20,"Игрушка, от слова совсем, не соответствует той, что на фото. Поэтому отказ. Заказывали на подарок, но такому подарку рады не будут.",игрушка слова не соответствует той фото поэтому отказ заказывали подарок такому подарку рады не будут,игрушка слово не соответствовать тот фото поэтому отказ заказывать подарок такой подарок рад не быть
13907,3677,Детские товары,4,positive,2026-07-24,"На игрушке дырка, но так как товар задержался, перезаказывать времени не было, пришлось забрать и зашивать самостоятельно, так как игрушка была на подарок",игрушке дырка товар задержался перезаказывать времени не пришлось забрать зашивать самостоятельно игрушка подарок,игрушка дырка товар задержаться перезаказывать время не прийтись забрать зашивать самостоятельно игрушка подарок
13951,3692,Детские товары,4,positive,2026-04-26,"Ооочень милая игрушка, такая красивая что не передать Пришла испачканная на розовом сердечке, спиртом оттерлось, жемчужинки под одним глазом не было, пришлось свою наклеить, брала на подарок, конечно игрушка в своей коробке вообще непрезентабельно выглядит",ооочень милая игрушка такая красивая не передать пришла испачканная розовом сердечке спиртом оттерлось жемчужинки одним глазом не пришлось наклеить брала подарок игрушка своей коробке вообще непрезентабельно выглядит,ооочень милый игрушка такой красивый не передать прийти испачкать розовый сердечке спирт оттереться жемчужинки одним глаз не прийтись наклеить брать подарок игрушка свой коробка вообще непрезентабельный выглядеть
14071,3737,Детские товары,5,positive,2026-07-21,"Обалденная игрушка🔥🔥🔥 пришла в отличном состоянии, хорошо упакована, батарейки прилагаются, всё работает, всё двигается , пищит, ходит ... 👍👍👍👍👍👍👍👍👍👍👍👍 супер игрушка 🔥🔥🔥🔥🔥🔥🔥🔥🔥🔥🔥🔥🔥🔥🔥🔥🔥🔥даже мы , взрослые, залипли 👍👍👍 очень рекомендую🔥🔥🔥",обалденная игрушка пришла отличном состоянии хорошо упакована батарейки прилагаются работает двигается пищит ходит супер игрушка взрослые залипли очень рекомендую,обалденный игрушка прийти отличный состояние хорошо упаковать батарейка прилагаться работать двигаться пищит ходить супер игрушка взрослый залипнуть очень рекомендовать
14102,3746,Детские товары,5,positive,2026-07-24,"В целом я не могу сказать что это плохая реплика. Отличий конечно очень много, но за такую цену они очень крутые. Если вам важно сходство с оригиналом то придётся переплатить. Жалко только что попалось два одинаковых (к сожалению мне нужен конкретно розовый) очень жаль что на это никак нельзя повлиять, придётся заказать ещё пару штук и надеется что в этот раз повезёт. У одного слегка слезла краска с носика, но я думаю в этом нет ничего критичного и это легко исправить акрилом. Ещё удивительная вещь, что вроде два одинаковых цвета, но они абсолютно разные, даже плотность и цвет резины на мордочке. Но как видите сшиты они ровно и это самое главное",целом не могу плохая реплика отличий очень такую цену очень крутые важно сходство оригиналом придётся переплатить жалко попалось одинаковых сожалению нужен конкретно розовый очень жаль никак повлиять придётся заказать пару штук надеется повезёт одного слегка слезла краска носика думаю нет критичного легко исправить акрилом удивительная вещь вроде одинаковых цвета абсолютно разные плотность цвет резины мордочке видите сшиты ровно самое главное,целое не мочь плохой реплика отличий очень такой цена очень крутой важный сходство оригинал придётся переплатить жалко попасться одинаковый сожаление нужный конкретно розовый очень жаль никак повлиять придётся заказать пара штука надеяться повезёт одного слегка слезла краска носик думать нет критичный лёгкий исправить акрил удивительный вещь вроде одинаковый цвет абсолютно разный плотность цвет резина мордочка видеть сшить ровно самое главный
14137,3760,Детские товары,3,neutral,2026-07-11,"Девушка довольна, но выглядит странно, я подумал что так и надо, но оказывается нет.. Уши кривые, когда стал фотографировать, нашел дырку. В общем за каждый косяк минус звезда, поэтому 3. Из плюсов: приятный на ощупь, не линяет, как бывает с некоторыми игрушками. Каких-то неприятных запахов нет. Цвет как на фото.",девушка довольна выглядит странно подумал оказывается нет уши кривые стал фотографировать нашел дырку общем каждый косяк минус звезда поэтому плюсов приятный ощупь не линяет бывает некоторыми игрушками каких-то неприятных запахов нет цвет фото,девушка довольный выглядеть странно подумать оказываться нет ухо кривой стать фотографировать найти дырка общий каждый косяк минус звезда поэтому плюс приятный ощупь не линять бывать некоторый игрушка какой неприятный запах нет цвет фото
14164,3771,Спорт и отдых,5,positive,2025-10-19,"Вложили удобную бумажку с подсказками по растяжке Спасибо !🤍 Клевый ковер. Думала будет немного другой текстуры. Но ничего, очень крутой, как в Пинтерест.",вложили удобную бумажку подсказками растяжке спасибо клевый ковер думала немного текстуры очень крутой пинтерест,вложить удобный бумажка подсказками растяжка спасибо клёвый ковёр думать немного текстура очень крутой пинтерест
14177,3773,Спорт и отдых,5,positive,2026-06-26,"⭐️⭐️⭐️⭐️⭐️ Заказывала коврик для йоги, а в итоге получила урок о том, что друзьям нельзя доверять забирать твои заказы. Он забрал коврик с пункта выдачи и с тех пор успешно уклоняется от его возвращения. Так что сама я на нем так и не позанималась. Надеюсь, хотя бы ему он помогает достичь внутреннего спокойствия. К товару претензий нет, а вот друга рекомендовать не могу. На фотке очень красивый",заказывала коврик йоги итоге получила урок друзьям доверять забирать твои заказы забрал коврик пункта выдачи тех пор успешно уклоняется возвращения сама нем не позанималась надеюсь хотя помогает достичь внутреннего спокойствия товару претензий нет друга рекомендовать не могу фотке очень красивый,заказывать коврик йога итог получить урок друг доверять забирать твой заказ забрать коврик пункт выдача тот пора успешно уклоняться возвращение сама нем не позаниматься надеяться хотя помогать достигнуть внутренний спокойствие товар претензия нет друга рекомендовать не мочь фотке очень красивый
14251,3786,Спорт и отдых,5,positive,2026-04-27,"Коврик трэвэл формата, какие от него могут быть ожидания, чтобы он складывался - он и будет тонким, это надо понимать перед покупкой. Не скользит, купила, сходила в студию - отлично позанималась с удовольствием. Да, конечно, он тонкий и нужно под него класть местный коврик. Но я для этого и брала, чтобы не тащить отдельно коврик в рулоне, взяла этот для рюкзака. Тактильно он очень приятный. Если вы хотите коврик, чтобы на нем можно было заниматься не подкладывая другой - так это и другой ценовой сегмент... Отличный коврик, тактильно приятный, не скользит Нет",коврик трэвэл формата какие могут ожидания складывался тонким понимать покупкой не скользит купила сходила студию отлично позанималась удовольствием тонкий нужно класть местный коврик брала не тащить отдельно коврик рулоне взяла рюкзака тактильно очень приятный хотите коврик нем заниматься не подкладывая ценовой сегмент отличный коврик тактильно приятный не скользит нет,коврик трэвэл формат какой мочь ожидание складываться тонкий понимать покупка не скользить купить сходить студия отлично позаниматься удовольствие тонкий нужный класть местный коврик брать не тащить отдельно коврик рулон взять рюкзак тактильно очень приятный хотеть коврик нем заниматься не подкладывать ценовой сегмент отличный коврик тактильно приятный не скользить нет
14304,3795,Спорт и отдых,4,positive,2024-12-03,"Не скользит. Это плюс Вроде неплохой Какие то пятна на коврике и круглый отпечаток. Вроде ерунда но почему я должеа платить деньги за товар с дефектом. Вот честно простр не понимаю, не теи копейки стоит.",не скользит плюс вроде неплохой какие пятна коврике круглый отпечаток вроде ерунда почему должеа платить деньги товар дефектом честно простр не понимаю не теи копейки стоит,не скользить плюс вроде неплохой какой пятно коврике круглый отпечаток вроде ерунда почему должеа платить деньга товар дефект честно простр не понимать не теи копейка стоить
14315,3797,Спорт и отдых,5,positive,2026-06-17,"Тяжелый, таскать его на себе может быть не очень удобно, но я купила для домашнего использования, так что для меня это не существенно. Это действительно нескользкий коврик, наконец-то руки не уезжают в собаке мордой вниз. Упаковка отличная (коробка, чехол, коврик проложен бумагой и запакован в пленку).",тяжелый таскать не очень удобно купила домашнего использования не существенно действительно нескользкий коврик наконец-то руки не уезжают собаке мордой вниз упаковка отличная коробка чехол коврик проложен бумагой запакован пленку,тяжёлый таскать не очень удобный купить домашний использование не существенный действительно нескользкий коврик рука не уезжать собака морда вниз упаковка отличный коробка чехол коврик проложить бумага запаковать плёнка
14330,3799,Спорт и отдых,5,positive,2024-05-19,"Этот коврик для фитнеса превзошел все мои ожидания. Он невероятно прочный и обеспечивает превосходную амортизацию, что делает мои тренировки более комфортным и безопасным. Толщина и плотность коврика поглощают удары и снижают нагрузку на мои суставы, что особенно важно для упражнений с высокой ударной нагрузкой. В целом, я настоятельно рекомендую этот коврик для фитнеса всем, кто ищет качественное, удобное и долговечное решение для своих тренировок.",коврик фитнеса превзошел мои ожидания невероятно прочный обеспечивает превосходную амортизацию делает мои тренировки комфортным безопасным толщина плотность коврика поглощают удары снижают нагрузку мои суставы особенно важно упражнений высокой ударной нагрузкой целом настоятельно рекомендую коврик фитнеса всем ищет качественное удобное долговечное решение своих тренировок,коврик фитнес превзойти мой ожидание невероятно прочный обеспечивать превосходный амортизация делать мой тренировка комфортный безопасный толщина плотность коврик поглощать удар снижать нагрузка мой сустав особенно важный упражнение высокий ударный нагрузка целое настоятельно рекомендовать коврик фитнес весь искать качественный удобный долговечный решение свой тренировка
14342,3803,Спорт и отдых,1,negative,2026-04-29,"Мягкий руки и ноги четко фиксируются Пятна от прикосновения с кожей остаются, и не отмываются даже с фейри.. Помыла водой повесила его на перекладину и он коснулся пакета *** окрасился от пакета так что отмыть невозможно. В общем за 3 применения коврик в пятнах. Запах очень неприятный. Не советую!",мягкий руки ноги четко фиксируются пятна прикосновения кожей остаются не отмываются фейри помыла водой повесила перекладину коснулся пакета окрасился пакета отмыть невозможно общем применения коврик пятнах запах очень неприятный не советую,мягкий рука нога четко фиксироваться пятно прикосновение кожа оставаться не отмываться фейри помыть вода повесить перекладина коснуться пакет окрасился пакет отмыть невозможный общий применение коврик пятнах запах очень неприятный не советовать
14411,3818,Спорт и отдых,5,positive,2026-06-01,"Коврик супер! Пришёл во время. Цвет огонь! Толщина 0,8. Хороший размер на высокий рост. Удобный чехол. Хотелось бы ручку, чтобы носить на плече.",коврик супер пришёл время цвет огонь толщина хороший размер высокий рост удобный чехол хотелось ручку носить плече,коврик супер прийти время цвет огонь толщина хороший размер высокий рост удобный чехол хотеться ручка носить плечо
14421,3820,Спорт и отдых,4,positive,2026-05-06,"Стоит учесть что он очень тонкий Хороший коврик, красивый цвет, пришел хорошо упакованный Запах особо не выветрился по прошествию нескольких недель, и становится даже ощутимее если на коврик попадает солнце.",стоит учесть очень тонкий хороший коврик красивый цвет пришел хорошо упакованный запах особо не выветрился прошествию нескольких недель становится ощутимее коврик попадает солнце,стоить учесть очень тонкий хороший коврик красивый цвет прийти хорошо упаковать запах особо не выветриться прошествие несколько неделя становиться ощутимее коврик попадать солнце
14426,3820,Спорт и отдых,5,positive,2026-02-14,"Крутой коврик, как и все у йогаматик! Но у этого коврика обалденное сцепление, какого нет в премиум ковриках с велюром. Для сухих рук идеально!",крутой коврик йогаматик коврика обалденное сцепление какого нет премиум ковриках велюром сухих рук идеально,крутой коврик йогаматик коврик обалденный сцепление какой нет премиум ковриках велюр сухой рука идеальный
14439,3823,Спорт и отдых,5,positive,2025-11-10,"В целом осталась довольна, пришел без заломов и повреждений, буду заниматься. Спасибо! Красивый яркий цвет фиолетовый с желтым кантом идеальное сочетание! Размер хороший Очень мягкий, не хватает плотности, что может сократить срок эксплуатации",целом осталась довольна пришел заломов повреждений буду заниматься спасибо красивый яркий цвет фиолетовый желтым кантом идеальное сочетание размер хороший очень мягкий не хватает плотности сократить срок эксплуатации,целое остаться довольный прийти залом повреждение быть заниматься спасибо красивый яркий цвет фиолетовый жёлтый кант идеальный сочетание размер хороший очень мягкий не хватать плотность сократить срок эксплуатация
14481,3831,Спорт и отдых,5,positive,2026-07-21,Пластик издавал женный запах но быстро выветрился. Надеюсь не таксично. Все пришло целое и в полной комплектации спасибо. Ребенок счастлив и я тоже)),пластик издавал женный запах быстро выветрился надеюсь не таксично пришло целое полной комплектации спасибо ребенок счастлив,пластик издавать женный запах быстро выветриться надеяться не таксичный прийти целый полный комплектация спасибо ребёнок счастливый
14489,3833,Спорт и отдых,5,positive,2026-07-24,"Гантели внуку понравились. Ставлю 5 звезд. Заказывала в качестве подарка в другой город. Все хорошо, правда задержали с доставкой на 2 дня, но для нас это не критично. Не знала, что гантели нельзя самим забрать с пункта выдачи, а только доставка курьером, а за это взяли оплату 50% от стоимости гантелей.",гантели внуку понравились ставлю звезд заказывала качестве подарка город хорошо правда задержали доставкой дня не критично не знала гантели самим забрать пункта выдачи доставка курьером взяли оплату стоимости гантелей,гантели внук понравиться ставить звезда заказывать качество подарок город хороший правда задержать доставка день не критичный не знать гантели самим забрать пункт выдача доставка курьер взять оплата стоимость гантелей
14493,3833,Спорт и отдых,5,positive,2026-07-19,"Доставили только блины без грифов. Порадовало, что продавец оперативно отработал и без вопросов выслал недостающие элементы. Огромный респект ему Отличный набор, даже веса соответствуют номиналу",доставили блины грифов порадовало продавец оперативно отработал вопросов выслал недостающие элементы огромный респект отличный набор веса соответствуют номиналу,доставить блин гриф порадовать продавец оперативно отработать вопрос выслать недоставать элемент огромный респект отличный набор вес соответствовать номинал
14561,3848,Спорт и отдых,5,positive,2026-07-04,В целом очень даже не плохо за свои деньги я очень доволен EW образный гриф просто прекрасен он мягкий в зоне хвата и хорошо фиксирует приручившиеся гантели так же много блинов и приспособлений из которых можно что то новое придумать гири можно использовать как подставку для блинов Упаковка довольно хреновая мягкие элементы помялись но это мелочи так же блины сами чем то обмазаны вонючим лучше их протирать,целом очень не плохо свои деньги очень доволен образный гриф просто прекрасен мягкий зоне хвата хорошо фиксирует приручившиеся гантели блинов приспособлений которых новое придумать гири использовать подставку блинов упаковка довольно хреновая мягкие элементы помялись мелочи блины сами обмазаны вонючим протирать,целое очень не плохой свой деньга очень довольный ew образный гриф просто прекрасный мягкий зона хват хорошо фиксировать приручившиеся гантели блин приспособление которых новый придумать гири использовать подставка блин упаковка довольно хреновая мягкий элемент помялись мелочь блин сами обмазать вонючим протирать
14579,3854,Спорт и отдых,1,negative,2026-04-27,"Товар не соответствует описанию, пришли 7 пластиковых дисков без заглушек, и даже без штанги на что вообще крепить эти блины..... Коробка пришла в таком виде как будто её самой Москвы пинали ногами....",товар не соответствует описанию пришли пластиковых дисков заглушек штанги вообще крепить блины коробка пришла таком виде её самой москвы пинали ногами,товар не соответствовать описание прийти пластиковый диск заглушка штанга вообще крепить блин коробка прийти такой вид её самой москва пинать нога
14599,3860,Спорт и отдых,5,positive,2026-07-12,"Все получили!! НО доставка- в мешке, с 7- ю наклейками, просто безобразие, все в скотче, лишь бы не выволилось, спасибо",получили доставка мешке ю наклейками просто безобразие скотче лишь не выволилось спасибо,получить мешок ю наклейка просто безобразие скотч лишь не выволилось спасибо
14603,3862,Спорт и отдых,5,positive,2026-07-18,"Гантели пришли без повреждений, но сам короб в котором они хранятся к сожалению поврежденный. Но это ничего, главное инвентарь целый, детишки довольные.",гантели пришли повреждений короб котором хранятся сожалению поврежденный главное инвентарь целый детишки довольные,гантели прийти повреждение короб котором храниться сожаление повредить главный инвентарь целый детишки довольный
14628,3870,Спорт и отдых,5,positive,2026-06-17,"Все четко!не стал заливать раствором,не захотел возиться,засыпал сухим,если залить будет больше вес.Горлышко от пластиковой бутылки подходит идеально.Пришлось повозиться пару часов,16 блинов засыпать!по совету из предыдущих отзывов заглушки обклеил скотчем чтоб не просыпалось .В итоге вес получился 44 кг.на фото видно.Отзанимался пару недель,в принципе доволен,хотя неудобно бывает некоторые упражнения, из за того что узкое расстояние штанги,когда все блины нагружены.вывод такой;есть небольшие неудобства,но как говорится кто хочет ищет возможности,чтоб заниматься,кто не хочет ищет причины!",четко не стал заливать раствором не захотел возиться засыпал сухим залить вес горлышко пластиковой бутылки подходит идеально пришлось повозиться пару часов блинов засыпать совету предыдущих отзывов заглушки обклеил скотчем не просыпалось итоге вес получился кг фото видно отзанимался пару недель принципе доволен хотя неудобно бывает некоторые упражнения узкое расстояние штанги блины нагружены вывод небольшие неудобства говорится хочет ищет возможности заниматься не хочет ищет причины,чёткий не стать заливать раствор не захотеть возиться засыпать сухой залить вес горлышко пластиковый бутылка подходить идеально прийтись повозиться пара блин засыпать совет предыдущий отзыв заглушка обклеить скотч не просыпаться итог вес получиться кг фото видно отзанимался пара неделя принцип довольный хотя неудобно бывать некоторый упражнение узкий расстояние штанга блин нагрузить вывод небольшой неудобство говориться хотеть искать возможность заниматься не хотеть искать причина
14637,3872,Спорт и отдых,5,positive,2025-09-08,"Качество хорошее. Приятные. Но для меня , к сожалению, большеваты. Не очень удобно держать. В зале поменьше были. Но цена огонь.",качество хорошее приятные сожалению большеваты не очень удобно держать зале поменьше цена огонь,качество хороший приятный сожаление большеваты не очень удобный держать зал маленький цена огонь
14638,3873,Спорт и отдых,1,negative,2026-05-27,"Гантели понравились 👍 Удобная форма, приятно держать в руках, покрытие мягкое и не скользит. Для домашних тренировок вес оптимальный, руки не устают слишком быстро. Качество хорошее, выглядят стильно и аккуратно. Пользуюсь с удовольствием 💜",гантели понравились удобная форма приятно держать руках покрытие мягкое не скользит домашних тренировок вес оптимальный руки не устают слишком быстро качество хорошее выглядят стильно аккуратно пользуюсь удовольствием,гантели понравиться удобный форма приятный держать рука покрытие мягкий не скользить домашний тренировка вес оптимальный рука не уставать слишком быстро качество хороший выглядеть стильно аккуратно пользоваться удовольствие
14663,3878,Спорт и отдых,5,positive,2026-03-27,"Все понравилось Все детали на месте, есть дополнительные резинки для зажима, памятка(руководстово) Упаковка - простая коробка, если разберешь, то не соберешь. Сама одна ручка для гантелей немного в масле была или в чем-то таком.",понравилось детали месте дополнительные резинки зажима памятка руководстово упаковка простая коробка разберешь не соберешь сама одна ручка гантелей немного масле чем-то таком,понравиться деталь место дополнительный резинка зажим упаковка простой коробка разберешь не соберешь сама одна ручка гантелей немного масло такой
14726,3899,Спорт и отдых,5,positive,2025-11-16,Так как все остальное ок не снял бал. Но выбрал этот товар из за кейса Упаковка была сломана. Стоит лучше упаковать,остальное ок не снял бал выбрал товар кейса упаковка сломана стоит упаковать,остальное ок не снять бал выбрать товар кейс упаковка сломать стоить упаковать
14732,3900,Спорт и отдых,1,negative,2026-07-01,"С таким качеством идите торговать на блошиный рынок , в жизни не куплю больше у вас ничего, ребята задумайтесь перед покупкой... Тянутся Рвутся",таким качеством идите торговать блошиный рынок жизни не куплю ребята задумайтесь покупкой тянутся рвутся,такой качество идти торговать блошиный рынок жизнь не купить ребята задумайтесь покупка тянутся рвутся
14749,3906,Спорт и отдых,5,positive,2026-07-15,"Доставка задержалась на 1 день. Должны были привезти 14 июля, а привезли 15 июля. Ну это не критично. Молилась чтобы пришел полный комплект и без изьянов. Все хорошо, мне повезло. Даже положили вроде ролик для пресса. Ну я так думаю. Я не поняла честно говоря что это и для чего. У меня были уже гантели разборные 20 кг, я с ними занималась 2 месяца и вот решила увеличить вес. Я довольна. Надеюсь 40 кг не понадобится. Я рекомендую продавца. Единственный минус это то что доставка платная.",доставка задержалась день должны привезти июля привезли июля не критично молилась пришел полный комплект изьянов хорошо повезло положили вроде ролик пресса думаю не поняла честно говоря гантели разборные кг ними занималась месяца решила увеличить вес довольна надеюсь кг не понадобится рекомендую продавца единственный минус доставка платная,доставка задержаться день должный привезти июль привезти июль не критичный молиться прийти полный комплект изьянов хороший повезти положить вроде ролик пресс думать не понять честно говорить гантели разборный кг ними заниматься месяц решить увеличить вес довольный надеяться кг не понадобиться рекомендовать продавец единственный минус доставка платный
14753,3907,Спорт и отдых,5,positive,2026-05-01,"Диски 1,25кг 8 штук. И маленькие по 0,5 кг 4 штуки. Каждая гантель весит 7,3 кг. Мне подходит. Небольшая разница На фото другие диски по 2кг",диски кг штук маленькие кг штуки каждая гантель весит кг подходит небольшая разница фото другие диски кг,диск кг штука маленький кг штука каждый гантель весить кг подходить небольшой разница фото другие диск кг
14771,3913,Спорт и отдых,3,neutral,2026-05-24,"Резины на тросе не хватает, болтов нет вообще. Собирайте как хотите. Болты снимали со старого велосипеда. А подходят не все. Очень разочарованы.",резины тросе не хватает болтов нет вообще собирайте хотите болты снимали старого велосипеда подходят не очень разочарованы,резины трос не хватать болт нет вообще собирать хотеть болт снимать старый велосипед подходить не очень разочаровать
14772,3913,Спорт и отдых,5,positive,2026-05-19,"Велик шикарный, это как Мерседес среди великов. Собирал его 5 часов со всеми регулировками. Огромное спасибо за инструкцию, подробную, но я воспользовался куар кодом в этой книжке и собирал по видео инструкции на рутубе. Шикарно, все понятно рассказано. Нет заглушек на педальный узел. Мне кажется они должны быть в комплекте",велик шикарный мерседес среди великов собирал часов всеми регулировками огромное спасибо инструкцию подробную воспользовался куар кодом книжке собирал видео инструкции рутубе шикарно понятно рассказано нет заглушек педальный узел кажется должны комплекте,большой шикарный мерседес среди велик собирать час весь регулировками огромный спасибо инструкция подробный воспользоваться куар код книжка собирать видео инструкция рутубе шикарно понятный рассказать нет заглушка педальный узел казаться должный комплект
14775,3913,Спорт и отдых,5,positive,2025-10-11,"Отличный велосипед, сыну понравился, наверное уже месяц катается и нареканий нет. Хорошо проварен, приехал целый без повреждений, комплект соответствует, купили за достаточно низкую цену.",отличный велосипед сыну понравился наверное месяц катается нареканий нет хорошо проварен приехал целый повреждений комплект соответствует купили достаточно низкую цену,отличный велосипед сын понравиться наверное месяц кататься нарекание нет хорошо проварить приехать целый повреждение комплект соответствовать купить достаточно низкий цена
14801,3917,Спорт и отдых,2,negative,2026-07-20,"При получении обращайте внимание на наличие резьбы на педалях, судя по отзывам и теперь уже личному опыту часто встречается её отсутствие((( Курьерам огромное спасибо за своевременную и качественную доставку товара и отзывчивость! Отсутствовала резьба на педалях, проскакивают скорости",получении обращайте внимание наличие резьбы педалях судя отзывам личному опыту часто встречается её отсутствие курьерам огромное спасибо своевременную качественную доставку товара отзывчивость отсутствовала резьба педалях проскакивают скорости,получение обращать внимание наличие резьба педаль судить отзыв личный опыт часто встречаться её отсутствие курьер огромный спасибо своевременный качественный доставка товар отзывчивость отсутствовать резьба педаль проскакивать скорость
14809,3917,Спорт и отдых,3,neutral,2026-06-19,"Продавец сделал вид ,что ему интересна проблема. В итоге в чате так проблема и не решилась ,продавец просто молчит .",продавец сделал вид интересна проблема итоге чате проблема не решилась продавец просто молчит,продавец сделать вид интересный проблема итог чат проблема не решиться продавец просто молчать
14812,3918,Спорт и отдых,5,positive,2026-07-25,"Все в целом здорово, велосипед симпатичный. По инструкции, ее толком нет, вернее в том виде что она есть, она вам мало чем поможет, но если руки растут откуда надо проблем не будет. По материалам, в целом то все хорошо, но китайцы любят мягкие металлы в соединительных элементах (болты/гайки) так что будьте нежны с такими узлами, рама норм, прикрепил детское сиденье я и ребенок довольны",целом здорово велосипед симпатичный инструкции толком нет вернее виде мало поможет руки растут откуда проблем не материалам целом хорошо китайцы любят мягкие металлы соединительных элементах болты гайки будьте нежны такими узлами рама норм прикрепил детское сиденье ребенок довольны,целое здорово велосипед симпатичный инструкция толком нет вернее вид мало помочь рука расти откуда проблема не материал целое хороший китаец любить мягкий металл соединительный элемент болт гайка быть нежный такой узел рама норма прикрепить детский сидение ребёнок довольный
14823,3919,Спорт и отдых,5,positive,2026-07-20,"Брал сыну-подростку. Нам обоим понравился. Красивый цвет, велосипед аккуратно и строго смотрится. Качественная рама, навеска и аксессуары. Довольно легкий вес (спасибо нетолстой раме и ригид-вилке), ход хороший. Скорости переключаются чётко и мягко. Собирается за 10 мин (из которых 5 - распаковка). Не потребовал никакой регулировки тормозов и переключателя скоростей. Собрал, сел, поехал. Что приятно удивило - наличие прилично толстого мануала с подробными инструкциями по сборке, настройке, обслуживанию и пр. Упакован был отлично, без повреждений доехал. В общем хороший велик за неВЕЛИКую цену Рекомендую.",брал сыну-подростку нам обоим понравился красивый цвет велосипед аккуратно строго смотрится качественная рама навеска аксессуары довольно легкий вес спасибо нетолстой раме ригид-вилке ход хороший скорости переключаются чётко мягко собирается мин которых распаковка не потребовал никакой регулировки тормозов переключателя скоростей собрал сел поехал приятно удивило наличие прилично толстого мануала подробными инструкциями сборке настройке обслуживанию пр упакован отлично повреждений доехал общем хороший велик не великую цену рекомендую,брать сын подросток нам оба понравиться красивый цвет велосипед аккуратно строго смотреться качественный рама навеска аксессуар довольно лёгкий вес спасибо нетолстый рама ригид вилке ход хороший скорость переключаются чётко мягко собираться мина которых распаковка не потребовать никакой регулировка тормоз переключатель скорость собрать сесть поехать приятно удивить наличие прилично толстый мануал подробный инструкция сборка настройка обслуживание упаковать отлично повреждение доехать общий хороший велик не великий цена рекомендовать
14833,3920,Спорт и отдых,5,positive,2026-07-20,Велик классный лёгкий удобный но доставка очень долгая почти десять дней шёл а так всё отлично ход лёгкий рекомендую продавца,велик классный лёгкий удобный доставка очень долгая десять дней шёл отлично ход лёгкий рекомендую продавца,большой классный лёгкий удобный доставка очень долгий десять день шёл отлично ход лёгкий рекомендовать продавец
14870,3923,Спорт и отдых,4,positive,2026-07-22,"В целом все супер. Полное соответствие цена качество. Но как у большинства хотелось за 3 копейки получить пушку бомбу🤣 Из первых неисправностей пока только задняя каретка раскрутилась пришлось регулировать. Ну в перспективе надо будет менять и заданию и переднию втулки родные дай бог сезон отходят , ну это и ожидаемо за такую сумму 😅 Цена Соответствует своей цене",целом супер полное соответствие цена качество большинства хотелось копейки получить пушку бомбу первых неисправностей пока задняя каретка раскрутилась пришлось регулировать перспективе менять заданию переднию втулки родные дай бог сезон отходят ожидаемо такую сумму цена соответствует своей цене,целое супер полный соответствие цена качество большинство хотеться копейка получить пушка бомба первый неисправность пока задний каретка раскрутиться прийтись регулировать перспектива менять задание переднию втулка родный дать бог сезон отходить ожидаемо такой сумма цена соответствовать свой цена
14892,3925,Спорт и отдых,5,positive,2026-07-21,"Отличный. Сам велик был почти собран полностью (заднее колесо). На осталось собрать только переднее и колесо и руль. В комплекте было все, что должно быть, кроме противоугоночного троса",отличный велик собран полностью заднее колесо осталось собрать переднее колесо руль комплекте должно кроме противоугоночного троса,отличный большой собрать полностью задний колесо остаться собрать передний колесо руль комплект должный кроме противоугоночного трос
14922,3928,Спорт и отдых,1,negative,2026-07-14,"Нету там эксцентриков- это раз. Во вторых на фото болта даже видно, что туда вилка не оденется- это два. Инструкцию я вашу не один раз пролистал и просмотрел видео - это три.",нету эксцентриков вторых фото болта видно туда вилка не оденется инструкцию вашу не пролистал просмотрел видео,нету второй фото болт видно туда вилка не инструкция ваш не пролистать просмотреть видео
15055,3944,Спорт и отдых,5,positive,2026-07-07,"Велосипед по первому впечатлению очень хороший, тем более за свои деньги, посмотрим как будет себя вести на дороге Хорошая сидушка Пока не обнаружено",велосипед первому впечатлению очень хороший свои деньги посмотрим вести дороге хорошая сидушка пока не обнаружено,велосипед первый впечатление очень хороший свой деньга посмотреть вести дорога хороший сидушка пока не обнаружить
15080,3949,Спорт и отдых,5,positive,2026-07-13,"Заказали на др сыну, очень ждали чтобы пришёл вовремя, но задержали доставку на 1 день. Но тут претензия не к продавцу. Сборка без инструкции, но муж быстро справился, минут за 40. Немного покоцаный, несмотря на то, что был обмотан в этих местах. Нам не критично, уж очень хотели именно эту модель. Отзыв пишу спустя несколько дней, велосипед супер, сын гоняет, доволен. Правда крылья пришлось снять, слабоваты. Особенно заднее.",заказали др сыну очень ждали пришёл вовремя задержали доставку день претензия не продавцу сборка инструкции муж быстро справился минут немного покоцаный несмотря обмотан этих местах нам не критично очень хотели именно модель отзыв пишу спустя несколько дней велосипед супер сын гоняет доволен правда крылья пришлось снять слабоваты особенно заднее,заказать др сын очень ждать прийти вовремя задержать доставка день претензия не продавец сборка инструкция муж быстро справиться минута немного покоцаный несмотря обмотать этот место нам не критично очень хотеть именно модель отзыв писать спустя несколько день велосипед супер сын гонять довольный правда крылья прийтись снять слабоваты особенно задний
15092,3950,Спорт и отдых,5,positive,2026-06-12,"Рекомендую Купил второй велосипед этой фирмы. И второй раз отличный велосипед. Велосипед за счёт отсутствия переднего амортизатора достаточно лёгкий. Едит мягко, плавно. Скорости переключаются хорошо. Сборка очень доступная.",рекомендую купил второй велосипед фирмы второй отличный велосипед велосипед счёт отсутствия переднего амортизатора достаточно лёгкий едит мягко плавно скорости переключаются хорошо сборка очень доступная,рекомендовать купить второй велосипед фирма второй отличный велосипед велосипед счёт отсутствие передний амортизатор достаточно лёгкий едит мягко плавно скорость переключаются хорошо сборка очень доступный
15111,3954,Спорт и отдых,5,positive,2026-07-14,"Пока только забрал и распоковал , отзыв дополню после сборки , вроде на первый взягля все целое и все в наличии",пока забрал распоковал отзыв дополню сборки вроде первый взягля целое наличии,пока забрать распоковал отзыв дополню сборка вроде первый взягля целый наличие
15120,3955,Спорт и отдых,5,positive,2026-07-08,"Рекомендую к покупке. Отличный велосипед. На рост 186см, взял 21 раму, и не ошибся. Цвет красивый. Отличный велосипед, за небольшие деньги. Пришёл в срок, упаковка целая, комплектность полная, сборка заняла полчаса. Рекомендую к покупке.",рекомендую покупке отличный велосипед рост см взял раму не ошибся цвет красивый отличный велосипед небольшие деньги пришёл срок упаковка целая комплектность полная сборка заняла полчаса рекомендую покупке,рекомендовать покупка отличный велосипед рост см взять рама не ошибиться цвет красивый отличный велосипед небольшой деньга прийти срок упаковка целый комплектность полный сборка занять полчаса рекомендовать покупка
15233,3974,Спорт и отдых,1,negative,2026-04-07,"Продавец отвечает на вопросы через раз, неуважение к покупателю, не хочется после этого иметь дело в принципе с платформой ВБ. Товар пришёл с повреждениями",продавец отвечает вопросы неуважение покупателю не хочется иметь дело принципе платформой вб товар пришёл повреждениями,продавец отвечать вопрос неуважение покупатель не хотеться иметь дело принцип платформа вб товар прийти повреждение
15239,3975,Спорт и отдых,5,positive,2026-06-28,"Брал дочери, очень довольна. Пришол очень быстпр и в срок. Упакован довольно хорошо. Продавцу огромное спасибо, советую продовца покупателям. Велосипед хорош, очень яркий, оригигальный дизайн. Недостатков нет, разве, что в моем случае необходимо дополнительная настройка 3 - ей передачи недовключается и туговато включать.",брал дочери очень довольна пришол очень быстпр срок упакован довольно хорошо продавцу огромное спасибо советую продовца покупателям велосипед хорош очень яркий оригигальный дизайн недостатков нет моем случае необходимо дополнительная настройка передачи недовключается туговато включать,брать дочь очень довольный пришол очень быстпр срок упаковать довольно хороший продавец огромный спасибо советовать продовца покупатель велосипед хороший очень яркий оригигальный дизайн недостаток нет мой случай необходимый дополнительный настройка передача недовключается туговато включать
15245,3976,Спорт и отдых,4,positive,2026-07-10,"Дополняю отзыв. После настройки ""скоростей"" стало получше +1. Тормоза притерлись что ли, стало несколько лучше, но все равно буду пытаться их настроить, может получится добиться торможения в юз, пока на это они не способны. Колеса за сутки спустили 5psi - не знаю может от температуры. В целом мне стало чуть больше нравиться.",дополняю отзыв настройки скоростей стало получше тормоза притерлись стало несколько равно буду пытаться настроить получится добиться торможения юз пока не способны колеса сутки спустили не знаю температуры целом стало нравиться,дополнять отзыв настройка скорость стать хороший тормоз притереться стать несколько равный быть пытаться настроить получиться добиться торможение юз пока не способный колесо сутки спустить psi не знать температура целое стать нравиться
15256,3976,Спорт и отдых,5,positive,2025-11-13,"Отличный велосипед! Легкий, поднимается одной рукой. Формфактор позволит кастомизировать велосипед подДля себя поменяю ведущую звезду на более большую, в данной комплектации смог разогнаться только до 32км/ч по прямой. Конечно, совсем скоро будет Лёгкий",отличный велосипед легкий поднимается одной рукой формфактор позволит кастомизировать велосипед поменяю ведущую звезду большую данной комплектации смог разогнаться км ч прямой скоро лёгкий,отличный велосипед лёгкий подниматься одной рука формфактор позволить кастомизировать велосипед поменяю вести звезда больший данной комплектация смочь разогнаться км ч прямой скоро лёгкий
15265,3978,Спорт и отдых,5,positive,2026-07-06,"Велосипед отличный! Собран на 90%, остаётся установить руль, переднее колесо и седло. Собрала сама за полчаса. Брала доче, 10 лет. Рост 140. Катается без проблем. Инструкция на русском языке. Упакован очень хорошо, доставка быстрая. Рекомендую!!! Качество! Быстрая доставка! Упаковка! Быстрая сборка! Все так!!!!",велосипед отличный собран остаётся установить руль переднее колесо седло собрала сама полчаса брала доче лет рост катается проблем инструкция русском языке упакован очень хорошо доставка быстрая рекомендую качество быстрая доставка упаковка быстрая сборка,велосипед отличный собрать оставаться установить руль передний колесо седло собрать сама полчаса брать доче год рост кататься проблема инструкция русский язык упаковать очень хорошо доставка быстрый рекомендовать качество быстрый доставка упаковка быстрый сборка
15282,3979,Спорт и отдых,1,negative,2026-06-12,"Не берите Цвет Данный велосипед придется еще настраивать самостоятельно. Обе машинки переключения передач идут под замену. От бренда Shimano только наклейка, а так, обычная подделка. Оба колеса ведет восьмеркой. Лучше доплатите немного денег и возьмите в специализированном магазине",не берите цвет данный велосипед придется настраивать самостоятельно обе машинки переключения передач идут замену бренда наклейка обычная подделка оба колеса ведет восьмеркой доплатите немного денег возьмите специализированном магазине,не брать цвет данный велосипед прийтись настраивать самостоятельно оба машинка переключение передача идти замена бренд shimano наклейка обычный подделка оба колесо вести восьмеркой доплатить немного деньга взять специализированный магазин
15319,3985,Спорт и отдых,2,negative,2026-06-21,"Инструкция не понятная, пришлось собирать без нее. Написали в чат, чтобы прислали код на видео по сборке, третий день тишина. Велосипед то собрали. Но не можем настроить, чтобы переключались скорости правильно. Приходиться везди в другой город настраивать. Просто ужас. Никакого удовольствия от подарка. На картинке красивый. Собрали красивый. Не можем настриить переключатель скоростей",инструкция не понятная пришлось собирать написали чат прислали код видео сборке третий день тишина велосипед собрали не можем настроить переключались скорости правильно приходиться везди город настраивать просто ужас никакого удовольствия подарка картинке красивый собрали красивый не можем настриить переключатель скоростей,инструкция не понятный прийтись собирать написать чат прислать код видео сборка третий день тишина велосипед собрать не мочь настроить переключались скорость правильно приходиться везди город настраивать просто ужас никакой удовольствие подарок картинка красивый собрать красивый не мочь настриить переключатель скорость
15326,3985,Спорт и отдых,5,positive,2026-05-10,"Собрали с сыном. Видео по сборке помогло( . Коробку с фурнитурой покрепче бы сделать доехала открытая расыпалось хорошо ничего не потерялось но могло. Резьба на заднем крепоение под тормоз плохо нарезано. Выглядит стильно, тот факт что надо самому собирать дал хорошее время проведеное с сыном и он начал понимать как все устроенно. Спасибо",собрали сыном видео сборке помогло коробку фурнитурой покрепче сделать доехала открытая расыпалось хорошо не потерялось могло резьба заднем крепоение тормоз плохо нарезано выглядит стильно факт самому собирать дал хорошее время проведеное сыном начал понимать устроенно спасибо,собрать сын видео сборка помочь коробка фурнитура покрепче сделать доехать открытый расыпалось хорошо не потеряться мочь резьба задний крепоение тормоз плохо нарезать выглядеть стильно факт самому собирать дать хороший время проведеное сын начать понимать устроенный спасибо
15354,3988,Спорт и отдых,5,positive,2026-06-22,"Здравствуйте, велосипед просто вау, но к сожалению у него есть дефекты, переднее колесо с небольшим люфтом, заднее так вообще с восьмеркой, аж задевает за раму, как можно решить этот вопрос, избегая обратной доставки, так как велосипед уже полностью собран, может быть вы сможете отправить мне другое колесо? Практически все, не смотря на то, что имеются дефекты( Колесо ходит восьмеркой.",здравствуйте велосипед просто вау сожалению дефекты переднее колесо небольшим люфтом заднее вообще восьмеркой аж задевает раму решить вопрос избегая обратной доставки велосипед полностью собран сможете отправить другое колесо практически не смотря имеются дефекты колесо ходит восьмеркой,здравствовать велосипед просто вау сожаление дефект передний колесо небольшой люфт задний вообще восьмеркой аж задевать рама решить вопрос избегать обратный доставка велосипед полностью собрать смочь отправить другое колесо практически не смотреть иметься дефект колесо ходить восьмеркой
15412,3997,Спорт и отдых,5,positive,2026-03-18,"Велик — огонь! Собрал за 20 минут. Скорости переключаются четко, тормоза дисковые, схватывают моментально. Выглядит дорого и солидно. Для дачи и выездов на природу самое то, в сложенном виде занимает минимум места в коридоре",велик огонь собрал минут скорости переключаются четко тормоза дисковые схватывают моментально выглядит дорого солидно дачи выездов природу самое сложенном виде занимает минимум места коридоре,большой огонь собрать минута скорость переключаются четко тормоза дисковый схватывать моментально выглядеть дорого солидно дача выезд природа самое сложённый вид занимать минимум место коридор
15430,4004,Спорт и отдых,5,positive,2026-07-24,"Велик хороший. Комплект полный.Но видео сборки полная шляпа. Я со своим техническим образованием еще разобрался. Но для кого-то, возможно, придется кого-нибудь просить собрать, нет ключей, хоть бы шестигранник положили. И седло жёсткое нужно докупать поудобней.",велик хороший комплект полный видео сборки полная шляпа своим техническим образованием разобрался кого-то возможно придется кого-нибудь просить собрать нет ключей шестигранник положили седло жёсткое нужно докупать поудобней,большой хороший комплект полный видео сборка полный шляпа свой технический образование разобраться кто возможно прийтись кто просить собрать нет ключ шестигранник положить седло жёсткий нужный докупать поудобней
15441,4004,Спорт и отдых,5,positive,2026-06-14,Велосипедом полностью доволен! Собрал за три часа без особых проблем. Крылья пришлось докупить. Осталось отрегулировать всё под себя и обкатать. К покупке рекомендую!,велосипедом полностью доволен собрал часа особых проблем крылья пришлось докупить осталось отрегулировать обкатать покупке рекомендую,велосипед полностью довольный собрать час особый проблема крыло прийтись докупить остаться отрегулировать обкатать покупка рекомендовать
15500,4014,Спорт и отдых,1,negative,2026-07-13,"При вскрытии под камерой,была обнаружена вскрытый пакет,где был небрежно запихон костюм.При осмотре куртки была обнаружена зацепка на капюшоне,Все показали работнику.Естественно вернули костюм.Верните деньги!Хорошо,хоть все вскрывали и вели осмотр под камерой!",вскрытии камерой обнаружена вскрытый пакет небрежно запихон костюм осмотре куртки обнаружена зацепка капюшоне показали работнику естественно вернули костюм верните деньги хорошо вскрывали вели осмотр камерой,вскрытие камера обнаружить вскрытый пакет небрежно запихон костюм осмотр куртка обнаружить зацепка капюшоне показать работник естественно вернуть костюм вернуть деньга хороший вскрывать вести осмотр камера
15544,4033,Спорт и отдых,5,positive,2026-07-17,"Стильный, качественный костюм. Внучка сразу оценила. Рады, что наш отечественный товар не уступает иностранным фирмам ни по дизайну, ни по качеству. Спасибо и производителям и Вайлдберриз.",стильный качественный костюм внучка сразу оценила рады наш отечественный товар не уступает иностранным фирмам ни дизайну ни качеству спасибо производителям вайлдберриз,стильный качественный костюм внучка сразу оценить рад наш отечественный товар не уступать иностранный фирма ни дизайн ни качество спасибо производитель вайлдберриз
15548,4034,Спорт и отдых,3,neutral,2026-07-24,"Заказала костюмы в том году и в этом, качество стало хуже , выкупила, просто очень нужен костюм такой , поэтому выкупила .Указано хлопок 95%, но там его не такое количество, видео сразу , почему , изменилось качество костюмов ?",заказала костюмы году качество стало хуже выкупила просто очень нужен костюм поэтому выкупила указано хлопок не такое количество видео сразу почему изменилось качество костюмов,заказать костюм год качество стать плохой выкупить просто очень нужный костюм поэтому выкупить указать хлопок не такой количество видео сразу почему измениться качество костюм
15560,4037,Спорт и отдых,1,negative,2026-07-23,"Как ранее и писали разная ткань у шорт и футболки на ношении не отразилось, НО после первой стирки в 30 градусов белая окантовка на футболке окрасилась, теперь а ней только картоху копать. Очень разочарована, костюм хорошо сидел.",ранее писали разная ткань шорт футболки ношении не отразилось первой стирки градусов белая окантовка футболке окрасилась картоху копать очень разочарована костюм хорошо сидел,ранее писать разный ткань шорт футболка ношение не отразиться первый стирка градус белый окантовка футболка окраситься картоху копать очень разочаровать костюм хорошо сидеть
15592,4045,Спорт и отдых,5,positive,2026-07-18,"Хороший костюм, тёплый и мягкий, на не высокий рост хорошо, для меня главное, что кофта не длинная, штаны на резинке внизу, широкого манжета нет , это плюс. Цвет очень темно синий, мне понравился. Цена по акции, за что спасибо так же. Доставка вовремя и упаковка хорошая.",хороший костюм тёплый мягкий не высокий рост хорошо главное кофта не длинная штаны резинке внизу широкого манжета нет плюс цвет очень темно синий понравился цена акции спасибо доставка вовремя упаковка хорошая,хороший костюм тёплый мягкий не высокий рост хорошо главный кофта не длинный штаны резинка внизу широкий манжета нет плюс цвет очень темно синий понравиться цена акция спасибо доставка вовремя упаковка хороший
15620,4055,Спорт и отдых,4,positive,2026-06-27,"Симпатичный костюм. Сел очень хорошо на муже. Как по мне , то плртноватапя ткань для лета. А так приятный по цвету и фасону. Кое-где торчат нитки, что обидно за эти деньги. За это снимаю звезду. В целом, рекомендую",симпатичный костюм сел очень хорошо муже плртноватапя ткань лета приятный цвету фасону кое-где торчат нитки обидно деньги снимаю звезду целом рекомендую,симпатичный костюм сесть очень хорошо муже плртноватапя ткань лето приятный цвет фасон кое торчать нитка обидный деньга снимать звезда целое рекомендовать
15643,4064,Спорт и отдых,5,positive,2026-07-22,"Для дома - пойдёт. Удобный, НО на мой 42-44 шорты постоянно зажигаются и становятся трусами) думаю, для девочку 46р это будет еще более неудобным. На попе просвечивают сильно. Чашки в топе ездят туда-сюда, нужно следить, чтобы не убегали 😅 Для 406₽ ожидаемое качество. Если бы не пара нюансов, было бы идеально",дома пойдёт удобный шорты постоянно зажигаются становятся трусами думаю девочку р неудобным попе просвечивают сильно чашки топе ездят туда-сюда нужно следить не убегали ожидаемое качество не пара нюансов идеально,дом пойдёт удобный шорты постоянно зажигаться становиться трус думать девочка р неудобный поп просвечивать сильно чашка топ ездить туда сюда нужный следить не убегали ожидаемое качество не пара нюанс идеальный
15665,4075,Спорт и отдых,5,positive,2024-12-20,Отличное качество. Мягкий не стоит колом хоть и с начесом. Горловина хорошо тянется. Рукав мягкий не толстый дол верхнюю одежду самое то! Спасибо! Дороговат 😊,отличное качество мягкий не стоит колом начесом горловина хорошо тянется рукав мягкий не толстый дол верхнюю одежду самое спасибо дороговат,отличный качество мягкий не стоить кол начёс горловина хорошо тянуться рукав мягкий не толстый дол верхний одежда самое спасибо дороговат
15674,4077,Спорт и отдых,5,positive,2025-10-09,"Классный костюм за адекватную стоимость. Ребенок просто выбрал другой. И этот был большеват. Видимо большемерит, потому что сын ростом 136 и брюки можно смело подворачивать. В целом это не минус, в таких костюмах не особо видно, но имейте ввиду, кому нужно прям чтобы в размер был.",классный костюм адекватную стоимость ребенок просто выбрал большеват видимо большемерит сын ростом брюки смело подворачивать целом не минус таких костюмах не особо видно имейте ввиду кому нужно прям размер,классный костюм адекватный стоимость ребёнок просто выбрать большеватый видимо большемерит сын рост брюки смело подворачивать целое не минус такой костюм не особо видно иметь ввиду кто нужный прям размер
15713,4093,Спорт и отдых,5,positive,2026-07-02,"Смотрится очень классно. Штаны, ожидаемо, длинные. Собрали на площадке кучу комплиментов и просьб на ссылку товара. Штаны пришлось собрать на резинку внизу, иначе волочатся по земле.",смотрится очень классно штаны ожидаемо длинные собрали площадке кучу комплиментов просьб ссылку товара штаны пришлось собрать резинку внизу иначе волочатся земле,смотреться очень классно штаны ожидать длинный собрать площадка куча комплимент просьба ссылка товар штаны прийтись собрать резинка внизу иначе волочатся земля
15719,4096,Спорт и отдых,5,positive,2023-05-24,"По размеру подошёл на рост 110-116, хороший костюм, правда я думала он будет теплее, но это видимо я перепутала сама ткань)",размеру подошёл рост хороший костюм правда думала теплее видимо перепутала сама ткань,размер подойти рост хороший костюм правда думать тёплый видимо перепутать сама ткань
15759,4109,Спорт и отдых,4,positive,2026-06-01,"За свои 500 руб конечно оправдывает красивый вид. Жаль что нельзя поставить оценку 4 большим минусом. Термос красивый, удобный, заваривала душистые травы-ситечко в тему. Минус-не держит горячее состояние воды положенные 12часов. Заварила мяту с мелиссой с собой на работу в 8утра, а к 12 он был средней температуры, около 70 градусов, в 3часа дня стал ещё более остывшим. И это летом, что будет зимой?",свои руб оправдывает красивый вид жаль поставить оценку большим минусом термос красивый удобный заваривала душистые травы-ситечко тему минус-не держит горячее состояние воды положенные часов заварила мяту мелиссой собой работу утра средней температуры около градусов часа дня стал остывшим летом зимой,свой руб оправдывать красивый вид жаль поставить оценка больший минус термос красивый удобный заваривать душистый травы ситечко тема минус не держать горячий состояние вода положенный час заварить мяту мелисса себя работа утро средний температура около градус час день стать остыть лето зима
15760,4109,Спорт и отдых,3,neutral,2026-02-18,"На ПВЗ проверяла крышку, казалось нормально будет работать. Но факт в том, что как только в термос наливаешь жидкость и кладёшь хотя бы на бок, протекает. Да, не сильно, но и это для термоса не норма. Про удержание тепла. Купила я этот термос, чтобы заваривать шиповник. Так вот времени удержания тепла не хватило, чтобы его заварить. Покупка может и не совсем для меня бессмысленная, но своих функций полноценно не выполняет. Расстроена, так как надежды были Красивый. Без повреждений Мало держит тепло, не герметично закрывается",пвз проверяла крышку казалось нормально работать факт термос наливаешь жидкость кладёшь хотя бок протекает не сильно термоса не норма удержание тепла купила термос заваривать шиповник времени удержания тепла не хватило заварить покупка не бессмысленная своих функций полноценно не выполняет расстроена надежды красивый повреждений мало держит тепло не герметично закрывается,пвз проверять крышка казаться нормально работать факт термос наливать жидкость кладёшь хотя бок протекать не сильно термос не норма удержание тепло купить термос заваривать шиповник время удержание тепло не хватить заварить покупка не бессмысленный свой функция полноценно не выполнять расстроить надежда красивый повреждение мало держать тепло не герметично закрываться
15767,4112,Спорт и отдых,5,positive,2026-03-23,"Холод ещё не сохраняли, но тепло держит, как заявлено. Отличная вещь, легкая, тепло держит, но сама при этом не нагревается. Спасибо продавцу!",холод не сохраняли тепло держит заявлено отличная вещь легкая тепло держит сама не нагревается спасибо продавцу,холод не сохранять тепло держать заявить отличный вещь лёгкий тепло держать сама не нагреваться спасибо продавец
15806,4122,Спорт и отдых,5,positive,2026-07-20,"Прекрасный термос. Брала для похода, очень спасал. Темп держит долго, чай был всегда горячим, что в горах немало важно. Рекомендую",прекрасный термос брала похода очень спасал темп держит долго чай горячим горах немало важно рекомендую,прекрасный термос брать поход очень спасать темп держать долго чай горячий гора немало важный рекомендовать
15852,4134,Спорт и отдых,5,positive,2026-05-19,Заваривать с травой 24 часа высокую температуру не держит. Но так все устраивает. Жаль только что на термос нет ручки,заваривать травой часа высокую температуру не держит устраивает жаль термос нет ручки,заваривать трава час высокий температура не держать устраивать жаль термос нет ручка
15875,4138,Спорт и отдых,1,negative,2026-03-15,"Внешний вид Очень сильно нагревается при наличии горячего, в руки взять невозможно, надеюсь, что это просто брак! Пока ответа от продавца не дождалась...",внешний вид очень сильно нагревается наличии горячего руки взять невозможно надеюсь просто брак пока ответа продавца не дождалась,внешний вид очень сильно нагреваться наличие горячего рука взять невозможный надеяться просто брак пока ответ продавец не дождаться
15908,4144,Спорт и отдых,3,neutral,2024-11-25,"Качественный удобный термос Не держит от слова совсем,купила чтобы в машине была теплая вода пить ,решила проверить налила кипяток в 12 часов через 6 часов в помещении вода остыла до температуры помещения соответственно в машине даже 3 часа не выдержит при минусовой температуре",качественный удобный термос не держит слова купила машине теплая вода пить решила проверить налила кипяток часов часов помещении вода остыла температуры помещения соответственно машине часа не выдержит минусовой температуре,качественный удобный термос не держать слово купить машина тёплый вода пить решить проверить налить кипяток час час помещение вода остыть температура помещение соответственно машина час не выдержать минусовый температура
15934,4150,Спорт и отдых,5,positive,2025-10-01,"Идеальный термос для школьников. Лучший из всех, которые мы пробовали, а их было немало. Если кажется, что цена высоковата, поверьте, качество намного выше!",идеальный термос школьников лучший которые пробовали немало кажется цена высоковата поверьте качество намного выше,идеальный термос школьник хороший которые пробовать немалый казаться цена высоковата поверить качество намного высоко
15952,4157,Спорт и отдых,5,positive,2026-03-31,В целом я довольна. Спасибо. Термос отличный. Тепло держит отлично. Не посмотрела на заявленную высоту. Очень высокий. Не влезает в сумку. Если не закрывать защелку на клапане открывается от лёгкого нажатия.,целом довольна спасибо термос отличный тепло держит отлично не посмотрела заявленную высоту очень высокий не влезает сумку не закрывать защелку клапане открывается лёгкого нажатия,целое довольный спасибо термос отличный тепло держать отлично не посмотреть заявленную высота очень высокий не влезать сумка не закрывать защёлка клапан открываться лёгкий нажатие
15976,4162,Спорт и отдых,5,positive,2026-07-13,"Классный термос! Коробка, правда убитая, но сам термос в порядке. Съёмная тканевая ручка была внутри самого балона. Брала в подарок. Посмотрим как себя он покажет в походе.",классный термос коробка правда убитая термос порядке съёмная тканевая ручка внутри самого балона брала подарок посмотрим покажет походе,классный термос коробка правда убить термос порядок съёмный тканевый ручка внутри самого балона брать подарок посмотреть показать поход
16025,4171,Спорт и отдых,5,positive,2026-06-29,"Отличная вещь! Отпечатков пальцев не оставляет, тепло/холод держит достаточно. Объем устраивает - ни больше, ни меньше не надо. Удобно, что крышка фиксируется при открытии. Муж доволен - это самое главное. Порадовала быстрая доставка 👍",отличная вещь отпечатков пальцев не оставляет тепло холод держит достаточно объем устраивает ни ни меньше не удобно крышка фиксируется открытии муж доволен самое главное порадовала быстрая доставка,отличный вещь отпечаток палец не оставлять тепло холод держать достаточно объём устраивать ни ни маленький не удобный крышка фиксироваться открытие муж довольный самое главный порадовать быстрый доставка
16043,4173,Спорт и отдых,5,positive,2026-01-12,"Хорошая термокружка в авто и не только... Хорошо держит тепло. Сделал чаю в дорогу и спустя три часа напиток ещё обжигал... Пил маленькими глотками. По моему мнению это лучшая кружка, что у меня была... Рекомендую к покупке.",хорошая термокружка авто не хорошо держит тепло сделал чаю дорогу спустя часа напиток обжигал пил маленькими глотками моему мнению лучшая кружка рекомендую покупке,хороший термокружка авто не хорошо держать тепло сделать чаю дорога спустя час напиток обжигать пить маленький глоток мой мнение хороший кружка рекомендовать покупка
16047,4174,Спорт и отдых,3,neutral,2026-07-14,"Возможно он неисправный. Так как нагреваться снаружи термос на должен Компактный термос , удобно брать с собой Практически не держит кипяток. Через пару часов полностью остывшая. И при жили сам сильно горячий снаружи , невозможно держать в руке",возможно неисправный нагреваться снаружи термос должен компактный термос удобно брать собой практически не держит кипяток пару часов полностью остывшая жили сильно горячий снаружи невозможно держать руке,возможный неисправный нагреваться снаружи термос должный компактный термос удобный брать себя практически не держать кипяток пара час полностью остыть жить сильно горячий снаружи невозможный держать рука
16051,4175,Спорт и отдых,5,positive,2025-09-23,"Термос превосходный! Красивые расцветки! Очень удобный объём! Внутри есть сеточка и таймер на крышке, это супер функция! Универсальный, подойдёт для сохранения в нем тёплыми напитки и для сохранения холодными в жаркую погоду! Всем рекомендую к покупке! Купила детям разных цветов! И себе для тренировок!",термос превосходный красивые расцветки очень удобный объём внутри сеточка таймер крышке супер функция универсальный подойдёт сохранения нем тёплыми напитки сохранения холодными жаркую погоду всем рекомендую покупке купила детям разных цветов тренировок,термос превосходный красивый расцветка очень удобный объём внутри сеточка таймер крышка супер функция универсальный подойти сохранение нем тёплый напиток сохранение холодный жаркий погода весь рекомендовать покупка купить ребёнок разный цвет тренировка
16093,4185,Спорт и отдых,5,positive,2025-12-09,"Отличная термокружка, хорошо держит тепло. Внешний вид и качество просто огонь. Рисунок- гравировка. Ничего с ним не будет. Вечный. Цвет черный матовый в руке приятный. Нет",отличная термокружка хорошо держит тепло внешний вид качество просто огонь рисунок гравировка не вечный цвет черный матовый руке приятный нет,отличный термокружка хорошо держать тепло внешний вид качество просто огонь гравировка не вечный цвет чёрный матовый рука приятный нет
16097,4186,Спорт и отдых,4,positive,2025-12-09,"Приобрела в апреле 24 года за смешные деньги - лучшее соотношение цены и качества! Если правильно ставить резинку и грамотно заливать напиток, то не течет. Удобный носик для питья. До сих пор служит на ежедневной основе. Из минусов: довольно быстро облупилась краска, видимо от носки в рюкзаке. Пользоваться уже не солидно, нужно кружку менять) но за такую стоимость можно менять хоть каждые полгода",приобрела апреле года смешные деньги лучшее соотношение цены качества правильно ставить резинку грамотно заливать напиток не течет удобный носик питья сих пор служит ежедневной основе минусов довольно быстро облупилась краска видимо носки рюкзаке пользоваться не солидно нужно кружку менять такую стоимость менять каждые полгода,приобрести апрель год смешной деньга хороший соотношение цена качество правильный ставить резинка грамотно заливать напиток не течь удобный носик питие сей пора служить ежедневный основа минус довольно быстро облупилась краска видимо носка рюкзак пользоваться не солидно нужный кружка менять такой стоимость менять каждый полгода
16135,4197,Спорт и отдых,5,positive,2026-02-14,Покупали 3 термоса от данного производителя перед новым годом. Всем довольны .тепло держит .само покрытие термоса качественное.нареканий нет .рекомендую .,покупали термоса данного производителя новым годом всем довольны тепло держит само покрытие термоса качественное нареканий нет рекомендую,покупать термос данного производитель новый год всем довольный тепло держать само покрытие термос качественный нарекание нет рекомендовать
16149,4199,Спорт и отдых,5,positive,2025-12-29,"В принципе отличный термос на вид приятный,стильный берёшь в руки добротный такое приятное ощущение качества залил в кипяток в 20:00 в 8:00 утра градусов 60",принципе отличный термос вид приятный стильный берёшь руки добротный такое приятное ощущение качества залил кипяток утра градусов,принцип отличный термос вид приятный стильный берёшь рука добротный такой приятный ощущение качество залить кипяток утро градус
16176,4206,Спорт и отдых,5,positive,2024-11-21,"Заказывала мужу, он в восторге. Размер для подстаканника его машины идеальный, не болтается. Покупалась кружка с целью ""кофе утром по дороге дом-работа"". В прежней кружке остывал где-то на полпути, в этой остается горячим еще долго. Не протекает, пить удобно. Долго не остывает напиток.",заказывала мужу восторге размер подстаканника машины идеальный не болтается покупалась кружка целью кофе утром дороге дом-работа прежней кружке остывал где-то полпути остается горячим долго не протекает пить удобно долго не остывает напиток,заказывать муж восторг размер подстаканник машина идеальный не болтаться покупаться кружка цель кофе утро дорога дом работа прежний кружка остывал полпути оставаться горячий долго не протекать пить удобно долго не остывать напиток
16193,4210,Спорт и отдых,5,positive,2026-06-30,"Отличный термос, прекрасно держит горячий чай, были по службе на дежурстве с 20 вечера до 4 утра, на утро температура чая в термосе 46С . Очень удобно открывается одним нажатием на кнопку и отличная идея с ситечком, рекомендую.",отличный термос прекрасно держит горячий чай службе дежурстве вечера утра утро температура чая термосе очень удобно открывается одним нажатием кнопку отличная идея ситечком рекомендую,отличный термос прекрасно держать горячий чай служба дежурство вечер утро утро температура чай термос очень удобно открываться одним нажатие кнопка отличный идея ситечком рекомендовать
16220,4215,Спорт и отдых,5,positive,2025-03-19,"Отличный термос, комфортно держать в руке 550 мл оптимально брать с собой погулять на небольшие расстояния на 1 человека Качество, удобная крышка, герметичность, держит кипяток",отличный термос комфортно держать руке мл оптимально брать собой погулять небольшие расстояния человека качество удобная крышка герметичность держит кипяток,отличный термос комфортно держать рука мл оптимально брать себя погулять небольшой расстояние человек качество удобный крышка герметичность держать кипяток
16248,4222,Спорт и отдых,1,negative,2026-07-16,"Настолько некачественной формовки деталей я давно не видел, ни одна деталь не входит в свои позы, уже на первом этапе сборки по инструкции я не смог вставить не одну деталь в другую, там где казалось бы толщина металла не позволит ему погнуться, он гнется просто из за того что ты вставляешь одну трубу в другую, краска в момент сборки вся ооблазиет, и не из за того что детали плотно друг к другу прилегают а из за того что пока ты их вставляешь через костыли они труться друг об друга, в общем мое мнение что это не турник а просто чермет👎",настолько некачественной формовки деталей давно не видел ни одна деталь не входит свои позы первом этапе сборки инструкции не смог вставить не одну деталь другую казалось толщина металла не позволит погнуться гнется просто вставляешь одну трубу другую краска момент сборки вся ооблазиет не детали плотно друг другу прилегают пока вставляешь костыли труться друг друга общем мое мнение не турник просто чермет,настолько некачественный формовка деталь давно не видеть ни одна деталь не входить свой поза первый этап сборка инструкция не смочь вставить не одну деталь другую казаться толщина металл не позволить погнуться гнуться просто вставлять одну труба другую краска момент сборка весь ооблазиет не деталь плотно друг другу прилегать пока вставлять костыль труться друг друга общий мой мнение не турник просто чермет
16267,4227,Спорт и отдых,5,positive,2026-06-03,"Отличный турник, легко установить и убрать, при этом совсем ничего не придётся сверлить или вкручивать, также могу сказать что прочный, видно что из качественных материалов, также есть поролоновые накладки чтоб не натирало руки, в проём 85 см отлично подошёл, однозначно 5 звёзд)))",отличный турник легко установить убрать не придётся сверлить вкручивать также могу прочный видно качественных материалов также поролоновые накладки не натирало руки проём см отлично подошёл однозначно звёзд,отличный турник лёгкий установить убрать не придётся сверлить вкручивать также мочь прочный видно качественный материал также поролоновый накладка не натирать рука проём см отлично подойти однозначно звезда
16297,4233,Спорт и отдых,5,positive,2025-10-27,"Турник отличный 👍 по весу тяжёленький как и положено. Нагрузку держит , мои 70 и плюс ➕ дочка 20 ! Как и заявлено 👍 Продавцу спасибо 🤝👊👍Рекомендую 👍",турник отличный весу тяжёленький положено нагрузку держит мои плюс дочка заявлено продавцу спасибо рекомендую,турник отличный вес тяжёленький положенный нагрузка держать мой плюс дочка заявить продавец спасибо рекомендовать
16316,4240,Спорт и отдых,5,positive,2026-03-01,"Выбирала турник с возможностью разных хватов и не ошиблась. Удобно подтягиваться, вся семья довольна.Доставили быстро и вовремя. Рекомендую к покупке. Отличный турник! Закрепили без проблем, крепёж в комплекте.",выбирала турник возможностью разных хватов не ошиблась удобно подтягиваться вся семья довольна доставили быстро вовремя рекомендую покупке отличный турник закрепили проблем крепёж комплекте,выбирать турник возможность разный хват не ошибиться удобный подтягиваться весь семья довольный доставить быстро вовремя рекомендовать покупка отличный турник закрепить проблема крепёж комплект
16324,4241,Спорт и отдых,5,positive,2020-11-10,"Получил полный комплект + две заглушки в запасе оказались. Советую, монтируется на стену за 20 минут! К качеству турника и доставке никаких претензий, пришло что заказал.",получил полный комплект две заглушки запасе оказались советую монтируется стену минут качеству турника доставке никаких претензий пришло заказал,получить полный комплект два заглушка запас оказаться советовать монтироваться стена минута качество турник доставка никакой претензия прийти заказать
16355,4249,Спорт и отдых,3,neutral,2026-05-02,Да как может круглая палка в круглой дырке не прокручиваться? И материал стены тут никак помочь не может. Я естественно затягивал его двумя ключами!,круглая палка круглой дырке не прокручиваться материал стены никак помочь не естественно затягивал двумя ключами,круглый палка круглый дырка не прокручиваться материал стена никак помочь не естественно затягивал два ключ
16362,4250,Спорт и отдых,5,positive,2026-02-08,"Все нармалды, шатались ручки и сам турник, но изоленты намотал 3 слоя, и все намертво держится, надеюсь не *** в ближайшие 3 года Изи бриджи, бриджи изи",нармалды шатались ручки турник изоленты намотал слоя намертво держится надеюсь не ближайшие года изи бриджи бриджи изи,нармалды шатались ручка турник изоленты намотать слой намертво держаться надеяться не близкий год изи бриджи бридж изи
16363,4250,Спорт и отдых,4,positive,2026-01-22,"поставрл на стену, все гораздо лучше но все же, + грипсы довольно плохие, плоские и рельеф натирает. спасибоьза обратную связь",поставрл стену гораздо грипсы довольно плохие плоские рельеф натирает спасибоьза обратную связь,поставрл стена гораздо грипсы довольно плохой плоский рельеф натирать спасибоьза обратный связь
16425,4263,Спорт и отдых,5,positive,2024-04-28,"К качеству турника претензий нету, всё супер! А вот к Вайлдберриз есть: коробку пинали и рвали по ходу в каждом распределительном центре, где-то *** одну стойку. В пвз не проверил, не было времени.",качеству турника претензий нету супер вайлдберриз коробку пинали рвали ходу каждом распределительном центре где-то одну стойку пвз не проверил не времени,качество турник претензия нету супер вайлдберриз коробка пинать рвать ход каждый распределительный центр одну стойка пвз не проверить не время
16517,4284,Спорт и отдых,1,negative,2026-01-29,"Совершенно хлипкая не жёсткая конструкция, с соблюдением всех правил не держится на стенах из за сильного прогибания. Не соответствует описанию, должен быть возврат. При первой установке были причины не использовать, возможно получить травму слетев вместе с ним на пол.",совершенно хлипкая не жёсткая конструкция соблюдением правил не держится стенах сильного прогибания не соответствует описанию должен возврат первой установке причины не использовать возможно получить травму слетев вместе пол,совершенно хлипкий не жёсткий конструкция соблюдение правило не держаться стена сильный прогибание не соответствовать описание должный возврат первый установка причина не использовать возможный получить травма слетев вместе пол
16541,4288,Спорт и отдых,5,positive,2023-12-25,"Замечательный турник. Есть множество разных хватов. Не заскучаешь подходить! Красивый. Эстетичный! Есть возможности подвесить качели, и (или) же подвесить боксерскую грушу. Хороший спортивный товар",замечательный турник множество разных хватов не заскучаешь подходить красивый эстетичный возможности подвесить качели подвесить боксерскую грушу хороший спортивный товар,замечательный турник множество разный хват не заскучаешь подходить красивый эстетичный возможность подвесить качели подвесить боксёрский груша хороший спортивный товар
16542,4288,Спорт и отдых,5,positive,2023-12-12,Турник просто огонь!!! Тут 5 звезд мало🙃было бы 10 поставил все 10.(есть с чем сравнивать) .Пришел вовремя. Комплект полный. Упаковано добротно.главное собирать по инструкции 😉(инструкцию бы цветную👆было бы неплохо),турник просто огонь звезд мало поставил сравнивать пришел вовремя комплект полный упаковано добротно главное собирать инструкции инструкцию цветную неплохо,турник просто огонь звезда мало поставить сравнивать прийти вовремя комплект полный упаковать добротно главный собирать инструкция инструкция цветной неплохой
16558,4291,Спорт и отдых,5,positive,2026-02-05,"Турник классный.Сыну очень нравится. Металл не тонкий. Купил с рифлением. Для уверенности купил другие анкеры,в комплекте с турником были крепления, но взял помощнее. Вообщем берите, не пожалеете. Смотрел в спортивном магазине за 1000-2000 р, совершенно другое качество исполнения. Минусов нет",турник классный сыну очень нравится металл не тонкий купил рифлением уверенности купил другие анкеры комплекте турником крепления взял помощнее вообщем берите не пожалеете смотрел спортивном магазине р совершенно другое качество исполнения минусов нет,турник классный сын очень нравиться металл не тонкий купить рифление уверенность купить другие анкер комплект турник крепление взять мощный вообщем берите не пожалеете смотреть спортивный магазин р совершенно другое качество исполнение минус нет
16596,4298,Спорт и отдых,5,positive,2025-02-22,Отличный турник Крепление из толстого металла - 5мм и 4мм. Труба длинная - 97см и не тонкая - 33мм. Всего два небольших сварных шва и они выглядят отлично. Покрашено отлично. В комплекте и шурупы с дюбелями и анкера. Колпачки на каждый шуруп и гайку. Недостатков просто нет,отличный турник крепление толстого металла мм мм труба длинная см не тонкая мм небольших сварных шва выглядят отлично покрашено отлично комплекте шурупы дюбелями анкера колпачки каждый шуруп гайку недостатков просто нет,отличный турник крепление толстый металл мм мм труба длинный см не тонкий мм небольшой сварной шва выглядеть отлично покрасить отлично комплект шуруп дюбелями анкер колпачки каждый шуруп гайка недостаток просто нет
16625,4303,Спорт и отдых,5,positive,2026-06-24,"упаковка с двух сторон открытая была, не завернули в упаковочный пакет , хорошо детали скотчем прикрепили не растерялись, а так , хорошо,установили дома, каждое утро занимаюсь , спасибо",упаковка двух сторон открытая не завернули упаковочный пакет хорошо детали скотчем прикрепили не растерялись хорошо установили дома каждое утро занимаюсь спасибо,упаковка два сторона открытый не завернуть упаковочный пакет хорошо деталь скотч прикрепить не растеряться хорошо установить дома каждый утро заниматься спасибо
16651,4309,Спорт и отдых,5,positive,2026-07-10,"Эти резинки для фитнеса очень хорошего качества и презентабельного вида. Заказ пришёл быстро и хорошо упакован. Но, для моих восстановительных тренировок пришлось отдать предпочтение комплекту с меньшей нагрузкой. Спасибо за доставку. Извините за хлопоты.",резинки фитнеса очень хорошего качества презентабельного вида заказ пришёл быстро хорошо упакован моих восстановительных тренировок пришлось отдать предпочтение комплекту меньшей нагрузкой спасибо доставку извините хлопоты,резинка фитнес очень хороший качество презентабельный вид заказ прийти быстро хорошо упаковать мой восстановительный тренировка прийтись отдать предпочтение комплект малый нагрузка спасибо доставка извинить хлопоты
16675,4320,Спорт и отдых,5,positive,2026-01-22,"Отличные резинки,, для начинающих там резинки разной группы натяжки, слабые, посильнее, я выбрала сильную, мне 64 года, через 2 дня прошло правое пяточное сухожилие, а есть ли у производителя отдельно резинки самой плотной натяжки? Ответьте, девочки, кому хочется поддержать свое здоровье, заказывайте, так интересно со всеми этими не дорогими приспособления заниматься,, спасибо",отличные резинки начинающих резинки разной группы натяжки слабые посильнее выбрала сильную года дня прошло правое пяточное сухожилие производителя отдельно резинки самой плотной натяжки ответьте девочки кому хочется поддержать свое здоровье заказывайте интересно всеми этими не дорогими приспособления заниматься спасибо,отличный резинка начинать резинки разный группа натяжка слабый посильнее выбрать сильный год день пройти правый пяточный сухожилие производитель отдельно резинка самой плотный натяжка ответить девочка кто хотеться поддержать свой здоровье заказывайте интересный весь этот не дорогой приспособление заниматься спасибо
16701,4327,Спорт и отдых,2,negative,2026-07-09,"Хорошая ширина, поэтому не скатываются, как узкие. Почти нет разницы в сопротивлении. Единственная более или менее нормальная резинка - самая слабая, потому что она самая длинная. Две другие тянутся так же, но они короче, поэтому просто в какой-то момент ограничивают движение полностью, потому что ткань сама не тянется. Ты в середине движени упираешься в тупик и все. Получается ужасно маленький диапазон движения. То есть где можно было бы поднять ногу выше, шире, реально задействовать мышцы, ты не можешь это сделать, так как длины резинки не хватает.",хорошая ширина поэтому не скатываются узкие нет разницы сопротивлении единственная менее нормальная резинка самая слабая самая длинная две другие тянутся короче поэтому просто какой-то момент ограничивают движение полностью ткань сама не тянется середине движени упираешься тупик получается ужасно маленький диапазон движения поднять ногу выше шире реально задействовать мышцы не можешь сделать длины резинки не хватает,хороший ширина поэтому не скатываться узкий нет разница сопротивление единственный менее нормальный резинка самая слабый самая длинный два другие тянуться короткий поэтому просто момент ограничивать движение полностью ткань сама не тянуться середина движени упираешься тупик получаться ужасно маленький диапазон движение поднять нога выше широкий реально задействовать мышца не мочь сделать длина резинка не хватать
16706,4330,Спорт и отдых,4,positive,2026-07-13,"Резинки не плохие за свои деньги, пришли хорошо упакованы, мешочек в подарок для хранения. Скатываются, слипаются между собой, заниматься не очень удобно",резинки не плохие свои деньги пришли хорошо упакованы мешочек подарок хранения скатываются слипаются собой заниматься не очень удобно,резинки не плохой свой деньга прийти хорошо упаковать мешочек подарок хранение скатываться слипаться себя заниматься не очень удобный
16752,4345,Спорт и отдых,5,positive,2026-07-20,"Фитнес резинки тугие, при занятиях придётся прикладывать силу,что очень важно. Видно, что изготовлены из высокопрочного материала. Понравились. И всегда приятно получать бонус в виде патч, спасибо, приятно.",фитнес резинки тугие занятиях придётся прикладывать силу очень важно видно изготовлены высокопрочного материала понравились приятно получать бонус виде патч спасибо приятно,фитнес резинка тугой занятие придётся прикладывать сила очень важный видно изготовить высокопрочный материал понравиться приятный получать бонус вид патч спасибо приятный
16765,4346,Спорт и отдых,5,positive,2026-06-01,"Очень удобный фитнес резины, приходит в компактный упаковке, в аккуратном мешочке, удобно носить с собой или брать в поездку (поместились в ручной клади). Красивые цвета, очень нежно. Четыре вариации натяжения – это очень удобно. По сравнению с другими производителями с тяжелой резиной можно работать – огромный плюс Компактная упаковка, стильные цвета, хорошее натяжение, градация отягощения Не нашла",очень удобный фитнес резины приходит компактный упаковке аккуратном мешочке удобно носить собой брать поездку поместились ручной клади красивые цвета очень нежно четыре вариации натяжения очень удобно сравнению другими производителями тяжелой резиной работать огромный плюс компактная упаковка стильные цвета хорошее натяжение градация отягощения не нашла,очень удобный фитнес резина приходить компактный упаковка аккуратный мешочек удобный носить себя брать поездка поместились ручной кладь красивый цвет очень нежный четыре вариация натяжение очень удобный сравнение другими производитель тяжёлый резина работать огромный плюс компактный упаковка стильный цвет хороший натяжение градация отягощение не найти
16787,4353,Спорт и отдых,5,positive,2025-09-12,"Давно хотели приобрести фитнес-резинки и ленточный эспандер для домашних тренировок, остались очень довольны. Резинки очень эффективны, разные уровни натяжения, все пришло в красивом мешочке, упаковка качественная, Спасибо Продавцу.",давно хотели приобрести фитнес-резинки ленточный эспандер домашних тренировок остались очень довольны резинки очень эффективны разные уровни натяжения пришло красивом мешочке упаковка качественная спасибо продавцу,давно хотеть приобрести фитнес резинки ленточный эспандер домашний тренировка остаться очень довольный резинки очень эффективный разный уровень натяжение прийти красивый мешочек упаковка качественный спасибо продавец
16804,4359,Продукты питания,5,positive,2026-07-21,"Благодарю Анну за прекрасную упаковку, все дошло в чудесном виде. Спасибо за подарочек! Мой любимый кофе!!☕️ пью только его! Процветания Вашему магазину и успешных продаж!!!😘😘😘",благодарю анну прекрасную упаковку дошло чудесном виде спасибо подарочек любимый кофе пью процветания вашему магазину успешных продаж,благодарить анна прекрасный упаковка дойти чудесный вид спасибо подарочек любимый пить процветание ваш магазин успешный продажа
16832,4374,Продукты питания,5,positive,2026-06-20,"Всегда стараюсь пить этот кофе, когда скидки и возможности есть. Я , обычно, его покупаю к новогодним праздникам ик дню рождения! Спасибо большое продавцу, рекомендую 👍 Кофе отличный",стараюсь пить кофе скидки возможности обычно покупаю новогодним праздникам ик дню рождения спасибо большое продавцу рекомендую кофе отличный,стараться пить кофе скидка возможность обычно покупать новогодний праздник ик день рождение спасибо большое продавец рекомендовать кофе отличный
16862,4382,Продукты питания,5,positive,2025-04-10,"Очень вкусный кофе. Как в кофейне😁Насыщеный вкус, пенка, ванильный ароматизатор - не противный химический, а приятный гармоничный, усиливающий вкус самого кофе. Обязательно закажу ещё 👍",очень вкусный кофе кофейне насыщеный вкус пенка ванильный ароматизатор не противный химический приятный гармоничный усиливающий вкус самого кофе обязательно закажу,очень вкусный кофе кофейня насыщеный вкус пенка ванильный ароматизатор не противный химический приятный гармоничный усиливать вкус самого кофе обязательно заказать
16900,4399,Продукты питания,5,positive,2026-07-19,"Итак, на этот раз я решил купить у вас уже восемь банок. Что же будет дальше? 😂 Все банки в отличном состоянии! 🙏 Так, так, — то было, как видите, в прошлый раз 9 июня. А сегодня 19 июля. Это значит 6 ваших банок мне хватило ровно на 40 дней. У меня там, кстати, ещё где-то на одну, две чашки осталось из предыдущей партии, последней банки, как вы видите на фотке. 😅",итак решил купить восемь банок дальше банки отличном состоянии видите прошлый июня июля значит ваших банок хватило ровно дней кстати где-то одну две чашки осталось предыдущей партии последней банки видите фотке,итак решить купить восемь банка далёкий банк отличный состояние видеть прошлый июнь июль значить ваш банка хватить ровно день кстати одну два чашка остаться предыдущий партия последний банка видеть фотке
16903,4401,Продукты питания,5,positive,2026-03-31,"Спасибо за сборку продавцу и сборщикам. Все хорошо упаковано. Пью этот кофе уже давно . Мягкий вкус , приятный аромат. Рекомендую👍 Минусов нет.",спасибо сборку продавцу сборщикам хорошо упаковано пью кофе давно мягкий вкус приятный аромат рекомендую минусов нет,спасибо сборка продавец сборщик хорошо упаковать пить кофе давно мягкий вкус приятный аромат рекомендовать минус нет
16996,4427,Продукты питания,4,positive,2024-07-16,"ну средненько, горчинка в норме, вкус мне напоминает небезызвестный турецкий кофе, который продается везде. в общем и целом брать можно для разнообразия, иногда. упакован был в толстый пакет, упаковка герметичная, без повреждений, срок годности в норме",средненько горчинка норме вкус напоминает небезызвестный турецкий кофе который продается везде общем целом брать разнообразия упакован толстый пакет упаковка герметичная повреждений срок годности норме,средненький горчинка норма вкус напоминать небезызвестный турецкий кофе который продаваться везде общий целое брать разнообразие упаковать толстый пакет упаковка герметичный повреждение срок годность норма
17022,4435,Продукты питания,4,positive,2026-06-21,"За помол я бы поставила 3 ⭐, видны остатки не перемолотых кофейных зерен, вижу такое впервые. Яркого запаха кофе нет, пенка средней плотности. Чувствуется горечь. Послевкусие :горечь , чуть кислинка. Не моё кофе, люблю более мягкий вкус.",помол поставила видны остатки не перемолотых кофейных зерен вижу такое впервые яркого запаха кофе нет пенка средней плотности чувствуется горечь послевкусие горечь кислинка не моё кофе люблю мягкий вкус,помол поставить видный остаток не перемолоть кофейный зерно видеть такой впервые яркий запах кофе нет пенка средний плотность чувствоваться горечь послевкусие горечь кислинка не моё кофе любить мягкий вкус
17039,4441,Продукты питания,5,positive,2026-03-31,"Робуста — мой новый фаворит! Крепкий, ароматный, с благородной горчинкой и оттенками шоколада. Завариваю в турке — получается идеально. Бодрит моментально, вкус насыщенный, без кислинки. Упаковка удобная, помол ровный. Однозначно рекомендую всем, кто любит покрепче!",робуста новый фаворит крепкий ароматный благородной горчинкой оттенками шоколада завариваю турке получается идеально бодрит моментально вкус насыщенный кислинки упаковка удобная помол ровный однозначно рекомендую всем любит покрепче,робуста новый фаворит крепкий ароматный благородный горчинка оттенок шоколад заваривать турке получаться идеально бодрить моментально вкус насыщенный кислинка упаковка удобный помол ровный однозначно рекомендовать весь любить покрепче
17113,4465,Продукты питания,3,neutral,2026-07-10,"Всегда заказываю кофе этой марки,и отличный кофе👍, решила попробовать чай, но ,к сожалению, не могу найти хороший, этот чай очень красивый, насыщенный цвет, но ни вкуса ,ни запаха,ни терпкости",заказываю кофе марки отличный кофе решила попробовать чай сожалению не могу найти хороший чай очень красивый насыщенный цвет ни вкуса ни запаха ни терпкости,заказывать кофе марка отличный кофе решить попробовать чай сожаление не мочь найти хороший чай очень красивый насыщенный цвет ни вкус ни запах ни терпкость
17116,4467,Продукты питания,5,positive,2026-07-24,"Очень вкусный чай. В нашей семье кофе практически никто не употребляет, но в нашей коллекции чаев этот занимает достойное место!",очень вкусный чай нашей семье кофе практически никто не употребляет нашей коллекции чаев занимает достойное место,очень вкусный чай наш семья кофе практически никто не употреблять наш коллекция чаев занимать достойный место
17180,4498,Продукты питания,5,positive,2026-06-22,"Заказ пришёл раньше на 2 дня за это отдельное спасибо. Чай очень вкусный даже не ожидала что мне понравится, зеленый чай не люблю совсем пробовала много раз но этот с удовольствием пили, действительно карамельно молочный вкус, запах приятный спасибо продавцу и WB. Рекомендую к покупке",заказ пришёл раньше дня отдельное спасибо чай очень вкусный не ожидала понравится зеленый чай не люблю пробовала удовольствием пили действительно карамельно молочный вкус запах приятный спасибо продавцу рекомендую покупке,заказ прийти ранний день отдельный спасибо чай очень вкусный не ожидать понравиться зелёный чай не любить пробовать удовольствие пить действительно карамельный молочный вкус запах приятный спасибо продавец wb рекомендовать покупка
17204,4506,Продукты питания,4,positive,2026-05-03,"Чай хороший, беру другие из вашего ассортимента, но этот показался менее насыщенным, ожидания были завышенными. Но на каждый день, пойдет🙏❤️",чай хороший беру другие вашего ассортимента показался менее насыщенным ожидания завышенными каждый день пойдет,чай хороший беру другие ваш ассортимент показаться менее насыщенный ожидание завышенными каждый день пойти
17249,4528,Продукты питания,5,positive,2026-06-18,"Качество чая прекрасное, беру не в первый раз. В упаковке шёл подарок, небольшая пиала. Приятный бонус. Прекрасно упакован в плотную коробку.",качество чая прекрасное беру не первый упаковке шёл подарок небольшая пиала приятный бонус прекрасно упакован плотную коробку,качество чай прекрасный бер не первый упаковка шёл подарок небольшой пиала приятный бонус прекрасно упаковать плотный коробка
17308,4553,Продукты питания,5,positive,2026-07-10,"Все в порядке, чай вкусный, срок годности отличный. Рекомендую. Доставка на два дня раньше. Цена у этого продавца была самая дешевая.",порядке чай вкусный срок годности отличный рекомендую доставка дня раньше цена продавца самая дешевая,порядок чай вкусный срок годность отличный рекомендовать доставка день ранний цена продавец самая дешёвый
17379,4579,Продукты питания,5,positive,2025-05-12,"Чай очень понравился ☺️. У него аромат более утонченный, и напоминает карамель что-ли. Листочки хорошего качества, без веток и прочего. Пробую разные чаи, на данный момент - это (кенийский FOP) мой фаворит.",чай очень понравился аромат утонченный напоминает карамель что-ли листочки хорошего качества веток прочего пробую разные чаи данный момент кенийский фаворит,чай очень понравиться аромат утончённый напоминать карамель листочек хороший качество ветка прочего пробую разный чай данный момент кенийский fop фаворит
17470,4611,Продукты питания,1,negative,2026-07-24,"ООО очень мало орехов, одни крахмальные резиновые цукаты и изюм. Кешью и фундука совсем практически нет. Лучше добавить немного денег и приобрести ореховую смесь без изюма и остального мусора....",оо очень мало орехов одни крахмальные резиновые цукаты изюм кешью фундука практически нет добавить немного денег приобрести ореховую смесь изюма остального мусора,оо очень мало орех один крахмальный резиновый цукат изюм кешью фундука практически нет добавить немного деньга приобрести ореховый смесь изюм остального мусор
17471,4611,Продукты питания,2,negative,2026-07-20,"Сроки нормальные, но смесь ужасная по качеству (видимо условия хранения нарушены). Забирал муж, не проверил в пвз, а зря. Раньше брали все было в порядке, на этот раз не повезло, больше брать не буду. Не рекомендую, ну или обязательно проверять перед получением.",сроки нормальные смесь ужасная качеству видимо условия хранения нарушены забирал муж не проверил пвз зря раньше брали порядке не повезло брать не буду не рекомендую обязательно проверять получением,срок нормальный смесь ужасный качество видимо условие хранение нарушить забирать муж не проверить пвз зря ранний брать порядок не повезти брать не быть не рекомендовать обязательно проверять получение
17502,4620,Продукты питания,5,positive,2026-05-13,"Заказала набор орехов, всё пришло аккуратно упаковано. Орехи свежие, вкусные, без странного запаха и мусора. Удобно брать для перекуса или добавлять в кашу и десерты. В целом набор понравился, буду заказывать ещё.",заказала набор орехов пришло аккуратно упаковано орехи свежие вкусные странного запаха мусора удобно брать перекуса добавлять кашу десерты целом набор понравился буду заказывать,заказать набор орех прийти аккуратно упаковать орех свежий вкусный странный запах мусор удобный брать перекус добавлять каша десерт целое набор понравиться быть заказывать
17553,4634,Продукты питания,5,positive,2026-07-21,"Вкусный Восток. Курага без косточек пришла хорошо упакована без брака и повреждениий,мягкая,чистая одна к одной , нравятся взрослым и детям, рекомендую к покупке.",вкусный восток курага косточек пришла хорошо упакована брака повреждениий мягкая чистая одна одной нравятся взрослым детям рекомендую покупке,вкусный восток курага косточка прийти хорошо упаковать брак повреждениий мягкий чистый одна одной нравиться взрослый ребёнок рекомендовать покупка
17582,4643,Продукты питания,5,positive,2026-06-01,"Рекомендую! Свежий, чистый( что очень важно), на зубах ничего не скрипит. Мягкий. Немного пахнет прогорклым маслом, особенно минусом не назову, тк мою , но даже если не мыть, то вкусно, чисто информация для особо придирчивых.",рекомендую свежий чистый очень важно зубах не скрипит мягкий немного пахнет прогорклым маслом особенно минусом не назову тк мою не мыть вкусно чисто информация особо придирчивых,рекомендовать свежий чистый очень важный зуб не скрипит мягкий немного пахнуть прогорклый масло особенно минус не назову тк мой не мыть вкусный чисто информация особо придирчивый
17592,4647,Продукты питания,1,negative,2026-03-08,Я впервые покупаю настолько отвратительную смесь. Мало того что она чересчур уж чёрствая и старая она ещё и с жуками с живыми. Отвратительно. Великое желание отнести смесь в санэпидемстанцию и пожаловаться в Роспотребнадзор,впервые покупаю настолько отвратительную смесь мало чересчур чёрствая старая жуками живыми отвратительно великое желание отнести смесь санэпидемстанцию пожаловаться роспотребнадзор,впервые покупать настолько отвратительный смесь мало чересчур чёрствый старый жук живой отвратительный великий желание отнести смесь санэпидемстанция пожаловаться роспотребнадзор
17605,4650,Электроника,1,negative,2026-07-16,"ужасные наушники, на скоростях не успела проверить на пвз, не работает один наушник, а если не достать другой, другой не работает",ужасные наушники скоростях не успела проверить пвз не работает наушник не достать не работает,ужасный наушник скорость не успеть проверить пвз не работать наушник не достать не работать
17705,4674,Электроника,5,positive,2026-05-16,"Очень наушники понравились, все наушники у меня вываливались с ушей,ушки мои маленькие, а эти сидят как тут и были. Очень кдобно, ничто не давит, я из почти не чувствую. Очень комфортно . Красивые, удобные, чудр !!!",очень наушники понравились наушники вываливались ушей ушки мои маленькие сидят очень кдобно ничто не давит не чувствую очень комфортно красивые удобные чудр,очень наушник понравиться наушник вываливались ухо ушки мой маленький сидеть очень кдобно ничто не давить не чувствовать очень комфортный красивый удобный чудр
17786,4686,Электроника,1,negative,2026-01-25,"Я очень ждала эти часы отзывы все хорошие пришла домой поставила на зарядку попыталась включить они не включаются не каким образом, в ремонт занесу может починят я просто рассчитывала на эти часы я расстроена 1 звёзда Красивые Не работают",очень ждала часы отзывы хорошие пришла домой поставила зарядку попыталась включить не включаются не каким образом ремонт занесу починят просто рассчитывала часы расстроена звёзда красивые не работают,очень ждать час отзыв хороший прийти домой поставить зарядка попытаться включить не включаться не какой образ ремонт занесу починить просто рассчитывать час расстроить звёзда красивый не работать
17791,4687,Электроника,5,positive,2026-07-07,"На вид красивые. Лёгкие и удобные. Вот только это не часы, а обычный фигнёй браслет с урезанным функционалом и ОС. После часов Samsung не могу привыкнуть к урезаному функционалу. Циферблатов много, но настроить нельзя, собранной сводки о сне по утрам не приходит. Собственно много чего отсутствует из функционала часов на wear OS.",вид красивые лёгкие удобные не часы обычный фигнёй браслет урезанным функционалом ос часов не могу привыкнуть урезаному функционалу циферблатов настроить собранной сводки сне утрам не приходит собственно отсутствует функционала часов,вид красивый лёгкий удобный не час обычный фигнёй браслет урезанный функционал ос час samsung не мочь привыкнуть урезаному функционал циферблатов настроить собранный сводка сон утро не приходить собственно отсутствовать функционал час wear os
17793,4687,Электроника,1,negative,2026-06-26,"Если вы заказали у данного продавца товар, то имейте ввиду сразу что вам придется выкупить товар. Заказала данную модель и вторые часы той же фирмы только круглые. Выбирала на ПВЗ при камерах, решила от данной модели отказаться, так как другая форма понравилась больше. Но мне отказали в том что упаковка была вскрыта. То есть когда я покупала электросамокат а он стоит не 6 тыс а 50 тыс и я спросила почему упаковка вскрыта, мне ответили что перед отправкой продавец вскрывает проверяет комплектацию и отправляет. Вопрос почему тогда покупатель на ПВЗ при камерах не может вскрыть и посмотреть содержимое. Как оно выглядит и примерить?",заказали данного продавца товар имейте ввиду сразу придется выкупить товар заказала данную модель вторые часы той фирмы круглые выбирала пвз камерах решила данной модели отказаться другая форма понравилась отказали упаковка вскрыта покупала электросамокат стоит не тыс тыс спросила почему упаковка вскрыта ответили отправкой продавец вскрывает проверяет комплектацию отправляет вопрос почему покупатель пвз камерах не вскрыть посмотреть содержимое оно выглядит примерить,заказать данного продавец товар иметь ввиду сразу прийтись выкупить товар заказать данную модель второй час тот фирма круглый выбирать пвз камера решить данной модель отказаться другая форма понравиться отказать упаковка вскрыть покупать электросамокат стоить не тыс тыс спросить почему упаковка вскрыть ответить отправка продавец вскрывать проверять комплектация отправлять вопрос почему покупатель пвз камера не вскрыть посмотреть содержимое оно выглядеть примерить
17805,4690,Электроника,5,positive,2026-06-12,"Ремешок был сломан который второй , резенивый целый. Все работает пока, я довольна часами, но не довольна что ремешок сломан очень хотелось его одеть , ну и ладно новый заказала .",ремешок сломан который второй резенивый целый работает пока довольна часами не довольна ремешок сломан очень хотелось одеть ладно новый заказала,ремешок сломать который второй резенивый целый работать пока довольный час не довольный ремешок сломать очень хотеться одеть ладно новый заказать
17817,4692,Электроника,1,negative,2026-04-16,"Отстой приедет не то что на картинке синхронизация отстой программное обеспечение не работает, пикселя на экране как у ЭВМ 90годов Синхронизация не о",отстой приедет не картинке синхронизация отстой программное обеспечение не работает пикселя экране эвм годов синхронизация не,отстой приехать не картинка синхронизация отстой программный обеспечение не работать пиксель экран эвм год синхронизация не
17853,4696,Электроника,5,positive,2026-06-23,Работают исправно. Зарядку держит долго. Даже при сопряжении. Можно включить и выключить функции которые тебе не нужны. В приложении для телефона огромный выбор циферблатов. Покупкой доволен. Все Пока не обнаружил,работают исправно зарядку держит долго сопряжении включить выключить функции которые тебе не нужны приложении телефона огромный выбор циферблатов покупкой доволен пока не обнаружил,работать исправно зарядка держать долго сопряжение включить выключить функция которые тебе не нужный приложение телефон огромный выбор циферблат покупка довольный пока не обнаружить
18055,4730,Электроника,5,positive,2025-09-01,"Пользуюсь колонкой уже пару недель — впечатления только положительные. Звук чистый, мощный, басы глубокие, но не перегружают общую картину. Особенно приятно слушать джаз и электронику — все детали слышны, инструменты не ""сливаются"". Подключается быстро по Bluetooth, связь стабильная,зарядку держит дольше 12 часов Однозначно рекомендую тем, кто хочет качественный звук без переплаты за бренд. Отличный выбор для дома и путешествий.",пользуюсь колонкой пару недель впечатления положительные звук чистый мощный басы глубокие не перегружают общую картину особенно приятно слушать джаз электронику детали слышны инструменты не сливаются подключается быстро связь стабильная зарядку держит дольше часов однозначно рекомендую хочет качественный звук переплаты бренд отличный выбор дома путешествий,пользоваться колонка пара неделя впечатление положительный звук чистый мощный бас глубокий не перегружать общий картина особенно приятный слушать джаз электроника деталь слышный инструмент не сливаться подключаться быстро bluetooth связь стабильный зарядка держать долгий час однозначно рекомендовать хотеть качественный звук переплата бренд отличный выбор дом путешествие
18154,4759,Одежда и обувь,1,negative,2026-03-07,"Товар в ужасном состояние, будто до меня его носили, хочу оформить возврат продавец не выходит на связь, и поддержка не отвечает 5 день,продавца не рекомендую!!!!смотрите хорошо товар в пункте выдачи",товар ужасном состояние носили хочу оформить возврат продавец не выходит связь поддержка не отвечает день продавца не рекомендую смотрите хорошо товар пункте выдачи,товар ужасный состояние носить хотеть оформить возврат продавец не выходить связь поддержка не отвечать день продавец не рекомендовать смотреть хорошо товар пункт выдача
18209,4779,Одежда и обувь,5,positive,2026-07-04,"Размер мал прибыл, ещё вес мне не понраву оказался, надежда была на легче чем оказалися, но так лапти добротные, батюшке красивше были",размер мал прибыл вес не понраву оказался надежда легче оказалися лапти добротные батюшке красивше,размер мал прибыть вес не понраву оказаться надежда лёгкий оказалися лапти добротный батюшке красивше
18316,4804,Одежда и обувь,5,positive,2025-11-25,"Отличный пуховик на зиму! Особенно понравились манжеты и двусторонняя молния: удобно при ходьбе. Сам пуховик теплый. Качество хорошее. Крой плеча отличный, нет торчащих ниток, пух распределен распределен равномерно, приятный цвет ткани.",отличный пуховик зиму особенно понравились манжеты двусторонняя молния удобно ходьбе пуховик теплый качество хорошее крой плеча отличный нет торчащих ниток пух распределен распределен равномерно приятный цвет ткани,отличный пуховик зима особенно понравиться манжеты двусторонний молния удобный ходьба пуховик тёплый качество хороший крой плечо отличный нет торчать нитка пух распределен распределить равномерно приятный цвет ткань
18336,4808,Одежда и обувь,4,positive,2026-01-25,"Красивая модель, хорошая ткань и хорошо пошита Снимаю звезду за то, что куртка заявлена как зимняя, но она очень тонкая, может на европейскую зиму. Демисезон до -5 максимум",красивая модель хорошая ткань хорошо пошита снимаю звезду куртка заявлена зимняя очень тонкая европейскую зиму демисезон максимум,красивый модель хороший ткань хорошо пошить снимать звезда куртка заявить зимний очень тонкий европейский зима демисезон максимум
18365,4814,Одежда и обувь,5,positive,2026-03-14,"Ношу 54 размер, купила 50. Нормально не в плотную , но и не болтается. Смотрится хорошо, рукова самое то. Спасибо. Единственное ушью немного самый низ,а может и не буду.",ношу размер купила нормально не плотную не болтается смотрится хорошо рукова самое спасибо единственное ушью немного самый низ не буду,носить размер купить нормально не плотный не болтаться смотреться хорошо рукова самое спасибо единственный ушью немного самый низ не быть
18387,4817,Одежда и обувь,5,positive,2026-03-16,"Хорошая куртка, пошита хорошая, но очень громоздко смотрится , большемерит. Хотя кому как у всех фигуры разные. А так качественная вещь, очень неплохая.",хорошая куртка пошита хорошая очень громоздко смотрится большемерит хотя кому фигуры разные качественная вещь очень неплохая,хороший куртка пошить хороший очень громоздко смотреться большемерит хотя кто фигура разный качественный вещь очень неплохой
18397,4818,Одежда и обувь,4,positive,2026-07-12,"Качество на высоте, лёгкий и тёплый Скроен на фигуру ""груша"", точно не подойдёт на 62-64 на не узкие плечи, хотя во всех других местах сел ""оверсайз"", короткие рукова.",качество высоте лёгкий тёплый скроен фигуру груша точно не подойдёт не узкие плечи хотя других местах сел оверсайз короткие рукова,качество высота лёгкий тёплый скроить фигура груша точно не подойти не узкий плечо хотя других место сесть оверсайз короткий рукова
18398,4818,Одежда и обувь,4,positive,2026-07-12,"Очень ждала это пальто . Я представляла,что подол будет как- бы струиться. Но не случилось,пальто толстое. Не стала даже примерять. Модель хорошая,но не для этой ткани и набивки. Не впечатлило. Отказ.",очень ждала пальто представляла подол струиться не случилось пальто толстое не стала примерять модель хорошая не ткани набивки не впечатлило отказ,очень ждать пальто представлять подол струиться не случиться пальто толстый не стать примерять модель хороший не ткань набивка не впечатлить отказ
18404,4819,Одежда и обувь,5,positive,2026-06-05,"Как на фото,правда вся мятая пришла.Незнаю как поведёт себя наполнитель после стирки,но это отдельная история,о которой уже не узнаешь сразу 😌",фото правда вся мятая пришла незнаю поведёт наполнитель стирки отдельная история которой не узнаешь сразу,фото правда весь мятый прийти незнаю поведёт наполнитель стирка отдельный история которой не узнать сразу
18449,4829,Одежда и обувь,5,positive,2026-03-13,"Качество куртки очень хорошее, добротный мех, на свой 48р я взяла 46р в ней удобнее себя чувствовала. 48р более свободный Немного не нравятся карманы, вроде как то торчат , но это уже так придирки",качество куртки очень хорошее добротный мех свой р взяла р удобнее чувствовала р свободный немного не нравятся карманы вроде торчат придирки,качество куртка очень хороший добротный мех свой р взять р удобный чувствовать р свободный немного не нравиться карман вроде торчать придирка
18457,4831,Одежда и обувь,4,positive,2025-01-21,"Куртка не плохая , но не мой фасон . На фото смотрится красиво , в живую хуже . Оказ Куртка понравилась.",куртка не плохая не фасон фото смотрится красиво живую хуже оказ куртка понравилась,куртка не плохой не фасон фото смотреться красиво живой плохой оказ куртка понравиться
18458,4831,Одежда и обувь,5,positive,2024-12-12,"Парка понравилась, качественная. Кто любит посвободней, то можно взять на размер и побольше, но я взяла размер в размер, мерила на кофту теплую.",парка понравилась качественная любит посвободней взять размер побольше взяла размер размер мерила кофту теплую,парк понравиться качественный любить посвободней взять размер большой взять размер размер мерить кофта тёплый
18478,4835,Одежда и обувь,5,positive,2026-01-12,"Качество пуховика понравилось: швы, обработка - всё очень достойно. Очень лёгкий! Прислушалась к отзывам, что пуховик большемерит, напрасно! Оказался мал, даже не стала застегивать, чтобы лишний раз не теребить прекрасную вещь. Если бы решила приобрести, то заказала бы теперь на размер больше, 54(у меня 52 р.). Самые приятные и важные моменты - это его лёгкость и качество! Пуховик для зимы, конечно.",качество пуховика понравилось швы обработка очень достойно очень лёгкий прислушалась отзывам пуховик большемерит напрасно оказался мал не стала застегивать лишний не теребить прекрасную вещь решила приобрести заказала размер р самые приятные важные моменты лёгкость качество пуховик зимы,качество пуховик понравиться шов обработка очень достойно очень лёгкий прислушаться отзыв пуховик большемерит напрасно оказаться маленький не стать застегивать лишний не теребить прекрасный вещь решить приобрести заказать размер р самые приятный важный момент лёгкость качество пуховик зима
18483,4835,Одежда и обувь,5,positive,2025-12-03,"Товар пришел качественный. Очень удобный пуховик, лёгкий, до -20, как пишет продавец в нем тепло. Карманы двойные и такие и на замке и карман внутренний. Я ношу 54, мне пожалел 52. Рекомендую для покупки",товар пришел качественный очень удобный пуховик лёгкий пишет продавец нем тепло карманы двойные такие замке карман внутренний ношу пожалел рекомендую покупки,товар прийти качественный очень удобный пуховик лёгкий писать продавец нем тепло карман двойной такой замок карман внутренний носить пожалеть рекомендовать покупка
18502,4841,Одежда и обувь,5,positive,2026-04-08,"Куртка понравилась, идёт в размер, на мой рост рукава были длинноваты, но предусмотрен отворот, поэтому всё понравилось. Правда молния застёгивается не сразу, нужно немного ""помучаться"", куртка толстая, тёплая, мне нужна была на осень, а эта больше зимняя, но я решила взять, потому что у нас в Сибири и осенью бывает очень холодно. И ещё капюшон очень хорошо закрывает горло, можно даже без шарфа носить. Заказывайте, не пожалеете.",куртка понравилась идёт размер рост рукава длинноваты предусмотрен отворот поэтому понравилось правда молния застёгивается не сразу нужно немного помучаться куртка толстая тёплая нужна осень эта зимняя решила взять сибири осенью бывает очень холодно капюшон очень хорошо закрывает горло шарфа носить заказывайте не пожалеете,куртка понравиться идти размер рост рукав длинноватый предусмотреть отворот поэтому понравиться правда молния застёгивается не сразу нужный немного помучаться куртка толстый тёплый нужный осень этот зимний решить взять сибирь осень бывать очень холодный капюшон очень хорошо закрывать горло шарф носить заказывать не пожалеете
18511,4842,Одежда и обувь,4,positive,2026-01-04,"красивая куртка, много кто кричал мне «оооо у тебя аляска куртка» тепло, сегодня одела одну футболку и свитер под куртку, на улице было -4. за такую сумму могли бы и натуральный мех сделать",красивая куртка кричал оо аляска куртка тепло одела одну футболку свитер куртку улице такую сумму могли натуральный мех сделать,красивый куртка кричать оо аляска куртка тёплый одеть одну футболка свитер куртка улица такой сумма мочь натуральный мех сделать
18535,4846,Одежда и обувь,4,positive,2026-01-26,"Не знаю, насколько он будет тёплый, в носке будет видно, думаю, что он не для холодной северной зимы, больше для тёплой еврозимы. Но если не на большие расстояния или на машине ехать, наверное, будет нормально. Нормальный пуховик, в чёрном цвете понравился больше, в бежевом вообще не понравился ни ткань, ни цвет, как-то бледно смотрится, в чёрном лучше. Что большемерит не заметила, по размеру подошел как надо. Сидит хорошо, выглядит прилично, длина оптимальная, то, что мне нужно, ни короткое, ни длинное. Показалось, что тонковат, довольно лёгкий для пуховика.",не знаю насколько тёплый носке видно думаю не холодной северной зимы тёплой еврозимы не большие расстояния машине ехать наверное нормально нормальный пуховик чёрном цвете понравился бежевом вообще не понравился ни ткань ни цвет как-то бледно смотрится чёрном большемерит не заметила размеру подошел сидит хорошо выглядит прилично длина оптимальная нужно ни короткое ни длинное показалось тонковат довольно лёгкий пуховика,не знать насколько тёплый носок видно думать не холодный северный зима тёплый еврозимы не больший расстояние машина ехать наверное нормальный нормальный пуховик чёрный цвет понравиться бежевый вообще не понравиться ни ткань ни цвет бледно смотреться чёрный большемерит не заметить размер подойти сидеть хорошо выглядеть прилично длина оптимальный нужный ни короткий ни длинный показаться тонковатый довольно лёгкий пуховик
18567,4851,Одежда и обувь,5,positive,2026-07-15,"Платье отличное, можно с ремешком, можно свободно носить, мне в пол( рост158), буду немного укорачивать, что бы не наступать. Идёт в размер.",платье отличное ремешком свободно носить пол рост буду немного укорачивать не наступать идёт размер,платье отличный ремешок свободно носить пол рост быть немного укорачивать не наступать идти размер
18642,4873,Одежда и обувь,5,positive,2026-06-21,"Отличное платье на лето, и в офис, и на прогулку. В нем комфортно, удобно. Все неровности прикрыты, не просвечивает. Если, конечно, не надевать чёрное бельё)) Цвет, качество.",отличное платье лето офис прогулку нем комфортно удобно неровности прикрыты не просвечивает не надевать чёрное бельё цвет качество,отличный платье лето офис прогулка нем комфортно удобный неровность прикрыть не просвечивать не надевать чёрный бельё цвет качество
18654,4875,Одежда и обувь,5,positive,2026-06-15,"Платье красивое, хорошо сидит, аккуратно сшито и качество не плохое. Но вот за такую ткань, цена чуть завышена..., за 1200 можно было бы, но не выше Цена завышена, можно было бы и подешевле за тряпочную ткань",платье красивое хорошо сидит аккуратно сшито качество не плохое такую ткань цена завышена не выше цена завышена подешевле тряпочную ткань,платье красивый хорошо сидеть аккуратно сшить качество не плохой такой ткань цена завысить не высоко цена завысить дешёвый тряпочный ткань
18684,4881,Одежда и обувь,4,positive,2026-07-19,"Хорошо сидит. Ткань приятная, дышащая и не мнется. Не на полные руки. Рукав не свободный. На высокий рост. У меня 167.в пол. Немного обрежу",хорошо сидит ткань приятная дышащая не мнется не полные руки рукав не свободный высокий рост пол немного обрежу,хорошо сидеть ткань приятный дышать не мнется не полный рука рукав не свободный высокий рост пол немного обрежу
18708,4884,Одежда и обувь,5,positive,2026-07-15,"Для тех кто переживает, что платье просвечивает, проблема решается телесным бельем подходящего оттенка для вашей кожи. Вообще ничего не видно❤️ проверено на себе 🙏🏻",тех переживает платье просвечивает проблема решается телесным бельем подходящего оттенка вашей кожи вообще не видно проверено,тот переживать платье просвечивать проблема решаться телесный бельё подходить оттенок ваш кожа вообще не видно проверить
18733,4892,Одежда и обувь,4,positive,2026-07-19,"Красивые , ткань хорошая . Но вот пришёл с браком была дырочка В петельке куда ремень вставляется . Поэтому отказ .",красивые ткань хорошая пришёл браком дырочка петельке ремень вставляется поэтому отказ,красивый ткань хороший прийти брак дырочка петелька ремень вставляться поэтому отказ
18745,4895,Одежда и обувь,5,positive,2025-09-15,"Джинсы понравились,выкупили 40 размер,удобные,мужу понравились,брала на подарок.Не знаю,как при стирке себя покажут,но пока все отлично,цвет,качество все устраивает.Спасибо продавцу за быструю доставку.",джинсы понравились выкупили размер удобные мужу понравились брала подарок не знаю стирке покажут пока отлично цвет качество устраивает спасибо продавцу быструю доставку,джинсы понравиться выкупить размер удобный муж понравиться брать подарок не знать стирка показать пока отличный цвет качество устраивать спасибо продавец быстрый доставка
18752,4899,Одежда и обувь,4,positive,2026-02-11,"Вроде норм, но немного длиноваты на рост 183 в талии 42 отлично. В живую чуть темнее, чем на фото. - это полоски эти",вроде норм немного длиноваты рост талии отлично живую темнее фото полоски,вроде норма немного длиноваты рост талия отлично живой тёмный фото полоска
18757,4901,Одежда и обувь,5,positive,2026-07-12,"Сели великолепно.. Пошив качественный.. На рост 172, вес 90 --34 размер подошёл как родной..Рекомендую . Огромное спасибо продавцу и ВБ за качественный товар и быструю доставку..",сели великолепно пошив качественный рост вес размер подошёл родной рекомендую огромное спасибо продавцу вб качественный товар быструю доставку,сесть великолепно пошить качественный рост вес размер подойти родной рекомендовать огромный спасибо продавец вб качественный товар быстрый доставка
18765,4903,Одежда и обувь,5,positive,2025-04-19,"Классные джинсы, сидят отлично Купили сыну на рост 186, главное не короткие Немного велики в поясе на худенького,.удем носить с ремнем",классные джинсы сидят отлично купили сыну рост главное не короткие немного велики поясе худенького удем носить ремнем,классный джинсы сидеть отлично купить сын рост главный не короткий немного большой пояс худенький удем носить ремень
18785,4907,Одежда и обувь,5,positive,2026-06-05,"За свою цену не плохая вещь 👍 по поводу оверсайз не совсем, на свой 42-44 заказала S села в размер❤",цену не плохая вещь поводу оверсайз не свой заказала села размер,цена не плохой вещь повод оверсайз не свой заказать s село размер
18799,4912,Одежда и обувь,3,neutral,2026-04-20,"Очень оверсайз - ношу размер 58, заказала 58-60 и утонула.. Перезаказала на 54-56 и то свободно сидит. По качеству вроде нормальная, пошита хорошо, посмотрим как поведёт ткань после стирки",очень оверсайз ношу размер заказала утонула перезаказала свободно сидит качеству вроде нормальная пошита хорошо посмотрим поведёт ткань стирки,очень оверсайз ношу размер заказать утонуть перезаказала свободно сидеть качество вроде нормальный пошить хорошо посмотреть поведёт ткань стирка
18844,4921,Одежда и обувь,5,positive,2026-05-06,"Не считая осень уставшей коробки, все отлично , почему бы не сделать внутри голенища натуральную кожу ) подкладка в стопе мягкая тканевая , стелька очень мягкая, немного большемерят показались Удобные, красивые Коробка убитая",не считая осень уставшей коробки отлично почему не сделать внутри голенища натуральную кожу подкладка стопе мягкая тканевая стелька очень мягкая немного большемерят показались удобные красивые коробка убитая,не считать осень устать коробка отличный почему не сделать внутри голенище натуральный кожа подкладка стоп мягкий тканевый стелька очень мягкий немного большемерят показаться удобный красивый коробка убить
18848,4922,Одежда и обувь,5,positive,2026-07-20,"Хороши сапожки😍 пришли хорошо упакованы, коробка новая, не потрепана,сапоги аккуратно сложены! Очень довольна! Надеюсь в носке будут тоже хороши . Каблук удобный. Спасибо продавцу🫶🏻",хороши сапожки пришли хорошо упакованы коробка новая не потрепана сапоги аккуратно сложены очень довольна надеюсь носке будут хороши каблук удобный спасибо продавцу,хороший сапожки прийти хорошо упаковать коробка новый не потрепать сапог аккуратно сложить очень довольный надеяться носок быть хороший каблук удобный спасибо
18862,4923,Одежда и обувь,1,negative,2026-02-17,"Брала сапоги по совету подруги, когда она заказывала то была коробка большая для сапогов и не было этих заломов! Ужасная упаковка товара которая портит его",брала сапоги совету подруги заказывала коробка большая сапогов не этих заломов ужасная упаковка товара которая портит,брать сапог совет подруга заказывать коробка больший сапогов не этот залом ужасный упаковка товар которая портить
18887,4928,Одежда и обувь,5,positive,2026-03-30,"Неожиданно оказались самыми удобными. Заказывала 6 разных моделей , разных производителей. Но эти за счёт мягкой экокожи в районе голени не торчат . Сделаны на первый взгляд аккуратно. Упаковка нормальная. На 37 взяла 37. Мягкая экокожа, удобная колодка , но пока просто мерила. Надеюсь комфорт сохранится и во время эксплуатации носки. Минусов пока не обнаружено.",неожиданно оказались самыми удобными заказывала разных моделей разных производителей счёт мягкой экокожи районе голени не торчат сделаны первый взгляд аккуратно упаковка нормальная взяла мягкая экокожа удобная колодка пока просто мерила надеюсь комфорт сохранится время эксплуатации носки минусов пока не обнаружено,неожиданно оказаться самыми удобный заказывать разный модель разный производитель счёт мягкий экокожи район голень не торчать сделать первый взгляд аккуратно упаковка нормальный взять мягкий экокожа удобный колодка пока просто мерила надеяться комфорт сохраниться время эксплуатация носок минус пока не обнаружить
18905,4931,Одежда и обувь,1,negative,2026-03-26,"Ужасный запах, просто УЖАС. На весь пвз. За такую цену, извините меня, такого запаха быть не должно! Работайте над этим.",ужасный запах просто ужас весь пвз такую цену извините такого запаха не должно работайте этим,ужасный запах просто ужас весь пвз такой цена извинить такой запах не должный работать это
18928,4935,Одежда и обувь,5,positive,2026-07-12,"Купила эти сапоги перед походом. Стопа проблемная, широкая. Ни о чем не пожалела! Половину недели были ливни, град. Выдержали всё! 4 часа ходьбы от места стоянки до ближайшей деревни - удобные, свою работу выполняют - ноги остались сухие. Вставила в них стельку помягче - и всё, ноги как в мягких тапках. (Фото не передаёт всю грязь, которую они выдержали). Вторую половину похода ходила в них по вечерам - лучше кроссовок. Однозначно 10/10. Очень удобные сапоги Всё понравилось",купила сапоги походом стопа проблемная широкая ни не пожалела половину недели ливни град выдержали часа ходьбы места стоянки ближайшей деревни удобные работу выполняют ноги остались сухие вставила стельку помягче ноги мягких тапках фото не передаёт грязь которую выдержали вторую половину похода ходила вечерам кроссовок однозначно очень удобные сапоги понравилось,купить сапог поход стопа проблемный широкий ни не пожалеть половина неделя ливень град выдержать час ходьба место стоянка близкий деревня удобный работа выполнять нога остаться сухой вставить стелька мягкий нога мягкий тапка фото не передавать грязь которую выдержать второй половина поход ходить вечер кроссовок однозначно очень удобный сапог понравиться
18949,4937,Одежда и обувь,5,positive,2025-12-15,"Отличные , теплые сапоги , брала 38 чуть свободный, Обзват голенище 40 см сели хорошо но чуть чуть туговато , не критично , берите больше размером если нужно по свободнее)",отличные теплые сапоги брала свободный обзват голенище см сели хорошо туговато не критично берите размером нужно свободнее,отличный тёплый сапог брать свободный обзват голенище см сесть хорошо туговато не критично брать размер нужный свободный
18957,4939,Одежда и обувь,5,positive,2026-06-17,"Хороший удобный каблук. Легкие, красивые. Но мне, к сожалению, не подошли. Ошиблась с размером. Оказались сильно велики на стопу 26 см. Удобные стильные летние сапоги.",хороший удобный каблук легкие красивые сожалению не подошли ошиблась размером оказались сильно велики стопу см удобные стильные летние сапоги,хороший удобный каблук лёгкий красивый сожаление не подойти ошибиться размер оказаться сильно большой стопа удобный стильный летний сапог
18967,4940,Одежда и обувь,5,positive,2026-01-22,"Очень классные, в них очень удобно , сделаны качественно. Верх велюр, внутри натуральный мех чуть выше щиколотки,цвет сероголубой,заказывала под шубу.У меня обхват 43см сверху, оделись спокойно, взьем у меня небольшой, ношу 40р, заказала 41 немного давит пальцы , растроилась, хотела сразу в них пойти, закажу на размер больше",очень классные очень удобно сделаны качественно верх велюр внутри натуральный мех выше щиколотки цвет сероголубой заказывала шубу обхват см сверху оделись спокойно взьем небольшой ношу р заказала немного давит пальцы растроилась хотела сразу пойти закажу размер,очень классный очень удобный сделать качественно верх велюр внутри натуральный мех высоко щиколотка цвет сероголубой заказывать шуба обхват см сверху одеться спокойно взьем небольшой носить р заказать немного давить палец растроилась хотеть сразу пойти заказать размер
18974,4941,Одежда и обувь,5,positive,2025-12-16,"Ботинки внешние очень понравились, смотрятся отлично. Заказала 39 и 40, на мой 39,5-40, 39 р-р совсем в притык, а 40 с тонким носком как раз, но были сомнения, что с теплым будет не комфортно, перезаказала на р-р больше.",ботинки внешние очень понравились смотрятся отлично заказала р-р притык тонким носком сомнения теплым не комфортно перезаказала р-р,ботинок внешний очень понравиться смотреться отлично заказать р р притык тонкий носок сомнение тёплый не комфортный перезаказала р р
18997,4944,Одежда и обувь,3,neutral,2026-02-24,"Модель сапогов мне очень понравилась, мой рост 158. Стопа 26 см,40 размер сел хорошо. Пришли с браком, отказ. Заказала повторно.",модель сапогов очень понравилась рост стопа см размер сел хорошо пришли браком отказ заказала повторно,модель сапогов очень понравиться рост стопа размер сесть хорошо прийти брак отказ заказать повторно
19041,4950,Одежда и обувь,5,positive,2026-03-16,"Потрясающие сапоги! Ношу уже почти месяц: не натирают, не промокают, каблук и колодка очень удобные. Размер соответствует. Товар был хорошо упакован, без брака, доставлен в срок. Я очень довольна покупкой!",потрясающие сапоги ношу месяц не натирают не промокают каблук колодка очень удобные размер соответствует товар хорошо упакован брака доставлен срок очень довольна покупкой,потрясать сапог носить месяц не натирать не промокать каблук колодка очень удобный размер соответствовать товар хорошо упаковать брак доставить срок очень довольный покупка
19076,4955,Одежда и обувь,5,positive,2026-03-19,"Смотрятся эффектно. В размер. На 25.5 см стопы подошел 40й размер. Не могу сказать , что очень удобные: тк пятка не зафиксирована (из-за широты сапога) она гуляет. Сапог держится в основном только за счет половины стопы (от пальцев до середины). Досадно, что понимаешь это лишь когда начинаешь носить их. Прошлась по пвз-там не ощутила этого нюанса. Резюмирую лично свои ощущения: для эффекта и неспешной прогулки- замечательный вариант. Для ежедневной ходьбы, тем более быстрого шага -точно нет! Одним словом , несмотря на маленький удобный каблучок сапоги явно не ‘беговые’",смотрятся эффектно размер см стопы подошел й размер не могу очень удобные тк пятка не зафиксирована из-за широты сапога гуляет сапог держится основном счет половины стопы пальцев середины досадно понимаешь лишь начинаешь носить прошлась пвз-там не ощутила нюанса резюмирую лично свои ощущения эффекта неспешной прогулки замечательный вариант ежедневной ходьбы быстрого шага точно нет одним словом несмотря маленький удобный каблучок сапоги явно не беговые,смотрятся эффектно размер см стопа подойти й размер не мочь очень удобный тк пяток не зафиксировать широта сапог гулять сапог держаться основный счёт половина стопа палец середина досадный понимать лишь начинать носить пройтись пвз не ощутить нюанс резюмирую лично свой ощущение эффект неспешной замечательный вариант ежедневный ходьба быстрый шаг нет одним слово несмотря маленький удобный каблучок сапог явно не беговой
19080,4956,Одежда и обувь,5,positive,2026-03-19,"Испробуем в следующей зиме Пришли быстро. Понравилась цена. Размер подошёл. Красивые Коробка была замотана скотчем, видимо уже кто-то мерил. Голенище немного торчит сверху.",испробуем следующей зиме пришли быстро понравилась цена размер подошёл красивые коробка замотана скотчем видимо кто-то мерил голенище немного торчит сверху,испробуем следующий зима прийти быстро понравиться цена размер подойти красивый коробка замотать скотч видимо мерить голенище немного торчать сверху
19082,4956,Одежда и обувь,3,neutral,2026-02-23,"Сапоги были без коробки, в тонком сером пакете, впервые с таким сталкиваюсь. Заявлено, что они кожаные, но это обман. Всё равно забрала, потому, что хорошо сели на мою ногу.",сапоги коробки тонком сером пакете впервые таким сталкиваюсь заявлено кожаные обман равно забрала хорошо сели мою ногу,сапог коробка тонкий серый пакет впервые такой сталкиваться заявить кожаный обман равный забрать хорошо сесть мой нога
19241,5001,Одежда и обувь,5,positive,2026-03-17,"Очень красивые сапоги . Сидят идеально на ноге. Надеюсь будут носиться . Про качество ничего пока не могу сказать, так как первый раз беру обувь этой фирмы. Кстати спасибо большое за добросовестную упаковку продавцу.",очень красивые сапоги сидят идеально ноге надеюсь будут носиться качество пока не могу первый беру обувь фирмы кстати спасибо большое добросовестную упаковку продавцу,очень красивый сапог сидеть идеально нога надеяться быть носиться качество пока не мочь первый брать обувь фирма кстати спасибо большой добросовестный упаковка продавец
19287,5010,Одежда и обувь,5,positive,2026-02-26,"Самые крутые сапоги! Я в них и убегала, и прыгала через лужи, так что проверку на прочность прошли 😁 Колодка супер удобная и каблук устойчивый! Качество",самые крутые сапоги убегала прыгала лужи проверку прочность прошли колодка супер удобная каблук устойчивый качество,самые крутой сапог убегать прыгать лужа проверка прочность пройти колодка супер удобный каблук устойчивый качество
19340,5023,Одежда и обувь,5,positive,2026-06-24,"Сапожки супер, натуральная кожа, натуральная шерсть. Очень теплые. Туфли 38размера, сапожки беру 39. В голенище, конечно обьем не43, а меньше. А так спасибо продавцу. Я довольна покупкой.",сапожки супер натуральная кожа натуральная шерсть очень теплые туфли размера сапожки беру голенище обьем не меньше спасибо продавцу довольна покупкой,сапожки супер натуральный кожа натуральный шерсть очень тёплый туфля размер сапожки бер голенище обьем не меньше спасибо продавец довольный покупка
19387,5030,Одежда и обувь,5,positive,2026-07-08,"Сапоги мягкие, за такую цену даже очень и ничего Но коробка пришла так сильно измята, видно ходят туда сюда, потому что с браком. Подошва на обоих сапогах треснута, на одном стёрто покрытие",сапоги мягкие такую цену очень коробка пришла сильно измята видно ходят туда сюда браком подошва обоих сапогах треснута одном стёрто покрытие,сапог мягкий такой цена очень коробка прийти сильно измятый видно ходить туда сюда брак подошва оба сапог треснута одном стёрто покрытие
19418,5034,Одежда и обувь,5,positive,2026-06-24,"Сапоги очень хорошие, в размер, ноге очень удобно, стелька мягкая, подошва не тонкая, нога не будет мерзнуть.Хоть и для осени-весны, но до -5-10 можно ходить. Смотрятся стильно. Очень довольна!",сапоги очень хорошие размер ноге очень удобно стелька мягкая подошва не тонкая нога не мерзнуть осени-весны ходить смотрятся стильно очень довольна,сапог очень хороший размер нога очень удобный стелька мягкий подошва не тонкий нога не мёрзнуть осень весна ходить смотрятся стильно очень довольный
19449,5040,Косметика и уход,5,positive,2026-06-26,"Спасибо за качественный товар! Процветания вам! Уже который раз беру этот крем и себе, и на подарок подругам. Независимо от типа кожи всем нравится эффект (у одной сухая, 50 лет, у другой - жирная, 33 года) У меня тип кожи комбинированный, на щеках всегда сушит,зимой и осенью идеальный вариант. Ну или летом как ночной крем. А ещё от этого крема у меня прошли высыпания. Нет минусов, только плюсы",спасибо качественный товар процветания который беру крем подарок подругам независимо типа кожи всем нравится эффект одной сухая лет жирная года тип кожи комбинированный щеках сушит зимой осенью идеальный вариант летом ночной крем крема прошли высыпания нет минусов плюсы,спасибо качественный товар процветание который беру крем подарок подругам независимо тип кожа всем нравиться эффект одной сухой год жирный год тип кожа комбинированный щека сушит зима осень идеальный вариант лето ночной крем крем пройти высыпание нет минус плюсы
19461,5043,Косметика и уход,1,negative,2026-07-21,"Категорически не советую этот крем, через два дня на лице появилась сухость в области где проводилась депиляция. Кожа облазиет. Очень очень разочаровал товар.",категорически не советую крем дня лице появилась сухость области проводилась депиляция кожа облазиет очень очень разочаровал товар,категорически не советовать крем день лицо появиться сухость область проводиться депиляция кожа облазиет очень очень разочаровать товар
19506,5055,Косметика и уход,5,positive,2026-07-17,"Шикарные кремушки оба сливочные. Кожа напитана после них. Запах сладкого масла. Приятный, но я люблю другие запахи. Если кто брал крем буренка. Так вот один в один. Возможно возьму еще. Объем большой.",шикарные кремушки оба сливочные кожа напитана запах сладкого масла приятный люблю другие запахи брал крем буренка возможно возьму объем большой,шикарный кремушки оба сливочный кожа напитать запах сладкий масло приятный любить другие запах брать крем буренка возможный взять объём большой
19534,5063,Косметика и уход,5,positive,2025-06-15,"К покупке рекомендую, отличный крем 👍🏻 Очень хороший крем, нет липкого слоя, приятный запах, хорошо увлажняет, нет эффекта маски на лице, кожу не жирнит, удобный дозатор Минусов не обнаружила",покупке рекомендую отличный крем очень хороший крем нет липкого слоя приятный запах хорошо увлажняет нет эффекта маски лице кожу не жирнит удобный дозатор минусов не обнаружила,покупка рекомендовать отличный крем очень хороший крем нет липкий слой приятный запах хорошо увлажнять нет эффект маска лицо кожа не жирнит удобный дозатор минус не обнаружить
19551,5066,Косметика и уход,5,positive,2026-07-18,"Думаю не оригинал,у меня кода не капризная,жирная,ложится прям как легенький крем не ощущается вообще,людям с кожей склонной к высыпаниям не советую рисковать,но мне норм",думаю не оригинал кода не капризная жирная ложится прям легенький крем не ощущается вообще людям кожей склонной высыпаниям не советую рисковать норм,думать не оригинал код не капризный жирный ложиться прям лёгенький крем не ощущаться вообще человек кожа склонный высыпание не советовать рисковать норма
19598,5074,Косметика и уход,1,negative,2026-05-10,"Оформляла заказ на 5 мая. Среди товаров был крем Cera Skin. Продавец начал сборку накануне вечером ( 4 числа). Вовремя, крем не приехал. В ЛК была дата ""довоза"" на 8 мая. Ждала курьера до 23:00 - ни предупредительного звонка, ни заказа не получила. Утром 9 мая, статус заказа был ""в пункте выдачи"". Вечером в 21:45 - в разделе доставок его нет - он в разделе завершенных покупок, хотя никто не звонил и не передавал заказ. ""Спасибо"" всем - и WB за чудо-курьеров и отсутствие ответа в службе поддержки, и продавцу - который отправляет товар накануне получения[вместо того чтобы вернуть деньги сразу т.к он явно не справляется с указанными сроками поставки]. (Покупки у данного продавца совершаю регулярно, но после такого, ни у него конкретно, ни тем более на данной площадке заказывать ничего не буду).",оформляла заказ мая среди товаров крем продавец начал сборку накануне вечером числа вовремя крем не приехал лк дата довоза мая ждала курьера ни предупредительного звонка ни заказа не получила утром мая статус заказа пункте выдачи вечером разделе доставок нет разделе завершенных покупок хотя никто не звонил не передавал заказ спасибо всем чудо-курьеров отсутствие ответа службе поддержки продавцу который отправляет товар накануне получения вместо вернуть деньги сразу т явно не справляется указанными сроками поставки покупки данного продавца совершаю регулярно такого ни конкретно ни данной площадке заказывать не буду,оформлять заказ май среди товар крем cera skin продавец начать сборка накануне вечер число вовремя крем не приехать лк дата довоза май ждать курьер ни предупредительный звонок ни заказ не получить утро май статус заказ пункт выдача вечер раздел доставка нет раздел завершенных покупка хотя никто не звонить не передавать заказ спасибо всем wb чудо курьеров отсутствие ответ служба поддержка продавец который отправлять товар накануне вернуть деньга сразу т явно не справляться указать срок поставка покупка данного продавец совершать регулярно такой ни конкретно ни данной площадка заказывать не быть
19619,5077,Косметика и уход,5,positive,2026-07-25,"Хороший крем для лица и тела. Запах приятный очень, хорошо впитывается крем, не диодный и не оставляет липкости. Удобно пользоваться и брать с собой на море. Пользуюсь пока на даче, но и для отпуска на море такой крем заказала.",хороший крем лица тела запах приятный очень хорошо впитывается крем не диодный не оставляет липкости удобно пользоваться брать собой море пользуюсь пока даче отпуска море крем заказала,хороший крем лицо тело запах приятный очень хорошо впитываться крем не диодный не оставлять липкость удобный пользоваться брать себя море пользоваться пока дача отпуск море крем заказать
19660,5086,Косметика и уход,4,positive,2025-08-06,"Не подошел,волосы как салома. До этого брала Epica Delicat вот от него волосы мягкие. А от этого все торчком и жесткие",не подошел волосы салома брала волосы мягкие торчком жесткие,не подойти волос салома брать epica delicat волос мягкий торчок жёсткий
19677,5092,Косметика и уход,4,positive,2026-07-03,"Бальзам пришел даже без пупырки. Была сломана крышка, взяла , потому что качество отличное. Шампунь был завернут в пупырку. Что, на бальзам пупырки не хватило??",бальзам пришел пупырки сломана крышка взяла качество отличное шампунь завернут пупырку бальзам пупырки не хватило,бальзам прийти пупырки сломать крышка взять качество отличный шампунь завернуть пупырку бальзам пупырки не хватить
19683,5094,Косметика и уход,5,positive,2025-11-09,"Отличная находка для меня, езжу часто, беру с собой, удобно! А моет как, это вообще круто! Благодарю за такое изобретение!",отличная находка езжу часто беру собой удобно моет вообще круто благодарю такое изобретение,отличный находка езжу часто брать себя удобный моет вообще крутой благодарить такой изобретение
19701,5098,Косметика и уход,5,positive,2026-05-07,"Много лет предпочитаю для тонких волос. Экономично расходуется, мне хватает надолго. После последней покупки осенью, стало дороже на 200р здесь на ВБ",лет предпочитаю тонких волос экономично расходуется хватает надолго последней покупки осенью стало дороже р вб,год предпочитать тонкий волос экономично расходоваться хватать надолго последний покупка осень стать дорогой р вб
19702,5099,Косметика и уход,5,positive,2026-06-22,"Шампунь с освежающим эффектом и ароматом, очень хорошо очищает кожу головы и волосы. После использования волосы чистые, объемные, мягкие. Очень довольна.",шампунь освежающим эффектом ароматом очень хорошо очищает кожу головы волосы использования волосы чистые объемные мягкие очень довольна,шампунь освежать эффект аромат очень хорошо очищать кожа голова волос использование волос чистый объёмный мягкий очень довольный
19710,5100,Косметика и уход,1,negative,2024-07-14,"Как продукт не плохой , мне нравится ) но когда заказываешь шампунь и бальзам , а приходят два шампуня - это конечно очень обидно ….😒😒",продукт не плохой нравится заказываешь шампунь бальзам приходят шампуня очень обидно,продукт не плохой нравиться заказывать шампунь бальзам приходить шампунь очень обидный
19733,5107,Косметика и уход,1,negative,2026-07-23,"Не промывает волосы вообще , голова будто после масла , сначала думала из-за бальзама, помыла голову еще раз , и все тоже самое",не промывает волосы вообще голова масла сначала думала из-за бальзама помыла голову самое,не промывать волос вообще голова масло сначала думать бальзам помыть голова самое
19788,5116,Косметика и уход,5,positive,2026-02-21,"Сыворотка шикарная! Увлажняет отлично, как раз в период отоплений. На следующий день даже после умывания кожа не стянутая, сегодня даже не мазала, так как до сих пор увлажненная, нет ощущения стянутости. Вкусно и приятно пахнет, цитрусовых, свежестью) Обожаю этот бренд! Очень хороший состав, и за эффект советую всем! Эффект, текстура Минусов нет",сыворотка шикарная увлажняет отлично период отоплений следующий день умывания кожа не стянутая не мазала сих пор увлажненная нет ощущения стянутости вкусно приятно пахнет цитрусовых свежестью обожаю бренд очень хороший состав эффект советую всем эффект текстура минусов нет,сыворотка шикарный увлажнять отлично период отопление следующий день умывание кожа не стянуть не мазать сей пора увлажнить нет ощущение стянутости вкусно приятно пахнуть цитрусовый свежесть обожать бренд очень хороший состав эффект советовать всем эффект текстура минус нет
19804,5119,Косметика и уход,5,positive,2026-04-29,"Сыворотка великолепная. Пахнет приятно, при нанесении чувствую минимальные покалывания. Я использовала 2 недели раз в три дня , сейчас 1 раз в два дня. На ежедневное переходить не буду , такого количества вполне хватает.",сыворотка великолепная пахнет приятно нанесении чувствую минимальные покалывания использовала недели дня дня ежедневное переходить не буду такого количества вполне хватает,сыворотка великолепный пахнуть приятно нанесение чувствовать минимальный покалывание использовать неделя день день ежедневный переходить не быть такой количество вполне хватать
19854,5127,Косметика и уход,5,positive,2026-03-14,"Мысль гениальная: та же кожа, те же морщинки (ну почти), почему бы не увлажнять? Забиваем на нее, так как никто не видит.. Купила и даже самооценка как будто выросла, реально хожу довольная собой🙏🏼❤️",мысль гениальная та кожа те морщинки почему не увлажнять забиваем никто не видит купила самооценка выросла реально хожу довольная собой,мысль гениальный тот кожа тот морщинка почему не увлажнять забивать никто не видеть купить самооценка вырасти реально ходить довольный себя
19855,5127,Косметика и уход,5,positive,2026-03-14,"Читала описание, в голове сразу: лицо мы мажем, декольте мажем, а самая нежная кожа обделена. Реально же. А там же такая же кожа...Довольна. Использую каждый вечер перед сном.",читала описание голове сразу лицо мажем декольте мажем самая нежная кожа обделена реально такая кожа довольна использую каждый вечер сном,читать описание голова сразу лицо мажем декольте мажем самая нежный кожа обделить реальный такой кожа довольный использовать каждый вечер сон
19900,5135,Косметика и уход,5,positive,2026-07-03,да. да. да. идеальная сыворотка. убрала прыши словно ластик. был запущенные щеки. плюс пользовалась пенкой раунд лаб и кремом от пропеллер.,идеальная сыворотка убрала прыши словно ластик запущенные щеки плюс пользовалась пенкой раунд лаб кремом пропеллер,идеальный сыворотка убрать прыши словно ластик запущенный щека плюс пользоваться пенка раунд лаб крем пропеллер
19929,5139,Косметика и уход,4,positive,2025-08-10,"Люблю и давно пользуюсь вашей косметикой. Было интересно прсмотреть видео о производстве. Запаковано хорошо в пластик-пупырку👍🏻 Сыворотка прияиная, не липкая, легко впитывается, приятный аромат. Упаковка - дешевенький картон. Но мне это неважно. Все равно коробку выкидываю сразу. А вот сам флакон: нет стикера контроля вскрытия! Как я пойму, что до меня не открывали?",люблю давно пользуюсь вашей косметикой интересно прсмотреть видео производстве запаковано хорошо пластик-пупырку сыворотка прияиная не липкая легко впитывается приятный аромат упаковка дешевенький картон неважно равно коробку выкидываю сразу флакон нет стикера контроля вскрытия пойму не открывали,любить давно пользоваться ваш косметика интересный прсмотреть видео производство запаковать хорошо пластик пупырку сыворотка прияиная не липкий легко впитываться приятный аромат упаковка дешёвенький картон неважный равный коробка выкидывать сразу флакон нет стикер контроль вскрытие понять не открывать
19980,5148,Электроника,1,negative,2026-07-20,"Это ужасно! Я очень хотела наушники, заказала во второй раз и оба пришли брак! Помогите, на фото показано максимум что они могут, продавец не отвечает, на наушниках включается подсветка, но сами они не заряжаются, на табле не включается цифры. Не советую, не видитесь на маленькую цену, продавец тоже не ответственный. Если продавец вернёт деньги или поможет решить проблему, изменю отзыв.",ужасно очень хотела наушники заказала второй оба пришли брак помогите фото показано максимум могут продавец не отвечает наушниках включается подсветка сами не заряжаются табле не включается цифры не советую не видитесь маленькую цену продавец не ответственный продавец вернёт деньги поможет решить проблему изменю отзыв,ужасный очень хотеть наушник заказать второй оба прийти брак помочь фото показать максимум мочь продавец не отвечать наушник включаться подсветка сами не заряжаются табле не включаться цифра не советовать не видитесь маленький цена продавец не ответственный продавец вернуть деньга помочь решить проблема изменить отзыв
20000,5153,Электроника,5,positive,2026-07-20,"Неплохие наушники, при условии, что основной критерий - удобство. Не могу носить другие наушники, болят уши практически от всех. Звук неплохой, звукоподавление среднее. Слышно всё, особенно если громкость средняя. Но это для меня скорее плюс, на улице не мешают ориентироваться. Единственное, работать в них сложно. При движении постоянно задеваются кнопки управления и они то отрубаются, то активируют голосовой помощник на телефоне. Если просто идти или просто - сидеть всё прекрасно. Заряда хватает на 4-5 часов. Не ощущаются на ушах даже при длительной носке Постоянно выключаются от любого прикосновения",неплохие наушники условии основной критерий удобство не могу носить другие наушники болят уши практически звук неплохой звукоподавление среднее слышно особенно громкость средняя скорее плюс улице не мешают ориентироваться единственное работать сложно движении постоянно задеваются кнопки управления отрубаются активируют голосовой помощник телефоне просто идти просто сидеть прекрасно заряда хватает часов не ощущаются ушах длительной носке постоянно выключаются любого прикосновения,неплохой наушник условие основной критерий удобство не мочь носить другие наушник болеть ухо практически звук неплохой звукоподавление средний слышный особенно громкость средний скорее плюс улица не мешать ориентироваться единственный работать сложный движение постоянно задеваются кнопка управление отрубаются активировать голосовой помощник телефон просто идти просто сидеть прекрасный заряд хватать час не ощущаться ухо длительный носка постоянно выключаться любой прикосновение
20067,5165,Электроника,1,negative,2026-07-18,"это не наушники, а просто ***, простите но это так, им месяц а они уже сдохли, это нормально? я вообще вам не советую их брать,звук ужасный, и заряжаются долго, а как разрядиться так они первые, за пару секунд разряжаются.",не наушники просто простите месяц сдохли нормально вообще не советую брать звук ужасный заряжаются долго разрядиться первые пару секунд разряжаются,не наушник просто простить месяц сдохнуть нормальный вообще не советовать брать звук ужасный заряжаться долго разрядиться первый пара секунда разряжаются
20097,5173,Электроника,1,negative,2026-06-27,"сначала в пункте проверила, вроде заряжал, даже 15 минут простояла а пришла домой , спустя сутки в поездке решила зарядить и не включается совсем, в мусорку!! ничего подделка",сначала пункте проверила вроде заряжал минут простояла пришла домой спустя сутки поездке решила зарядить не включается мусорку подделка,сначала пункт проверить вроде заряжать минута простоять прийти домой спустя сутки поездка решить зарядить не включаться мусорку подделка
20108,5175,Электроника,5,positive,2026-07-01,"Пришёл быстро, упакован отлично.Вес 174 грамма — это реально мало. Телефон заряжает до 80% за 40 минут. Цвет графитовый — строгий и элегантный. Сплошные плюсы.",пришёл быстро упакован отлично вес грамма реально мало телефон заряжает минут цвет графитовый строгий элегантный сплошные плюсы,прийти быстро упаковать отлично вес грамм реально мало телефон заряжать минута цвет графитовый строгий элегантный сплошной плюс
20139,5179,Электроника,5,positive,2026-05-08,"Один отзыв почему-то не опубликовали. Вес паурбанка по отдельности виден на фотографии в каждом из отзывов. И составляет 1047г., 1057г., 1060г.",отзыв почему-то не опубликовали вес паурбанка отдельности виден фотографии каждом отзывов составляет г г г,отзыв почему не опубликовать вес паурбанка отдельность видный фотография каждый отзыв составлять
20184,5192,Электроника,3,neutral,2026-06-12,"Дополняю первоначальный отзыв. Первое впечатление сильно подпорчено, так как при использовании в квартире, при стабильном сигнале сети Интернет (Wi-Fi роутер мощный), каждые 20-30 минут колонка теряет связь с телефоном, а еще через пару минут полностью отключается. Так же очень напрягает громкий звук включения, подключения и отключения, который невозможно ничем отрегулировать, или возможно я не нашла способ это сделать (инструкции, к сожалению, в комплекте отсутствовала).",дополняю первоначальный отзыв первое впечатление сильно подпорчено использовании квартире стабильном сигнале сети интернет роутер мощный каждые минут колонка теряет связь телефоном пару минут полностью отключается очень напрягает громкий звук включения подключения отключения который невозможно ничем отрегулировать возможно не нашла способ сделать инструкции сожалению комплекте отсутствовала,дополнять первоначальный отзыв первый впечатление сильно подпортить использование квартира стабильный сигнал сеть интернет wi fi роутер мощный каждый минута колонка терять связь телефон пара минута полностью отключаться очень напрягать громкий звук включение подключение отключение который невозможный ничто отрегулировать возможно не найти способ сделать инструкция сожаление комплект отсутствовать
20193,5195,Электроника,5,positive,2026-02-25,"Брал для квартиры чтобы соседи не вешались.пойдёт. Хорошо играет за свою цену.лучше чем Хуго нс6 20в.свои нюансы.нет микрофона.зато есть уровень заряда аккумулятора.звук один.на Хуго звук колонки плюс с телефона можно добавить. Коробка помятая колонка целая.пломбы вскрыты колонка в нутри не в пакете,от просто лежал.либо чей-то отказ либо кто-то смотрел.может при отправке.",брал квартиры соседи не вешались пойдёт хорошо играет цену хуго нс свои нюансы нет микрофона зато уровень заряда аккумулятора звук хуго звук колонки плюс телефона добавить коробка помятая колонка целая пломбы вскрыты колонка нутри не пакете просто лежал либо чей-то отказ либо кто-то смотрел отправке,брать квартира сосед не вешались пойдёт хорошо играть цена хуго нс свой нюанс нет микрофон зато уровень заряд аккумулятор звук хуго звук колонка плюс телефон добавить коробка помятый колонка целый пломба вскрыть колонка нутри не пакет просто лежать либо чей отказ либо смотреть отправка
20244,5218,Одежда и обувь,5,positive,2026-03-27,"Легкие, удобные, на ноге смотрится хорошо, стопа у меня 26,6 большамерят, так что берите несколько размеров) надеюсь прослужат 2 сезона) продовца советую!",легкие удобные ноге смотрится хорошо стопа большамерят берите несколько размеров надеюсь прослужат сезона продовца советую,лёгкий удобный нога смотреться хорошо стопа большамерят брать несколько размер надеяться прослужить сезон продовца советовать
20263,5223,Одежда и обувь,1,negative,2026-07-02,"Кроссовки маломерят на два размера, правый кроссовок очень узкий. Написал продавцу чтобы сделать возврат, два раза отклонил хотя всю ситуацию объяснил 🤷",кроссовки маломерят размера правый кроссовок очень узкий написал продавцу сделать возврат раза отклонил хотя ситуацию объяснил,кроссовки маломерят размер правый кроссовок очень узкий написать продавец сделать возврат раз отклонить хотя ситуация объяснить
20319,5238,Одежда и обувь,3,neutral,2022-06-02,"Платье не понравилось. Цвет в реальности не совпадает с фото, значительно темнее, оно прям зеленое. Ткань тоже не понравилась. Размер выбирала по размерной таблице, оказалось большим в груди и пройма прям слишком свободная",платье не понравилось цвет реальности не совпадает фото значительно темнее оно прям зеленое ткань не понравилась размер выбирала размерной таблице оказалось большим груди пройма прям слишком свободная,платье не понравиться цвет реальность не совпадать фото значительно тёмный оно прям зелёный ткань не понравиться размер выбирать размерный таблица оказаться больший грудь пройма прям слишком свободный
20372,5256,Одежда и обувь,5,positive,2025-04-11,"Отличная футболка, материл плотный, не просвечивает, универсальна, подходит как мужчине так и женщине, заказывала мужу, но и себе такую же закажу",отличная футболка материл плотный не просвечивает универсальна подходит мужчине женщине заказывала мужу такую закажу,отличный футболка материл плотный не просвечивать универсальный подходить мужчина женщина заказывать муж такой закажу
20416,5273,Косметика и уход,5,positive,2026-05-19,"Крем очень хороший. Беру его постоянно. У меня сухая и аллергичная кожа. Крем подошёл идеально. У крема плотная текстура в меру жирный, хорошо впитывается и не оставляет липкого слоя. Кожа после него мягкая и увлажненная.",крем очень хороший беру постоянно сухая аллергичная кожа крем подошёл идеально крема плотная текстура меру жирный хорошо впитывается не оставляет липкого слоя кожа мягкая увлажненная,крем очень хороший брать постоянно сухой аллергичная кожа крем подойти идеально крем плотный текстура мера жирный хорошо впитываться не оставлять липкий слой кожа мягкий увлажненная
20449,5282,Косметика и уход,1,negative,2026-07-15,"Ждала этот крем , но он пришел просроченный !!! ЕХР до 2026.04 значит до апреля ! Я не посмотрела и выкупила !!! Придется крем выбросить ! Зря потраченные деньги ! Не рекомендую продавца",ждала крем пришел просроченный ехр значит апреля не посмотрела выкупила придется крем выбросить зря потраченные деньги не рекомендую продавца,ждать крем прийти просроченный ехр значить апрель не посмотреть выкупить прийтись крем выбросить зря потратить деньга не рекомендовать продавец
20454,5283,Косметика и уход,4,positive,2026-07-22,"Возможно от солнца спасает, но он плотный сам по себе и под макияж ложится некрасиво, останься блеск и как будто не ровно тон нанесен",возможно солнца спасает плотный макияж ложится некрасиво останься блеск не ровно тон нанесен,возможный солнце спасать плотный макияж ложиться некрасиво останься блеск не ровно тон нанести
20476,5290,Косметика и уход,5,positive,2026-06-05,"Ставлю 5, так как увлажняет идеально. А дальше посмотрим. Только начала применять для себя новый крем. Может и помолодею. 😊",ставлю увлажняет идеально дальше посмотрим начала применять новый крем помолодею,ставить увлажнять идеально далёкий посмотреть начать применять новый крем помолодею
20478,5290,Косметика и уход,1,negative,2026-03-29,"Джонтам- производитель Корея, а прислали Омга- Китай, обидно за зря потраченые деньги. Зачем обманывать? Не надежный поставщик! Доставка вовремя Не тот крем, который заказывала.",джонтам производитель корея прислали омга китай обидно зря потраченые деньги обманывать не надежный поставщик доставка вовремя не крем который заказывала,производитель корея прислать китай обидный зря потраченые деньга обманывать не надёжный поставщик доставка вовремя не крем который заказывать
20487,5296,Косметика и уход,3,neutral,2026-06-30,"Шампунь отличный Упакован плхо, открылась крышка при транспортировке, часть шампуня пролилась, выкупила, тк срочно нужен был в поездку, доставка была задержана",шампунь отличный упакован плхо открылась крышка транспортировке часть шампуня пролилась выкупила тк срочно нужен поездку доставка задержана,шампунь отличный упаковать плхо открыться крышка транспортировка часть шампунь пролиться выкупить тк срочно нужный поездка доставка задержать
20491,5296,Косметика и уход,5,positive,2025-10-31,"Вы можете крышку заклеевать при отправке? Хороший ведь шапмунь, я второй раз беру, второй раз приходит открытый, но сегодня немногл вытекло, забрала. А если много вытечет?",можете крышку заклеевать отправке хороший шапмунь второй беру второй приходит открытый немногл вытекло забрала вытечет,мочь крышка заклеевать отправка хороший шапмунь второй бер второй приходить открытый немногл вытечь забрать вытечь
20504,5300,Косметика и уход,5,positive,2025-10-17,"Пользуюсь недавно, про эффект ничего не могу сказать,но отмывает хорошо. Мне понравилось. Наверное закажу ещё раз Запах очень приятный, пена обильная.",пользуюсь недавно эффект не могу отмывает хорошо понравилось наверное закажу запах очень приятный пена обильная,пользоваться недавно эффект не мочь отмывать хорошо понравиться наверное закажу запах очень приятный пена обильный
20510,5302,Косметика и уход,1,negative,2024-05-27,"Пользуюсь шампунями ботавикос очень давно, повелась на большой бутыль по акции, просто ужас! Волосы не промывает, после двух недель использования стали тонкие, тусклые, такое ощущение, что грязная голова после него! Покупала раньше такой шампунь в маленькой упаковке у другого продавца, совсем по-другому было. Деньги на ветер, что в нем намешано, не знаю. Не могу вернуть шелковистость и объем до сих пор. Очень жаль.",пользуюсь шампунями ботавикос очень давно повелась большой бутыль акции просто ужас волосы не промывает двух недель использования стали тонкие тусклые такое ощущение грязная голова покупала раньше шампунь маленькой упаковке другого продавца по-другому деньги ветер нем намешано не знаю не могу вернуть шелковистость объем сих пор очень жаль,пользоваться шампунями ботавикос очень давно повестись большой бутыль акция просто ужас волос не промывать два неделя использование стать тонкий тусклый такой ощущение грязный голова покупать ранний шампунь маленький упаковка другого продавец другой деньга ветер нем намешать не знать не мочь вернуть шелковистость объём сей пора очень жаль
20527,5310,Косметика и уход,5,positive,2026-05-05,"Волосы долго не пачкаются , хорошо пенится, запах приятный , хватает на долго , т к концентрированный . Рекомендовать не могу , т. к . Все индивидуально .мне подошел.",волосы долго не пачкаются хорошо пенится запах приятный хватает долго т концентрированный рекомендовать не могу т индивидуально подошел,волос долго не пачкаются хорошо пенится запах приятный хватать долго т концентрированный рекомендовать не мочь т индивидуальный подойти
20542,5316,Косметика и уход,5,positive,2026-07-15,"Хороший шампунь, о результате говорить еще рано, пользуюсь не долго. Пенится хорошо, мою голову по 2 раза, волосы мягкие и шелковистые. Упаковано просто. Фото к сожалению нет.",хороший шампунь результате говорить рано пользуюсь не долго пенится хорошо мою голову раза волосы мягкие шелковистые упаковано просто фото сожалению нет,хороший шампунь результат говорить рано пользоваться не долго пенится хорошо мой голова раз волос мягкий шелковистый упаковать просто фото сожаление нет
20579,5325,Косметика и уход,1,negative,2026-07-08,"Впервые решилась заказать всю линейку ухода от данного бренда. От самой создательницы увидела видео-комментарий, что сыворотка, которую все хвалят была в неудачной таре с пипеткой, что тару поменяли. В карточке товара я выбрала именно позицию , у которой была картинка новой тары! Уже поменяли… видимо после плохих отзывов! Итог : пришло в старой таре с пипеткой, которой действительно неудобно наносить и расход увеличивается … что за обман потребителя? Ставлю одну звезду, потому что оценить качество пока не смогла, а разочарование от использования получила и обман потребителя с новой тарой.",впервые решилась заказать линейку ухода данного бренда самой создательницы увидела видео-комментарий сыворотка которую хвалят неудачной таре пипеткой тару поменяли карточке товара выбрала именно позицию которой картинка новой тары поменяли видимо плохих отзывов итог пришло старой таре пипеткой которой действительно неудобно наносить расход увеличивается обман потребителя ставлю одну звезду оценить качество пока не смогла разочарование использования получила обман потребителя новой тарой,впервые решиться заказать линейка уход данного бренд самой создательница увидеть видео комментарий сыворотка которую хвалить неудачный тара пипетка тара поменять карточка товар выбрать именно позиция которой картинка новый тара поменять видимо плохой отзыв итог прийти старый тара пипетка которой действительно неудобный наносить расход увеличиваться обман потребитель ставить одну звезда оценить качество пока не смочь разочарование использование получить обман потребитель новый тара
20604,5330,Косметика и уход,5,positive,2025-05-21,"Использую буквально пару дней Но хочу заметить, что поры сузились прям на следующий день после пременения. При этом реакции кожи в виде раздражения/сухости/акне пока не замечена. Дополню отзыв, если будут проблемы. Но качество сыворотки 5% - огонь",использую буквально пару дней хочу заметить поры сузились прям следующий день пременения реакции кожи виде раздражения сухости акне пока не замечена дополню отзыв будут проблемы качество сыворотки огонь,использовать буквально пара день хотеть заметить пора сузиться прям следующий день пременения реакция кожа вид раздражение сухость акне пока не заметить дополню отзыв будут проблема качество сыворотка огонь
20650,5339,Косметика и уход,5,positive,2026-03-13,"Моя кожа сказала мне спасибо за эту сыворотку. Беру уже не в первый раз, так как от этого средства очень хороший эффект. Доставка быстрая, все пришло в целости, отдельное спасибо за присланный пробник крема.",кожа сказала спасибо сыворотку беру не первый средства очень хороший эффект доставка быстрая пришло целости отдельное спасибо присланный пробник крема,кожа сказать спасибо сыворотка бер не первый средство очень хороший эффект доставка быстрый прийти целость отдельный спасибо прислать пробник крем
20666,5341,Косметика и уход,5,positive,2026-06-02,"По моим ощущениям я и правда выгляжу свежее что ли после недели применения по утрам под крем. Тяжело объективно оценить, тк работаю в бешенном ритме и просто тупо не высыпаюсь постоянно. Но как-будто да, лучше. Пипетка, на мой взгляд, спорное решение для такой текстуры. Кажется, что сыворотка для нее слишком густая, поэтому плохо «заходит» внутрь пипетки.",моим ощущениям правда выгляжу свежее недели применения утрам крем тяжело объективно оценить тк работаю бешенном ритме просто тупо не высыпаюсь постоянно как-будто пипетка взгляд спорное решение текстуры кажется сыворотка слишком густая поэтому плохо заходит внутрь пипетки,мой ощущение правда выглядеть свежий неделя применение утро крем тяжело объективно оценить тк работать бешенном ритм просто тупо не высыпаться постоянно пипетка взгляд спорный решение текстура казаться сыворотка слишком густой поэтому плохо заходить внутрь пипетка
20705,5348,Косметика и уход,4,positive,2026-07-22,"Про полезность не могу пока ничего сказать, только купила. Меня больше волнует обьем. Как пример, вот две баночки, и там и там по 30 мл. Только баночка от аскин в два раза меньше. Как будто там не 30 мл, а 15-20 мл. Уважаемый продавец, почему так? Просто интересно 🧐",полезность не могу пока купила волнует обьем пример две баночки мл баночка аскин раза меньше не мл мл уважаемый продавец почему просто интересно,полезность не мочь пока купить волновать обьем пример два баночка мл баночка аскин раз меньше не мл мл уважаемый продавец почему просто интересный
20735,5356,Косметика и уход,5,positive,2026-05-21,"Купил по совету друга, но действие оказалось медленным – постакне исчезает лишь спустя недели, а дозатор неудобный, часто выдавливает слишком мало продукта.",купил совету друга действие оказалось медленным постакне исчезает лишь спустя недели дозатор неудобный часто выдавливает слишком мало продукта,купить совет друг действие оказаться медленный постакне исчезать лишь спустя неделя дозатор неудобный часто выдавливать слишком мало продукт
20760,5356,Косметика и уход,5,positive,2026-05-17,"Взяла второй флакон после первой недели, после применения кожа ощущается мягкой, морщинки стали чуть менее выраженными, но цена всё же выше, чем я ожидала.",взяла второй флакон первой недели применения кожа ощущается мягкой морщинки стали менее выраженными цена выше ожидала,взять второй флакон первый неделя применение кожа ощущаться мягкий морщинка стать менее выраженный цена высоко ожидать
20767,5356,Косметика и уход,5,positive,2026-05-16,"Пробовал сыворотку после работы в офисе с постоянным кондиционером — увлажняет кожу на целый день, не ощущается тяжёлой, но хотелось бы более экономичный вариант с большим объёмом.",пробовал сыворотку работы офисе постоянным кондиционером увлажняет кожу целый день не ощущается тяжёлой хотелось экономичный вариант большим объёмом,пробовать сыворотка работа офис постоянный кондиционер увлажнять кожа целый день не ощущаться тяжёлый хотеться экономичный вариант больший объём
20771,5357,Косметика и уход,5,positive,2026-06-03,"Купила 100 ампул второй раз, за эти деньги и такой сосиав- наношу и на тело, руки, декольте, шея, колени, ну и лицо конечно, даже волосам достается👍 Отличная сыворотка по такой цене",купила ампул второй деньги сосиав наношу тело руки декольте шея колени лицо волосам достается отличная сыворотка цене,купить ампул второй деньга наношу тело рука декольте шея колено лицо волос доставаться отличный сыворотка цена
20786,5363,Косметика и уход,5,positive,2025-12-09,"Всё понравилось. Насыщенный черный цвет,отличная кисточка,фактура туши тоже хорошая,не сухая. Единственное,хотелось бы чтобы тушь была в коробочке. Пришла как на фото,в защитной плёночке. Цвет,кисточка. Нет коробочки.",понравилось насыщенный черный цвет отличная кисточка фактура туши хорошая не сухая единственное хотелось тушь коробочке пришла фото защитной плёночке цвет кисточка нет коробочки,понравиться насыщенный чёрный цвет отличный кисточка фактура туша хороший не сухой единственный хотеться тушь коробочка прийти фото защитный плёночка цвет кисточка нет коробочка
20805,5372,Косметика и уход,2,negative,2026-05-06,"Неудобно пользоваться, не видишь что красишь. По эффекту вообще ничего не делает... Кисточка не такая как на картинке, она слишком крупная",неудобно пользоваться не видишь красишь эффекту вообще не делает кисточка не такая картинке слишком крупная,неудобный пользоваться не видеть красить эффект вообще не делать кисточка не такой картинка слишком крупный
20840,5383,Косметика и уход,5,positive,2026-06-28,"Хорошая тушь, яркая. В два слоя даёт очень хороший объём, не плохо удлиняет. Но чтобы смыть её - надо прям постараться. Вроде как это термотушь и должна смываться теплой водой, но водой смывается не на 100%, остаётся голубоватый оттенок на ресницах. А дальше, все как в тумане - гидрофильное масло не взяло, мицелярка тоже, только двухфазная смывка справилась Стойкая Иногда кажется, что через чур стойкая",хорошая тушь яркая слоя даёт очень хороший объём не плохо удлиняет смыть её прям постараться вроде термотушь должна смываться теплой водой водой смывается не остаётся голубоватый оттенок ресницах дальше тумане гидрофильное масло не взяло мицелярка двухфазная смывка справилась стойкая кажется чур стойкая,хороший тушь яркий слой даёт очень хороший объём не плохо удлинять смыть её прям постараться вроде термотушь должный смываться тёплый вода вода смываться не оставаться голубоватый оттенок ресница далёкий туман гидрофильный масло не взять мицелярка двухфазная смывка справиться стойкий казаться чур стойкий
20859,5390,Косметика и уход,5,positive,2026-07-19,"Беру такую тушь в течении много лет, пока не испортилось качество. Единственно плохо , что упаковка не закрыта. Все таки должно быть заввакумировано пленкой или наклейкой.",беру такую тушь течении лет пока не испортилось качество единственно плохо упаковка не закрыта таки должно заввакумировано пленкой наклейкой,брать такой тушь течение год пока не испортиться качество единственно плохой упаковка не закрыть таки должный заввакумировано плёнка наклейка
20884,5400,Косметика и уход,5,positive,2024-12-09,"Давно смотрела на эту тушь, купила. Это лучше чем я ожидала. Тушь хорошо ложится на ресницы и сохраняется даже в непогоду. Смывается хорошо, что меня тоже порадовало. Не осыпается",давно смотрела тушь купила ожидала тушь хорошо ложится ресницы сохраняется непогоду смывается хорошо порадовало не осыпается,давно смотреть тушь купить ожидать тушь хорошо ложиться ресница сохраняться непогода смываться хороший порадовать не осыпается
20894,5402,Косметика и уход,5,positive,2025-12-04,"За свою цену тушь отличная,на фотографии весь день с ней была. На темных ресницах правда как черная смотрится, но на свету видно что фиолетовая :)",цену тушь отличная фотографии весь день темных ресницах правда черная смотрится свету видно фиолетовая,цена тушь отличный фотография весь день тёмный ресница правда чёрный смотреться свет видно фиолетовый
20904,5405,Косметика и уход,1,negative,2026-04-16,"В возврате отказали. Я знакома именно с этим ароматом и покупала его в официальном магазине неоднократно . То что пришло, не соответствует оригинальному аромату. Поэтому, советую людям покупать не тут",возврате отказали знакома именно этим ароматом покупала официальном магазине неоднократно пришло не соответствует оригинальному аромату поэтому советую людям покупать не,возврат отказать знакомый именно этот аромат покупать официальный магазин неоднократно прийти не соответствовать оригинальный аромат поэтому советовать человек покупать не
20963,5421,Косметика и уход,2,negative,2026-03-04,"Запах едва уловимый, спиртом не пахнет. Стойкости нет. Цвет водички на картинке розовый, по факту просто прозрачный, как вода. Жаль. 😥",запах едва уловимый спиртом не пахнет стойкости нет цвет водички картинке розовый факту просто прозрачный вода жаль,запах едва уловимый спирт не пахнуть стойкость нет цвет водичка картинка розовый факт просто прозрачный вода жаль
21050,5450,Косметика и уход,5,positive,2026-07-02,"Может и не оригинал, но пахнут так же. Насколько долго держится запах не могу сказать, так как на себе не слышу. Н",не оригинал пахнут насколько долго держится запах не могу не слышу н,не оригинал пахнуть насколько долго держаться запах не мочь не слышать н
21090,5461,Косметика и уход,5,positive,2026-05-12,"Это уже третий мой заказ!!!! Советую всем попробовать этот продукт!!!! Оооооо……. Это мега находка!!!! Волосы невероятно мягкие, послушные и блестят как после салона!!!",третий заказ советую всем попробовать продукт ооо мега находка волосы невероятно мягкие послушные блестят салона,третий заказ советовать всем попробовать продукт ооо мега находка волос невероятно мягкий послушный блестеть салон
21094,5462,Косметика и уход,5,positive,2026-02-09,"Огонь маска, волосы мягкие, шелковистые. даже после осветления мочалка на голове превращается в послушные шелковистые волосы. Лучшая маска за мою жизнь",огонь маска волосы мягкие шелковистые осветления мочалка голове превращается послушные шелковистые волосы лучшая маска мою жизнь,огонь маска волос мягкий шелковистый осветление мочалка голова превращаться послушный шелковистый волос хороший маска мой жизнь
21099,5464,Косметика и уход,5,positive,2026-04-17,"Волосы выглядят как после ламинирования. На второй день тоже гладкие без утюжка,посмотрим как дальше будет. Покупала восстанавливающую. Думаю нужно попробовать ещё купить разогревающую",волосы выглядят ламинирования второй день гладкие утюжка посмотрим дальше покупала восстанавливающую думаю нужно попробовать купить разогревающую,волос выглядеть ламинирование второй день гладкий утюжок посмотреть далёкий покупать восстанавливать думать нужный попробовать купить разогревать
21139,5473,Косметика и уход,5,positive,2025-05-28,"Используем лечебные средства этой компании, поэтому с большим доверием заказала данную косметику и не пожалела. Однозначно всем рекомендую! Маска просто шикарная для моей густых волос средней длины. У дочери длинные волосы, ей тоже очень понравилась. ￼ волосы после неё мягкие, шелковые, аромат великолепный!",используем лечебные средства компании поэтому большим доверием заказала данную косметику не пожалела однозначно всем рекомендую маска просто шикарная моей густых волос средней длины дочери длинные волосы очень понравилась волосы неё мягкие шелковые аромат великолепный,использовать лечебный средство компания поэтому больший доверие заказать данную косметика не пожалеть однозначно всем рекомендовать маска просто шикарный мой густой волос средний длина дочь длинный волос очень понравиться волос неё мягкий шёлковый аромат великолепный
21158,5481,Косметика и уход,1,negative,2026-03-21,"Заказала не читая отзывы так и пришло, ужас какой. То что я ждала маска супер отличная, а это вообще что??? Не тот товар",заказала не читая отзывы пришло ужас ждала маска супер отличная вообще не товар,заказать не читать отзыв прийти ужас ждать маска супер отличный вообще не товар
21185,5488,Косметика и уход,4,positive,2025-12-18,"Использовала вместе с шампунем этой же серии. По итогу могу сказать что волосы расчёсывать было намного тяжелее, чем при использовании обычного ухода. После сушки феном волосы блестят, но на ощупь к сожалению сухие. Возможно, т.к. эффект накопительный, мне нужно больше времени чтобы понять подходит ли мне данный продукт, либо, нужно наносить больше маски чем я пробовала Экономичный расход, удобный формат Эффекта ""вау"" к сожалению не произошло Считаю слишком высокой цену за такой объем",использовала вместе шампунем серии итогу могу волосы расчёсывать намного тяжелее использовании обычного ухода сушки феном волосы блестят ощупь сожалению сухие возможно т эффект накопительный нужно времени понять подходит данный продукт либо нужно наносить маски пробовала экономичный расход удобный формат эффекта вау сожалению не произошло считаю слишком высокой цену объем,использовать вместе шампунь серия итог мочь волос расчёсывать намного тяжёлый использование обычный уход сушка фен волос блестят ощупь сожаление сухой возможно т эффект накопительный нужный время понять подходить данный продукт либо нужный наносить маска пробовать экономичный расход удобный формат эффект вау сожаление не произойти считать слишком высокий цена объём
21221,5495,Косметика и уход,5,positive,2026-06-05,"Волосы после хны оживают, блестят, становяться пушистыми, легкими. Добавляю дополнительно репейное масло, сок алое.Очень понравилась хна. Рекомендую. Хорошего качества с натуральными природными компонентами. Хна 2024года",волосы хны оживают блестят становяться пушистыми легкими добавляю дополнительно репейное масло сок алое очень понравилась хна рекомендую хорошего качества натуральными природными компонентами хна года,волос хны оживать блестеть становяться пушистый лёгкий добавлять дополнительно репейный масло сок алый очень понравиться хна рекомендовать хороший качество натуральный природный компонент хна год
21227,5496,Косметика и уход,5,positive,2026-01-17,"Не ожидала, но эффект хороший. Волосы были пересушены после крайней биозавивки, и постоянного окрашивания. С первого применения волосы стали мягче, не путаются, легко расчесываются. Эффект держится и на следующие дни, а не только после мытья, как при пользовании другими масками/ бальзамами",не ожидала эффект хороший волосы пересушены крайней биозавивки постоянного окрашивания первого применения волосы стали мягче не путаются легко расчесываются эффект держится следующие дни не мытья пользовании другими масками бальзамами,не ожидать эффект хороший волос пересушить крайний биозавивки постоянный окрашивание первый применение волос стать мягкий не путаться легко расчесываются эффект держаться следующий день не мытьё пользование другими бальзам
21233,5498,Косметика и уход,5,positive,2025-05-25,"Тем кто знает, что такое креатин, особенно после процедуры, волосы после использования маски выглядят так же. Мягкие, послушные, даже кончики выгледят иначе. Про аромат должна быть отдельная история, он космический. Пользуюсь шампунем и термоспреем этого производителя. Поэтому если вы сомневаетесь, уберите сомнения в сторону и приобретайте, не пожалеете. В наше время тяжело найти средство ухода для волос хорошего качества. Производителю желаю не останавливаться на достигнутом. Успехов.",знает такое креатин особенно процедуры волосы использования маски выглядят мягкие послушные кончики выгледят иначе аромат должна отдельная история космический пользуюсь шампунем термоспреем производителя поэтому сомневаетесь уберите сомнения сторону приобретайте не пожалеете наше время тяжело найти средство ухода волос хорошего качества производителю желаю не останавливаться достигнутом успехов,знать такой креатин особенно процедура волос использование маска выглядеть мягкий послушный кончик выгледят иначе аромат должный отдельный история космический пользоваться шампунь термоспреем производитель поэтому сомневаться убрать сомнение сторона приобретать не пожалеете наш время тяжёлый найти средство уход волос хороший качество производитель желать не останавливаться достигнуть успех
21235,5499,Косметика и уход,5,positive,2025-09-20,"Покупаю у вас второй раз. Качество действительно на высоте. Пожалуйста, не изменяет своим принципам, тщательно проверяйте качество товара, так как перед немного ранее купила, такую же маску в магазине, после двух использования увидела, что состояние волос значительно ухудшилось, чего раньше после использования этой маски ни когда не было. Пришлось заказать у вас. По получению вашей маски, сравнила обе. Магазинная была в такой же точно таре, но сама магазинная маска была с очень ярко выраженным приторним запахом и по цвету была ярче, чем у ваша. Разницу видно. Магазинную можно просто выкинуть, так как она оказалась подделкой.",покупаю второй качество действительно высоте пожалуйста не изменяет своим принципам тщательно проверяйте качество товара немного ранее купила такую маску магазине двух использования увидела состояние волос значительно ухудшилось раньше использования маски ни не пришлось заказать получению вашей маски сравнила обе магазинная точно таре сама магазинная маска очень ярко выраженным приторним запахом цвету ярче ваша разницу видно магазинную просто выкинуть оказалась подделкой,покупать второй качество действительно высота пожалуйста не изменять свой принцип тщательно проверяйте качество товар немного ранее купить такой маска магазин два использование увидеть состояние волос значительно ухудшиться ранний использование маска ни не прийтись заказать получение ваш маска сравнить оба магазинный точно тара сама магазинный маска очень ярко выраженный приторним запах цвет яркий ваша разница видно магазинный просто выкинуть оказаться подделка
21246,5502,Косметика и уход,4,positive,2026-06-15,5 практиков мало:( Пришло всё аккуратно красиво не повреждено Помыла голову им пока что с первого применения результат не очень видно,практиков мало пришло аккуратно красиво не повреждено помыла голову пока первого применения результат не очень видно,практик мало прийти аккуратно красиво не повредить помыть голова пока первый применение результат не очень видно
21268,5507,Товары для дома,5,positive,2026-06-23,"Рекомендую однозначно. Комплект очень нежный, качественно пошит, цвет, как на фото. Покупайте, даже не сомневайтесь. Спасибо продавцу за качество продаваемого товара. 👍 💐 Всё на высоте. 👍",рекомендую однозначно комплект очень нежный качественно пошит цвет фото покупайте не сомневайтесь спасибо продавцу качество продаваемого товара высоте,рекомендовать однозначно комплект очень нежный качественно пошит цвет фото покупать не сомневаться спасибо продавец качество продаваемого товар высота
21284,5516,Товары для дома,1,negative,2024-11-26,"Написанно бежевый-красный, пришёл грязно-бежевый с красным, будто на нём уже спасли, на фото упродавца не сильно видно что он бежевый, кажется даже немного белым, зато у девушки на пвз видно что он грязно- бежевый, ткань тоже не лучшего касества, и швы не ровные, короче, не рекомендкю)",написанно бежевый-красный пришёл грязно-бежевый красным нём спасли фото упродавца не сильно видно бежевый кажется немного белым зато девушки пвз видно грязно бежевый ткань не лучшего касества швы не ровные короче не рекомендкю,написанно бежевый красный прийти грязный бежевый красный нём спасти фото упродавца не сильно видно бежевый казаться немного белый зато девушка пвз видно бежевый ткань не хороший касества шов не ровный короткий не рекомендкю
21308,5526,Товары для дома,1,negative,2026-07-22,"Качество желает быть лучшим, особенно крой, простынь вся кривая ,одна наволочка выкроена вдоль другая поперёк, очень жаль ... Ожидала лучшего...",качество желает лучшим особенно крой простынь вся кривая одна наволочка выкроена вдоль другая поперёк очень жаль ожидала лучшего,качество желать хороший особенно крой простыня весь кривой одна наволочка выкроить вдоль другая поперёк очень жаль ожидать хороший
21383,5545,Товары для дома,5,positive,2023-06-28,"Кастрюльки отличные . Ручки не греются, еда долго сохраняет тепло . Несмотря на то, что 7ли из Казахстана в Москву - товар пришел в хорошем состоянии.",кастрюльки отличные ручки не греются еда долго сохраняет тепло несмотря казахстана москву товар пришел хорошем состоянии,кастрюлька отличный ручка не греются еда долго сохранять тепло несмотря казахстан москва товар прийти хороший состояние
21391,5547,Товары для дома,5,positive,2026-01-25,"Классные кастрюли, не знаю пока как покажут себя в деле но к покупке рекомендую. На подарок очень хорошо. Пришёл набор хорошо упакованный, продавцу 5",классные кастрюли не знаю пока покажут деле покупке рекомендую подарок очень хорошо пришёл набор хорошо упакованный продавцу,классный кастрюля не знать пока показать дело покупка рекомендовать подарок очень хорошо прийти набор хорошо упакованный продавец
21455,5567,Товары для дома,5,positive,2026-07-22,"Набор кастрюль мне понравился 👍, с виду вроде бы маленькие, но как заявлено 2л и 3л. Очень изящные, не громоздкие, такие- как хотела... 😉 качество хорошее, упаковано отлично... Спасибо продавцу за хороший товар 😊 Надеюсь, будут радовать меня долго...",набор кастрюль понравился виду вроде маленькие заявлено л л очень изящные не громоздкие такие хотела качество хорошее упаковано отлично спасибо продавцу хороший товар надеюсь будут радовать долго,набор кастрюля понравиться виду вроде маленький заявить л л очень изящный не громоздкий хотеть качество хороший упаковать отлично спасибо продавец хороший товар надеяться быть радовать долго
21465,5568,Товары для дома,5,positive,2026-03-02,"Даже не ожидала, что они такие красивые. Дно реально толстое, стенки у кастрюль не тонкие. Смотрятся просто загляденье! Вся коробка с тремя кастрюлями очень тяжёлая, потому что каждая из набора тяжеленькая. Пришлось доставку оформить курьером, потому что серьезный вес, да и коробка большая. Всё целое, и крышки, и сами кастрюли. Прекрасно упаковано внутри и проложено всякими паролончиками и целлофаном. Покупала на подарок человеку, который занимается заготовками на зиму, он был в восторге! Потому что такие большие качественные кастрюли ещё надо поискать, да за такую цену! Пожалела, что не сфотографировала, но снимок на карточке товара соответствует реальному виду. Очень рекомендую хозяюшкам!)) Отличный набор кастрюль!",не ожидала такие красивые дно реально толстое стенки кастрюль не тонкие смотрятся просто загляденье вся коробка тремя кастрюлями очень тяжёлая каждая набора тяжеленькая пришлось доставку оформить курьером серьезный вес коробка большая целое крышки сами кастрюли прекрасно упаковано внутри проложено всякими паролончиками целлофаном покупала подарок человеку который занимается заготовками зиму восторге такие большие качественные кастрюли поискать такую цену пожалела не сфотографировала снимок карточке товара соответствует реальному виду очень рекомендую хозяюшкам отличный набор кастрюль,не ожидать такой красивый дно реально толстый стенка кастрюля не тонкий смотрятся просто загляденье весь коробка три кастрюля очень тяжёлый каждый набор тяжёленький прийтись доставка оформить курьер серьёзный вес коробка больший целый крышка сами кастрюля прекрасно упаковать внутри проложить всякий паролончиками целлофан покупать подарок человек который заниматься заготовка зима восторг такой больший качественный кастрюля поискать такой цена пожалеть не сфотографировать снимок карточка товар соответствовать реальный вид очень рекомендовать хозяюшкам отличный набор кастрюль
21479,5572,Товары для дома,5,positive,2026-02-07,"Всем советую 🔥 Очень порадовала скидка, набор обошелся в 4600 рублей и доставка 1 день🔥. Упаковано на совесть, нигде ничего не болтается, каждая крышка и кастрюля в индивидуальном пакете и много картонок. Кастрюли тяжеленькие, то что надо,внутри мерная шкала. Всем советую продавца👍",всем советую очень порадовала скидка набор обошелся рублей доставка день упаковано совесть нигде не болтается каждая крышка кастрюля индивидуальном пакете картонок кастрюли тяжеленькие внутри мерная шкала всем советую продавца,весь советовать очень порадовать скидка набор обойтись рубль доставка день упаковать совесть нигде не болтаться каждый крышка кастрюля индивидуальный пакет картонка кастрюля тяжёленький внутри мерный шкала весь советовать продавец
21496,5578,Товары для дома,5,positive,2025-12-11,"Тяжелые качественные кастрюли с пятислойным дном. Стенки толстые, ручки как у моих. Стекло прочное. Купила на смену похожим семислойным, которыми пользовались 20 лет( тяжелые, ручки кастрюли и ручки крышки не нагреваются или слегка; пища долго остается теплой) Посмотрим как будут эти в эксплуатации!?",тяжелые качественные кастрюли пятислойным дном стенки толстые ручки моих стекло прочное купила смену похожим семислойным которыми пользовались лет тяжелые ручки кастрюли ручки крышки не нагреваются слегка пища долго остается теплой посмотрим будут эксплуатации,тяжёлый качественный кастрюля пятислойным дно стенка толстый ручка моих стекло прочный купить смена похожий семислойным которыми пользоваться год тяжёлый ручка кастрюля ручка крышка не нагреваться слегка пища долго оставаться тёплый посмотреть быть эксплуатация
21507,5579,Товары для дома,5,positive,2025-11-27,"Спасибо за упаковку. Кастрюли хорошие, Нину с один Дороговато за две штуки конечно🥺зашла в магазин и была огорчена тем что можно было за эту цену Три штуки приобрести",спасибо упаковку кастрюли хорошие нину дороговато две штуки зашла магазин огорчена цену штуки приобрести,спасибо упаковка кастрюли хороший нина дороговато два штука зайти магазин огорчить цена штука приобрести
21550,5596,Товары для дома,1,negative,2026-07-09,"Очень плохого качества липкие как бумажные, ручка оторвалась сразу хотя короб даже не был загружен, однозначно не рекомендую, развалится. Неудобные и очень мягкие.",очень плохого качества липкие бумажные ручка оторвалась сразу хотя короб не загружен однозначно не рекомендую развалится неудобные очень мягкие,очень плохой качество липкий бумажный ручка оторваться сразу хотя короб не загрузить однозначно не рекомендовать развалится неудобный очень мягкий
21583,5608,Товары для дома,5,positive,2025-10-10,"Вместительные Не очень хорошо держать форму. Но в принципе, об этом и не было заявлено. Кому принципиально жёсткий каркас , то не подойдёт",вместительные не очень хорошо держать форму принципе не заявлено кому принципиально жёсткий каркас не подойдёт,вместительный не очень хорошо держать форма принцип не заявить кто принципиально жёсткий каркас не подойти
21638,5629,Товары для дома,5,positive,2026-02-13,"Если для пользования при отключении света - лучше чем свечи)) Лёгкая, маленькая, выручает при отключениях света. 3 режима + приятный ровный свет На минимальном режиме светит 60-80 мин при полной зарядке",пользования отключении света свечи лёгкая маленькая выручает отключениях света режима приятный ровный свет минимальном режиме светит мин полной зарядке,пользование отключение свет свеча лёгкий маленький выручать отключение свет режим приятный ровный свет минимальный режим светить мина полный зарядка
21680,5641,Электроника,3,neutral,2026-01-07,"Отличные на вид плюс , в складывании. Заукоподовляемость ноль. И ты слышишь что говорят и все слушаю что у тебя в наушниках, ладно музыку но и разговоры",отличные вид плюс складывании заукоподовляемость ноль слышишь говорят слушаю наушниках ладно музыку разговоры,отличные вид плюс складывание заукоподовляемость ноль слышать говорить слушать наушник ладно музыка разговор
21683,5642,Электроника,1,negative,2026-07-21,"При малейшем косании наушника ставят на паузу, потом долго тупят чтобы включить, очень неудобные, при отключении одного наушника, повторно не подключается без постановки в бокс, не рекомендую.",малейшем косании наушника ставят паузу долго тупят включить очень неудобные отключении одного наушника повторно не подключается постановки бокс не рекомендую,малый косании наушник ставить пауза долго тупят включить очень неудобный отключение одного наушник повторно не подключаться постановка бокс не рекомендовать
21694,5643,Электроника,5,positive,2026-07-16,"Понравились часы, купили ребенку, стильные, яркий дисплей, есть много функций, шагомер, приходят уведомления с телефона, измеряют пульс, удобная магнитная зарядка, заряд долго держат.",понравились часы купили ребенку стильные яркий дисплей функций шагомер приходят уведомления телефона измеряют пульс удобная магнитная зарядка заряд долго держат,понравиться час купить ребёнок стильный яркий дисплей функция шагомер приходить уведомление телефон измерять пульс удобный магнитный зарядка заряд долго держать
21719,5649,Электроника,5,positive,2026-07-02,Часы отличные. Советую к покупке. Пришли быстро в нормальной упаковке. Быстро подключился. Не могу пока настроить уведомления. Завтра спрошу у специалистов.,часы отличные советую покупке пришли быстро нормальной упаковке быстро подключился не могу пока настроить уведомления завтра спрошу специалистов,час отличный советовать покупка прийти быстро нормальный упаковка быстро подключиться не мочь пока настроить уведомление завтра спросить специалист
21744,5653,Электроника,5,positive,2026-07-19,"Умные часы понравились. Положительным аспектом является корректное измерение сердечного ритма, что подтвердилось при перепроверке с помощью механического тонометра. Это позволяет решать проблему с мониторингом артериального давления, обеспечивая возможность наблюдения за показателями в любое время и в любом месте.",умные часы понравились положительным аспектом является корректное измерение сердечного ритма подтвердилось перепроверке помощью механического тонометра позволяет решать проблему мониторингом артериального давления обеспечивая возможность наблюдения показателями любое время любом месте,умный час понравиться положительный аспект являться корректный измерение сердечный ритм подтвердиться перепроверка помощь механический тонометр позволять решать проблема мониторинг артериальный давление обеспечивать возможность наблюдение показатель любой время любой место
21748,5653,Электроника,5,positive,2026-07-14,"Дизайн очень понравился. Заказывала четыре вида. Выбрала эти. За счет граней и небольшое количество страз смотрится очень эффектно, переливаются 👍 Единственное не очень чувствуется вибрация при вызовах, немного напрягает. В Макс смс приходит с вб приходит, с ВК нет смс.",дизайн очень понравился заказывала четыре вида выбрала счет граней небольшое количество страз смотрится очень эффектно переливаются единственное не очень чувствуется вибрация вызовах немного напрягает макс смс приходит вб приходит вк нет смс,дизайн очень понравиться заказывала четыре вид выбрать счёт грань небольшой количество страз смотреться очень эффектно переливаются единственный не очень чувствоваться вибрация вызов немного напрягать макс смс приходить вб приходить вк нет смс
21750,5653,Электроника,5,positive,2026-07-09,"Очень крутые часы. Смотрятся стильно и дорого. Интуитивно понятный интерфейс. Большой выбор настроек и параметров, отслеживают шаги четко, без уменьшения или лишней прибавки. Приложение позволяет совместить с айфоновским приложением параметры, что тоже огромный плюс. Отдельно хочется отменить стильную упаковку, в которой и подарить не стыдно",очень крутые часы смотрятся стильно дорого интуитивно понятный интерфейс большой выбор настроек параметров отслеживают шаги четко уменьшения лишней прибавки приложение позволяет совместить айфоновским приложением параметры огромный плюс отдельно хочется отменить стильную упаковку которой подарить не стыдно,очень крутой час смотреться стильно дорого интуитивно понятный интерфейс большой выбор настройка параметр отслеживать шаг четко уменьшение лишний прибавка приложение позволять совместить айфоновским приложение параметр огромный плюс отдельно хотеться отменить стильный упаковка которой подарить не стыдно
21785,5661,Электроника,3,neutral,2025-12-15,"Кто нибудь у продавца следит за тем, что конкретно заказал человек или пофиг? Внешне неплохо, а какова истины емкость-покаже 3-4 цикла заряд-разряд Заказывал черный, а пришёл белый",продавца следит конкретно заказал человек пофиг внешне неплохо какова истины емкость-покаже цикла заряд-разряд заказывал черный пришёл белый,продавец следить конкретно заказать человек пофиг внешне неплохой какова истина ёмкость покаже цикл заряд разряд заказывать чёрный прийти белый
21822,5669,Электроника,5,positive,2026-07-14,"Повербанк пришёл упакованный, коробка целая. Начальный заряд 68%, заряжает быстро, сам разряжается медленно. В комплекте шёл провод type-c, зарядить сам повербанк можно как от провода type-c, так и от micro-USB. Единственное, что может смущать, вес устройства, но вы не пожалеете, если приобретете его.",повербанк пришёл упакованный коробка целая начальный заряд заряжает быстро разряжается медленно комплекте шёл провод зарядить повербанк провода единственное смущать вес устройства не пожалеете приобретете,повербанк прийти упакованный коробка целый начальный заряд заряжать быстро разряжаться медленно комплект шёл провод type c зарядить повербанк провод type c micro usb единственный смущать вес устройство не пожалеете приобрести
21883,5685,Электроника,5,positive,2026-03-16,"Как зарядка для телефона хороший вариант, если у вас любой телефон кроме Realme, Oppo и других суббрендов концерна BBK Хорошее качество исполнения, индикация заряда и быстрой зарядки, компактный, не сильно тяжелый, поддерживает быстрый заряд как телефонов так и самого себя, ну быстрый конечно же не на полную мощьность, а 22w. 1. К сожалению не работает быстрая зарядка с телефонами Realme, но это проблема телефонов, а не павербанка, т.к. у Realme своя технология б/з. Vooc. 2.Второй момент, usb лампочки не работают на этом павербанке т.к. он их просто не видит 3. Встроеная подсветка ни о чём, очень тусклый холодный не приятный свет.",зарядка телефона хороший вариант любой телефон кроме других суббрендов концерна хорошее качество исполнения индикация заряда быстрой зарядки компактный не сильно тяжелый поддерживает быстрый заряд телефонов самого быстрый не полную мощьность сожалению не работает быстрая зарядка телефонами проблема телефонов не павербанка т своя технология б з второй момент лампочки не работают павербанке т просто не видит встроеная подсветка ни чём очень тусклый холодный не приятный свет,зарядка телефон хороший вариант любой телефон кроме realme oppo других суббрендов концерн bbk хороший качество исполнение индикация заряд быстрый зарядка компактный не сильно тяжёлый поддерживать быстрый заряд телефон самого быстрый не полный мощьность сожаление не работать быстрый зарядка телефон realme проблема телефон не павербанка т realme свой технология б з vooc второй момент usb лампочка не работать павербанке т просто не видеть встроеная подсветка ни чём очень тусклый холодный не приятный свет
21886,5686,Электроника,5,positive,2026-07-19,Отличный повербанк! Пять устройств за раз поставил на зарядку. Все четко! Ощущение что в нем реальная емкость. Спасибо продавцу. Рекомендую.,отличный повербанк пять устройств поставил зарядку четко ощущение нем реальная емкость спасибо продавцу рекомендую,отличный повербанк пять устройство поставить зарядка чёткий ощущение нем реальный ёмкость спасибо продавец рекомендовать
21914,5696,Электроника,1,negative,2026-01-26,"Колонка хорошо работал одну неделю, потом перестал работать. Зарядку принимает, но не включается. Я ничего с ним не делал, он не падал из рук.",колонка хорошо работал одну неделю перестал работать зарядку принимает не включается не делал не падал рук,колонка хорошо работать одну неделя перестать работать зарядка принимать не включаться не делать не падать рука
21974,5717,Электроника,5,positive,2026-07-04,"Для информации что я заметил: серия ""air eco"" отличается от просто ""air"" тем что коробка чуть проще, нет целлофановой защиты коробки и в комплекте нет провода type-c для зарядки. Характеристики/дизайн наушников и самого бокса идентичные. Т.е. по факту лишнее убрали и цена стала привлекательнее. Всем советую, смысла переплачивать нет. Шикарные наушники. Цена просто песня - 635р. Оригинал. Звук хороший. К смартфону Tecno подключились за 1сек.",информации заметил серия отличается просто коробка проще нет целлофановой защиты коробки комплекте нет провода зарядки характеристики дизайн наушников самого бокса идентичные т е факту лишнее убрали цена стала привлекательнее всем советую смысла переплачивать нет шикарные наушники цена просто песня р оригинал звук хороший смартфону подключились сек,информация заметить серия air eco отличаться просто air коробка простой нет целлофановый защита коробка комплект нет провод type c зарядка характеристика дизайн наушник самого бокс идентичный т е факт лишний убрать цена стать привлекательный весь советовать смысл переплачивать нет шикарный наушник цена просто песня р оригинал звук хороший смартфон tecno подключиться сек
21979,5718,Электроника,1,negative,2026-07-13,"Включила наушники, не прошло и 5ти минут как правый наушник сел со 100% до 42, хотя всю ночь был в заряженности футляре! Хватило заряда на 25 минут левого наушника! Все видно на скриншотах!!! Верните деньги или пришлите новый наушник, пользоваться данной аппаратурой невозможно, хотя до этого брали у вас и все было хорошо Ничего Левый наушник разряжается не успеешь моргнуть",включила наушники не прошло ти минут правый наушник сел хотя ночь заряженности футляре хватило заряда минут левого наушника видно скриншотах верните деньги пришлите новый наушник пользоваться данной аппаратурой невозможно хотя брали хорошо левый наушник разряжается не успеешь моргнуть,включить наушник не пройти ти минута правый наушник сесть хотя ночь заряженность футляре хватить заряд минута левый наушник видный скриншот вернуть деньга прислать новый наушник пользоваться данной аппаратура невозможный хотя брать хорошо левый наушник разряжаться не успеешь моргнуть
21986,5719,Электроника,5,positive,2026-07-11,"Наушники пришли в хорошей заводской упаковке. Внутри с наушниками шнур для зарядки и амбушюры нескольких размеров. На экране зарядного кейса яркая индикация зарядки наушников. Наушники без проблем подключились к телефону. Инструкция, понятная и подробная. Качество звука отличное. Покупкой доволен.",наушники пришли хорошей заводской упаковке внутри наушниками шнур зарядки амбушюры нескольких размеров экране зарядного кейса яркая индикация зарядки наушников наушники проблем подключились телефону инструкция понятная подробная качество звука отличное покупкой доволен,наушник прийти хороший заводский упаковка внутри наушник шнур зарядка амбушюры несколько размер экран зарядного кейс яркий индикация зарядка наушник наушник проблема подключиться телефон инструкция понятный подробный качество звук отличный покупка довольный
22018,5724,Электроника,2,negative,2026-03-05,"Ребенок расстроился вместо радости - бесконечное ожидание Хорошее качество звука и картинки на дисплее. Подарили ребёнку на новый год, все было хорошо, но 31 января дисплей пошел пятнами, которые с каждым днём все увеличивались к 5 февраля, когда часы сдали в ремонт на дисплее уже ничего не было видно. Отвезли в сервис 5 февраля, до сих пор не починили. Сказали, что если за 45 дней не починят выдадут акт о неремонтопригодности.",ребенок расстроился вместо радости бесконечное ожидание хорошее качество звука картинки дисплее подарили ребёнку новый год хорошо января дисплей пошел пятнами которые каждым днём увеличивались февраля часы сдали ремонт дисплее не видно отвезли сервис февраля сих пор не починили сказали дней не починят выдадут акт неремонтопригодности,ребёнок расстроиться вместо радость бесконечный ожидание хороший качество звук картинка дисплей подарить ребёнок новый год хороший январь дисплей пойти пятно которые каждый днём увеличиваться февраль час сдать ремонт дисплей не видно отвезти сервис февраль сей пора не починить сказать день не починить выдать акт неремонтопригодности
22037,5727,Электроника,5,positive,2026-04-19,"Брала год назад фиолетовый. Доча прибрала себе. Год работает верой и правдой. Решила взять другого цвета, чтобы не путать. Заряжает быстро. По весу не сильно тяжёлый, но ощутимый",брала год назад фиолетовый доча прибрала год работает верой правдой решила взять другого цвета не путать заряжает быстро весу не сильно тяжёлый ощутимый,брать год назад фиолетовый доча прибрала год работать вера правда решить взять другого цвет не путать заряжать быстро вес не сильно тяжёлый ощутимый
22067,5736,Одежда и обувь,3,neutral,2026-07-03,"Обратила внимание только спусти несколько дней, задняя сторона кроссовок точнее рисунок отличается. Так же как и стелька так и было задумано либо это мне попался брак?",обратила внимание спусти несколько дней задняя сторона кроссовок точнее рисунок отличается стелька задумано либо попался брак,обратить внимание спусти несколько день задний сторона кроссовок точнее рисунок отличаться стелька задумать либо попасться брак
22080,5741,Одежда и обувь,5,positive,2025-04-02,"Почитали отзывы, где писали, что маломерят. Заказали на размер больше, но! Либо разные модели другие покупали, сыну немного великоваты. Все равно выкупили, качество понравилось, даже документы были вложены (первый раз такое вижу). Очень легкие. Посмотрим сколько прослужат. Легкие, фирменные",почитали отзывы писали маломерят заказали размер либо разные модели другие покупали сыну немного великоваты равно выкупили качество понравилось документы вложены первый такое вижу очень легкие посмотрим сколько прослужат легкие фирменные,почитать отзыв писать маломерят заказать размер либо разный модель другие покупать сын немного великоваты равный выкупить качество понравиться документ вложить первый такой видеть очень лёгкий посмотреть сколько прослужить лёгкий фирменный
22086,5745,Одежда и обувь,3,neutral,2026-07-21,Думаю не хватит на 1 летний сезон Внешне стильные. Подросток выбрал именно эту модель Через месяц начались проблемы с подошвой: начала протираться и лопаться,думаю не хватит летний сезон внешне стильные подросток выбрал именно модель месяц начались проблемы подошвой начала протираться лопаться,думать не хватить летний сезон внешне стильный подросток выбрать именно модель месяц начаться проблема подошва начать протираться лопаться
22089,5746,Одежда и обувь,5,positive,2025-09-01,"В целом хорошие кроссовки за эти деньги. Но мои пришлось немного доделать. Ничего серьёзного просто для эстетики, а так никак не влияет на качество исходного продукта Не надо разносить. Просто одел и пошел без дискомфорта Пришлось немного доделать.",целом хорошие кроссовки деньги мои пришлось немного доделать серьёзного просто эстетики никак не влияет качество исходного продукта не разносить просто одел пошел дискомфорта пришлось немного доделать,целое хороший кроссовки деньга мой прийтись немного доделать серьёзный просто эстетика никак не влиять качество исходный продукт не разносить просто одеть пойти дискомфорт прийтись немного доделать
22141,5764,Одежда и обувь,3,neutral,2026-06-06,"Идея этой куртки может и хорошая ,но в реальности она ужасная.пусть фабрика не обижается ,но зря они такие создали.вб спасибо за доставку!",идея куртки хорошая реальности ужасная пусть фабрика не обижается зря такие создали вб спасибо доставку,идея куртка хороший реальность ужасный пусть фабрика не обижаться зря такой создать вб спасибо доставка
22170,5769,Одежда и обувь,4,positive,2026-01-12,"Очень не опрятный пошив, нитки прям торчат абсолютно везде и крвые швы ! Думаю, что дочери на год хватит. Не зима. Цвет Пошив",очень не опрятный пошив нитки прям торчат абсолютно везде крвые швы думаю дочери год хватит не зима цвет пошив,очень не опрятный пошив нитка прям торчать абсолютно везде крвые шов думать дочь год хватить не зима цвет пошив
22246,5781,Одежда и обувь,5,positive,2026-02-16,"Заказывала 4 разных расцветки, этот даже мерить не стала, из за цвета, в итоге только он и подошел, на фоне ярких этот цвет был тусклым, а в носке пригляделась, осень даже хорошо, приглушенный, дада рада что его выбрала, теплый, уютный, длинный, такой и хотела",заказывала разных расцветки мерить не стала цвета итоге подошел фоне ярких цвет тусклым носке пригляделась осень хорошо приглушенный дада рада выбрала теплый уютный длинный хотела,заказывать разный расцветка мерить не стать цвет итог подойти фон яркий цвет тусклый носок пригляделась осень хороший приглушенный дада рад выбрать тёплый уютный длинный хотеть
22288,5789,Одежда и обувь,5,positive,2025-11-03,"Покупкой довольна Куртка суперская, теплая, пришла отлично упакованная,без брака,нитки не торчат, давно такую модель искала, можно так же талию подчеркнуть и так же носить в свободной форме.",покупкой довольна куртка суперская теплая пришла отлично упакованная брака нитки не торчат давно такую модель искала талию подчеркнуть носить свободной форме,покупка довольный куртка суперская тёплый прийти отлично упакованная брак нитка не торчать давно такой модель искать талия подчеркнуть носить свободный форма
22315,5795,Одежда и обувь,5,positive,2025-05-10,"Куртка понравилась, интересная и удобная модель, по качеству претензий нет. Немного тонковата. Больше подойдёт для теплой зимы или как демисезонная.",куртка понравилась интересная удобная модель качеству претензий нет немного тонковата подойдёт теплой зимы демисезонная,куртка понравиться интересный удобный модель качество претензия нет немного тонковата подойти тёплый зима демисезонный
22363,5804,Одежда и обувь,3,neutral,2026-01-15,"Такое ощущение, что его носили, причём долго. Сбоку пятно. Весь мятый, с видимыми следами износа. Сняла всего лишь две звезды, и то только потому, что сам пуховик мне понравился когда я меряла прошлый раз больший размер, тот был в идеале. По размеру: на рост 162 рукава сидят лучше, но как то все плотничком сидит, ге жмёт конечно, просто облегает, но запас как бы есть. Только скорость доставки Состояние",такое ощущение носили причём долго сбоку пятно весь мятый видимыми следами износа сняла лишь две звезды пуховик понравился меряла прошлый больший размер идеале размеру рост рукава сидят плотничком сидит ге жмёт просто облегает запас скорость доставки состояние,такой ощущение носить причём долго сбоку пятно весь мятый видимый след износ снять лишь два звезда пуховик понравиться мерить прошлый больший размер идеал размер рост рукав сидеть плотничком сидеть ге жмёт просто облегать запас скорость доставка состояние
22397,5810,Одежда и обувь,5,positive,2025-11-03,"Куртка классная, цвет красивый, но вот карманы для меня слишком низко.. Мой размер 40-42, но эта прям оверсайз Цвет На рост от 160см..",куртка классная цвет красивый карманы слишком низко размер эта прям оверсайз цвет рост см,куртка классный цвет красивый карман слишком низко размер этот прям оверсайз цвет рост
22399,5811,Одежда и обувь,2,negative,2026-01-20,"Люблю белые вещи , но с этой курткой одно недоразумение и разочарование. Получился одноразовый вариант. Зря потраченные деньги. Внешний вид. При длине куртки 80 см вшит замок с одним бегунком. Очень неудобно при ходьбе и садиться в машину. После первой стирки, на деликатном режиме скомкался весь утеплитель. Ткань очень маркая и очень плохо отстирывается.",люблю белые вещи курткой одно недоразумение разочарование получился одноразовый вариант зря потраченные деньги внешний вид длине куртки см вшит замок одним бегунком очень неудобно ходьбе садиться машину первой стирки деликатном режиме скомкался весь утеплитель ткань очень маркая очень плохо отстирывается,любить белый вещь куртка одно недоразумение разочарование получиться одноразовый вариант зря потратить деньга внешний вид длина куртка см вшит замок одним бегунок очень неудобный ходьба садиться машина первый стирка деликатный режим скомкаться весь утеплитель ткань очень маркий очень плохо отстирывается
22403,5811,Одежда и обувь,5,positive,2025-12-31,"Куртка отличная! Качество супер! Попу закрывает. Взяла большой размер, чтобы одевать а свитер. И тоже велика, переборщила с размером. Мой размер 54-56. В любом случае нужно мерить. Кто-то любит размер в размер, кто-то посвободнее. Мне нравится большой капюшон и воротник высокий, когда полностью застегиваешь молнию. Для меня куртка тяжеловата, но терпимо. Можно и легче синтепон использовать в производстве.",куртка отличная качество супер попу закрывает взяла большой размер одевать свитер велика переборщила размером размер любом случае нужно мерить кто-то любит размер размер кто-то посвободнее нравится большой капюшон воротник высокий полностью застегиваешь молнию куртка тяжеловата терпимо легче синтепон использовать производстве,куртка отличный качество супер попа закрывать взять большой размер одевать свитер большой переборщить размер размер любой случай нужный мерить любить размер размер свободный нравиться большой капюшон воротник высокий полностью застёгивать молния куртка тяжеловата терпимый лёгкий синтепон использовать производство
22410,5812,Одежда и обувь,4,positive,2025-03-27,"Не выкупила. Даже примерять не стала, потому что для меня очень тяжелое пальто. Наверно, хорошее и теплое. Звезду сняла за тяжесть.",не выкупила примерять не стала очень тяжелое пальто наверно хорошее теплое звезду сняла тяжесть,не выкупить примерять не стать очень тяжёлый пальто наверно хороший тёплый звезда снять тяжесть
22438,5815,Одежда и обувь,5,positive,2026-01-06,"Всё!она идеальная!мех очень богатый, внутри подклад, очень теплый. На ОГ-102, ОБ-110 подошел бы 48 р-р,но взяла 50 р-р, т.к. люблю посвободней.",идеальная мех очень богатый внутри подклад очень теплый ог подошел р-р взяла р-р т люблю посвободней,идеальный мех очень богатый внутри подклад очень тёплый подойти р р взять р р т любить посвободней
22440,5815,Одежда и обувь,5,positive,2025-10-10,"Очень красивая парка, мне безумно понравился цвет, мех, качество. Но для меня короткова, я конечно изначально предполагала это, прочитав в описании рост модели и посмотрев фото, рискнула заказать, влюбилась в эту парку, а выкупила все же горький шоколад в длинном варианте. Благодорю продавца за поекрасное отношение к покупателям - к каждой парке прилагается подарок в виде платка.",очень красивая парка безумно понравился цвет мех качество короткова изначально предполагала прочитав описании рост модели посмотрев фото рискнула заказать влюбилась парку выкупила горький шоколад длинном варианте благодорю продавца поекрасное отношение покупателям каждой парке прилагается подарок виде платка,очень красивый парка безумно понравиться цвет мех качество коротков изначально предполагать прочитать описание рост модель посмотреть фото рискнуть заказать влюбиться парка выкупить горький шоколад длинный вариант благодорю продавец поекрасное отношение покупатель каждый парка прилагаться подарок вид платок
22461,5819,Одежда и обувь,5,positive,2026-07-21,"Отличное платье, сшито качественно. Пришло очень быстро, упаковано четко. На свой 44 село свободно не в обтяжку. Покупкой очень довольна👍🏻рекомендую 🤗",отличное платье сшито качественно пришло очень быстро упаковано четко свой село свободно не обтяжку покупкой очень довольна рекомендую,отличный платье сшить качественно прийти очень быстро упаковать четко свой село свободно не обтяжка покупка очень довольный
22513,5835,Одежда и обувь,5,positive,2026-06-16,"Платье понравилось. Ткань очень приятная к телу, расцветка летняя и радостная. Размер на мой взгляд 48/50. Мои параметры рост 167 ОГ 100 ОТ 80 ОБ 108.",платье понравилось ткань очень приятная телу расцветка летняя радостная размер взгляд мои параметры рост ог,платье понравиться ткань очень приятный тело расцветка летний радостный размер взгляд мой параметр рост ог
22526,5839,Одежда и обувь,5,positive,2026-07-10,"Очень хорошее платье. Приятный тонкий трикотаж, в жару прямо очень хорошо. На мой размер 126-109-126 взяла размер xxxl. В бёдрах свободно, но регулируется поясом. Заказывала два размера. От xxl пришлось отказаться, так как в груди тесновато, а в бёдрах также свободно.",очень хорошее платье приятный тонкий трикотаж жару прямо очень хорошо размер взяла размер бёдрах свободно регулируется поясом заказывала размера пришлось отказаться груди тесновато бёдрах также свободно,очень хороший платье приятный тонкий трикотаж жара прямо очень хороший размер взять размер xxl бёдрах свободно регулироваться пояс заказывала размер xxl прийтись отказаться грудь тесновато бёдрах также свободно
22554,5848,Одежда и обувь,2,negative,2026-06-06,Вообще не советую *** Рз соответствует Сразу выцвели через неделю и на нем есть большие кресты белые от паховой области до колени,вообще не советую рз соответствует сразу выцвели неделю нем большие кресты белые паховой области колени,вообще не советовать рз соответствовать сразу выцвести неделя нем больший крест белый паховой область колени
22594,5864,Одежда и обувь,5,positive,2023-09-14,"Понравились. На икру 45 см застегнулись хорошо, но на рост 160 они до середины колена практически, выбор в пользу другой модели этого производителя",понравились икру см застегнулись хорошо рост середины колена практически выбор пользу модели производителя,понравиться икра см застегнуться хорошо рост середина колено практически выбор польза модель производитель
22598,5864,Одежда и обувь,5,positive,2023-03-02,"Сапоги отличные. Действительно нат кожа. Мягкая, хорошо, выделанная.Прежде чем заказать, я почитала отзывы девочек.... И называется промахнулась. Широкие в голенище. На мои 43 см, очень широкие даже с джинсами. . Тем у кого широкие голенище , девочки заказывайте. Не пожалеете. Размер тоже большемерит. На мой 40 я в них утонула. А так сапоги очень хорошие.",сапоги отличные действительно нат кожа мягкая хорошо выделанная прежде заказать почитала отзывы девочек называется промахнулась широкие голенище мои см очень широкие джинсами кого широкие голенище девочки заказывайте не пожалеете размер большемерит утонула сапоги очень хорошие,сапог отличный действительно нат кожа мягкий хорошо выделанная прежде заказать почитать отзыв девочка называться промахнулась широкий голенище мой см очень широкий джинсами кто широкий голенище девочка заказывайте не пожалеете размер большемерит утонуть сапог очень хороший
22632,5871,Одежда и обувь,5,positive,2026-03-05,Сапоги отличные. И вид и качество товара на высоте. Да еще и цена привлекательная. Но не подошли по размеру. Отказ в пользу другой модели,сапоги отличные вид качество товара высоте цена привлекательная не подошли размеру отказ пользу модели,сапог отличный вид качество товар высота цена привлекательный не подойти размер отказ польза модель
22677,5882,Одежда и обувь,5,positive,2026-06-28,"Отличные сапоги! На 38 свой размер, длина стопы 25, без теплого вкладыша большеваты на размер где-то, а с вкладкой размер в размер",отличные сапоги свой размер длина стопы теплого вкладыша большеваты размер где-то вкладкой размер размер,отличный сапог свой размер длина стопа тёплый вкладыш большеваты размер вкладка размер размер
22694,5885,Одежда и обувь,5,positive,2026-03-17,"Отличные сапоги, мне сложно подобрать нужную модель, в щиколотке нога узенькая, а икра не так мала как хотелось бы! но эта модель села восхитительно! Девочки, берите не пожалеете, особенно у кого икра не худая",отличные сапоги сложно подобрать нужную модель щиколотке нога узенькая икра не мала хотелось эта модель села восхитительно девочки берите не пожалеете особенно кого икра не худая,отличный сапог сложный подобрать нужный модель щиколотка нога узенький икра не мала хотеться этот модель село восхитительно девочка брать не пожалеете особенно кто икра не худая
22732,5894,Одежда и обувь,5,positive,2026-03-12,"Пришли в маленькой, рваной коробке от другого производителя. Сапожки отличные, на ноге сидят хорошо. На мой 38 размер идеально сел 37.",пришли маленькой рваной коробке другого производителя сапожки отличные ноге сидят хорошо размер идеально сел,прийти маленький рваный коробка другого производитель сапожки отличный нога сидеть хорошо размер идеально сесть
22800,5907,Косметика и уход,5,positive,2026-06-05,"Крем хорошо справился с пигментными пятнами, постепенно отбелил мою кожу. Результат заметила не сразу, стала регулярно им пользоваться и за месяц увидела результат, который очень меня порадовал. Тон лица выровнялся, кожа выглядит ухоженной и чистой",крем хорошо справился пигментными пятнами постепенно отбелил мою кожу результат заметила не сразу стала регулярно пользоваться месяц увидела результат который очень порадовал тон лица выровнялся кожа выглядит ухоженной чистой,крем хорошо справиться пигментный пятно постепенно отбелить мой кожа результат заметить не сразу стать регулярно пользоваться месяц увидеть результат который очень порадовать тон лицо выровняться кожа выглядеть ухоженный чистый
22826,5910,Косметика и уход,5,positive,2025-10-03,"Беру второй раз. Отличный крем, идёт и в вечернем и в утреннем уходе. Под макияж тоже замечательно! Не жирнит, матово-бархатный финиш. Я очень довольна. Рекомендую!",беру второй отличный крем идёт вечернем утреннем уходе макияж замечательно не жирнит матово-бархатный финиш очень довольна рекомендую,брать второй отличный крем идти вечерний утренний уход макияж замечательный не жирнит матовый бархатный финиш очень довольный рекомендовать
22849,5914,Косметика и уход,5,positive,2026-07-23,"С самого начала хочу сказать спасибо продавцу. Товар пришёл отлично упакованный. Подарочная коробка в исключительном состоянии. Она была упакованна в картонную. Покупала себе, так как пользуюсь кремами ""Черный жемчуг"" много лет. Мне подходят серии 56+.Заказала этот вариант. Знаю что понравится. Но отношении к своим покупателям очень порадовало. Только за это уже 5 звёзд. В кремах я уверена. Хороших вам, ребята, продаж!",самого начала хочу спасибо продавцу товар пришёл отлично упакованный подарочная коробка исключительном состоянии упакованна картонную покупала пользуюсь кремами черный жемчуг лет подходят серии заказала вариант знаю понравится отношении своим покупателям очень порадовало звёзд кремах уверена хороших ребята продаж,самого начало хотеть спасибо продавец товар прийти отлично упакованный подарочный коробка исключительный состояние упакованна картонный покупать пользоваться крем чёрный жемчуг год подходить серия заказать вариант знать понравиться отношение свой покупатель очень порадовать звезда крем уверена хороший ребята продажа
22857,5917,Косметика и уход,2,negative,2026-03-23,"здравствуйте, крем пришёл в сильно повреждённой упаковке. коробка была порвана и помята, выглядит так, будто товар уже вскрывали или неправильно хранили. сам крем внутри, но впечатление испорчено, так как покупала не уценённый товар. просьба к продавцу лучше упаковывать заказы. хотела бы спросить, возможен ли возврат и замена?",здравствуйте крем пришёл сильно повреждённой упаковке коробка порвана помята выглядит товар вскрывали неправильно хранили крем внутри впечатление испорчено покупала не уценённый товар просьба продавцу упаковывать заказы хотела спросить возможен возврат замена,здравствовать крем прийти сильно повреждённой упаковка коробка порвать помять выглядеть товар вскрывать неправильно хранить крем внутри впечатление испортить покупать не уценить товар просьба продавец упаковывать заказ хотеть спросить возможный возврат замена
22860,5918,Косметика и уход,3,neutral,2023-06-23,"Вскрыла баночку, у неё не оказалось защитной дополнительной крышечки. Запах у крема совершенно отличается от крема, купленного в магазине г.Железноводск. Запах неприятный. Если бы до этого не пользовалась данным кремом, может быть и не обратила не это внимание. Дополнительно купила «крем-баланс дневной уход», у него крышка не месте, и знакомый приятный запах. Больше данный крем приобретать не буду.",вскрыла баночку неё не оказалось защитной дополнительной крышечки запах крема совершенно отличается крема купленного магазине г железноводск запах неприятный не пользовалась данным кремом не обратила не внимание дополнительно купила крем-баланс дневной уход крышка не месте знакомый приятный запах данный крем приобретать не буду,вскрыть баночка неё не оказаться защитный дополнительный крышечка запах крем совершенно отличаться крем купить магазин железноводск запах неприятный не пользоваться данным крем не обратить не внимание дополнительно купить крем баланс дневной уход крышка не место знакомый приятный запах данный крем приобретать не быть
22867,5918,Косметика и уход,5,positive,2022-01-03,"Крем очень хороший. консистенция нежная, не липкая, хорошо впитывается и ложится на кожу. Заказываю для мамы второй раз, она в восторге.",крем очень хороший консистенция нежная не липкая хорошо впитывается ложится кожу заказываю мамы второй восторге,крем очень хороший консистенция нежный не липкий хорошо впитываться ложиться кожа заказывать мама второй восторг
22868,5918,Косметика и уход,1,negative,2021-11-21,"Также пришёл с истекающим сроком до января 2022. К комментарию представителя бренда: если крем не превращается в тыкву в январе 2022,так укажите это в описании, и человек сам решит нужен ли ему такой крем или нет, меньше катать их будете по городам.",также пришёл истекающим сроком января комментарию представителя бренда крем не превращается тыкву январе укажите описании человек решит нужен крем нет меньше катать будете городам,также прийти истекать срок январь комментарий представитель бренд крем не превращаться тыква январь указать описание человек решить нужный крем нет маленький катать быть город
22877,5920,Косметика и уход,5,positive,2026-07-23,"Товар пришел вовремя, заботливо упакован в пупырку, доставлен в лучшем виде. Крем использовала ранее, решила повторить. Жирный, питательный, можно делать маски. Как раз для уставшей от загара кожи. Благодарю продавца и Wb за доставку! Всего наилучшего!",товар пришел вовремя заботливо упакован пупырку доставлен лучшем виде крем использовала ранее решила повторить жирный питательный делать маски уставшей загара кожи благодарю продавца доставку наилучшего,товар прийти вовремя заботливо упаковать пупырку доставить хороший вид крем использовать ранее решить повторить жирный питательный делать маска устать загар кожа благодарить продавец wb доставка хороший
22899,5927,Косметика и уход,5,positive,2026-06-09,"У меня пористые вьющиеся волосы и они требуют особого ухода после процедуры выпрямления. Долго подбирала для себя бессульфатный шампунь. Другие шампуни после мытья спутывают волосы. С этим шампунем проблема решена, сохранение структуры и легкое расчесывание",пористые вьющиеся волосы требуют особого ухода процедуры выпрямления долго подбирала бессульфатный шампунь другие шампуни мытья спутывают волосы этим шампунем проблема решена сохранение структуры легкое расчесывание,пористые виться волос требовать особый уход процедура выпрямление долго подбирать бессульфатный шампунь другие шампунь мытьё спутывать волос этот шампунь проблема решить сохранение структура лёгкий расчёсывание
22900,5927,Косметика и уход,5,positive,2026-06-08,"Шампунь отличный, после применения действительно заметила значительное улучшение, волосы стали гораздо меньше выпадать, и на голове стали появляться нежные новые волоски, однозначно рекомендую👍",шампунь отличный применения действительно заметила значительное улучшение волосы стали гораздо меньше выпадать голове стали появляться нежные новые волоски однозначно рекомендую,шампунь отличный применение действительно заметить значительный улучшение волос стать гораздо маленький выпадать голова стать появляться нежный новый волосок однозначно рекомендовать
22906,5927,Косметика и уход,5,positive,2026-04-11,"Хороший шампунь, у меня чувствительная кожа головы и редкий шампунь мне подходит. Этот прям идеально подошел + натуральный аромат трав .",хороший шампунь чувствительная кожа головы редкий шампунь подходит прям идеально подошел натуральный аромат трав,хороший шампунь чувствительный кожа голова редкий шампунь подходить прям идеально подойти натуральный аромат трава
22947,5938,Косметика и уход,3,neutral,2025-09-04,на органу отзыв оставить больше не могу оставлю на этот для окрашенных шампунь великолепный но органовое масло тоже прозовалась и радовалась в этот раз купила и в него добавили толи ментол толи еще что то голова зудит и чешется ужасно запах арганы соверщенно другой не как в прошлый раз я огорчена,органу отзыв оставить не могу оставлю окрашенных шампунь великолепный органовое масло прозовалась радовалась купила добавили толи ментол толи голова зудит чешется ужасно запах арганы соверщенно не прошлый огорчена,органу отзыв оставить не мочь оставить окрашенных шампунь великолепный органовое масло прозовалась радовалась купить добавить толи ментол толи голова зудеть чесаться ужасно запах арганы соверщенно не прошлый огорчить
22955,5939,Косметика и уход,1,negative,2026-07-20,"Не пениться вообще,смыл за неделю на работе,запах отвратный,брал за 96 рублей,отказ 100, поэтому и забрал.Я не знаю что это такое,брак слили походу,но пользуюсь туалетной водой данного производителя.А это я хз что это",не пениться вообще смыл неделю работе запах отвратный брал рублей отказ поэтому забрал не знаю такое брак слили походу пользуюсь туалетной водой данного производителя хз,не пениться вообще смыть неделя работа запах отвратный брать рубль отказ поэтому забрать не знать такой брак слить поход пользоваться туалетный вода данного производитель хз
23007,5953,Косметика и уход,1,negative,2026-07-16,"При использовании данного средства почувствовала жжение и покалывание кожи. А так же стали воспаляться веки от использования данного средства. Теперь лечу глаза у окулиста. Товар не соответствует описанию и нанёс мне вред. Очень чесались глаза,веки после использования данного средства отекали.",использовании данного средства почувствовала жжение покалывание кожи стали воспаляться веки использования данного средства лечу глаза окулиста товар не соответствует описанию нанёс вред очень чесались глаза веки использования данного средства отекали,использование данного средство почувствовать жжение покалывание кожа стать воспаляться веки использование данного средство лететь глаз окулист товар не соответствовать описание нанёс вред очень чесаться глаз веко использование данного средство отекать
23036,5958,Косметика и уход,5,positive,2025-09-23,"Сыворотка классная! Сделана в Европе для европейского рынка, сразу чувствуется качество. Есть рабочая концентрация витамина С + витамин Е для стабильности. Пользовалась летом и сейчас — кожа защищена от пигментных пятен, стала ровнее и свежее. Очень довольна! ✨",сыворотка классная сделана европе европейского рынка сразу чувствуется качество рабочая концентрация витамина витамин е стабильности пользовалась летом кожа защищена пигментных пятен стала ровнее свежее очень довольна,сыворотка классный сделать европа европейский рынок сразу чувствоваться качество рабочий концентрация витамин витамин е стабильность пользоваться лето кожа защитить пигментный пятно стать ровный свежий очень довольный
23046,5959,Косметика и уход,5,positive,2026-05-21,"Чудо сыворотка. Спасибо вам огромное. Сухая, чувствительная кожа после улицы не красная. Защита обеспечена. Удачи ВАМ в ваших разработках. Спасибо продавцу.",чудо сыворотка спасибо огромное сухая чувствительная кожа улицы не красная защита обеспечена удачи ваших разработках спасибо продавцу,чудо сыворотка спасибо огромный сухой чувствительный кожа улица не красный защита обеспечить удача ваш разработка спасибо продавец
23049,5960,Косметика и уход,5,positive,2026-07-20,"Третий раз заказываю , нравится текстура , немного маслянистая , хорошо впитывается , не липнет , кожа становиться гладкой и напитанной",третий заказываю нравится текстура немного маслянистая хорошо впитывается не липнет кожа становиться гладкой напитанной,третий заказывать нравиться текстура немного маслянистый хорошо впитываться не липнет кожа становиться гладкий напитанной
23065,5965,Косметика и уход,5,positive,2026-07-16,"Самый лучший сквалан для меня на лето, заказываю и заказываю его, легкий, быстро впитывается, отлично для массажа лица топчик. Благодарю производителя❤️",самый лучший сквалан лето заказываю заказываю легкий быстро впитывается отлично массажа лица топчик благодарю производителя,самый хороший сквалан лето заказывать заказывать лёгкий быстро впитываться отлично массаж лицо топчик благодарить производитель
23081,5968,Косметика и уход,4,positive,2026-07-22,Снизила одну звезду из-за кисточки. Она делает эффект паучьих лапок. Мне не нравится. Поменяла кисть с другой туши . Эффект видно на фото. Тушь не мажет!,снизила одну звезду из-за кисточки делает эффект паучьих лапок не нравится поменяла кисть туши эффект видно фото тушь не мажет,снизить одну звезда кисточка делать эффект паучий лапка не нравиться поменять кисть туша эффект видно фото тушь не мазать
23102,5972,Косметика и уход,1,negative,2026-07-18,Заказывала не в первый раз именно эти туши всегда было всё отлично и упаковка и тушь в этот раз пришла коробка открыта ранее этого не было пол беды но и тушь и одна и другая открыты деньги хоть и копейки но зачем мне уже начатые туши,заказывала не первый именно туши отлично упаковка тушь пришла коробка открыта ранее не пол беды тушь одна другая открыты деньги копейки начатые туши,заказывать не первый именно туша отличный упаковка тушь прийти коробка открыть ранее не пол беда тушь одна другая открыть деньга копейка начатые туша
23202,5998,Косметика и уход,5,positive,2026-03-17,"Батч код прошел проверку, на флаконе и коробке одинаковый, в честном знаке бьется. Для проверки оригинальности я сделала все, что могла, вроде оригинал) Восхитительный аромат, не совсем то, что я ожидала, но оказался даже лучше, интереснее. Я ждала яркого кисло-сладкого апельсина, а оказалось что-то вроде пудрового нежного апельсинового цвета с ретро отсылом. Если нанести на запястье прицельно, то пахнет апельсином, потом он уходит. Мое мнение субъективно. Пока я снимала туалетную воду на отзыв пришел парфюмер",батч код прошел проверку флаконе коробке одинаковый честном знаке бьется проверки оригинальности сделала могла вроде оригинал восхитительный аромат не ожидала оказался интереснее ждала яркого кисло-сладкого апельсина оказалось что-то вроде пудрового нежного апельсинового цвета ретро отсылом нанести запястье прицельно пахнет апельсином уходит мое мнение субъективно пока снимала туалетную воду отзыв пришел парфюмер,батч код пройти проверка флакон коробка одинаковый честной знак биться проверка оригинальность сделать мочь вроде оригинал восхитительный аромат не ожидать оказаться интересный ждать яркий кислый сладкий апельсин оказаться вроде пудрового нежный апельсиновый цвет ретро отсылом нанести запястье прицельно пахнуть апельсин уходить мой мнение субъективный пока снимать туалетный вода отзыв прийти парфюмер
23286,6019,Косметика и уход,5,positive,2026-03-08,"Шикарные духи. Запах обалденный, стойкость хорошая, упаковано прекрасно, в красивом бархатном мешочке, прям шикардос. Подойдут для подарка. Продавца рекомендую. Заказала несколько ароматов, все понравились.",шикарные духи запах обалденный стойкость хорошая упаковано прекрасно красивом бархатном мешочке прям шикардос подойдут подарка продавца рекомендую заказала несколько ароматов понравились,шикарный дух запах обалденный стойкость хороший упаковать прекрасно красивый бархатный мешочек прям шикардос подойти подарок продавец рекомендовать заказать несколько аромат понравиться
23298,6022,Косметика и уход,5,positive,2026-07-13,За такую цену духи просто вау😯 Пахнут хорошо👍 Расход тоже небольшой На одежде держатся тоже хорошо Была в шоке когда на 2 день одела джинсовку а от неё пахнет шоколадом 🍫 Прелесть Теперь хочу собрать всю коллекцию👌,такую цену духи просто вау пахнут хорошо расход небольшой одежде держатся хорошо шоке день одела джинсовку неё пахнет шоколадом прелесть хочу собрать коллекцию,такой цена дух просто вау пахнуть хорошо расход небольшой одежда держаться хорошо шок день одеть джинсовка неё пахнуть шоколад прелесть хотеть собрать коллекция
23351,6032,Косметика и уход,5,positive,2025-10-25,"Удобный формат маски - тюбик, это идеально. Очень приятная в использовании, приятно пахнет. Волосы выглядят ухоженными, мягкими! У меня пористый волос, прекрасно мне подошла маска.",удобный формат маски тюбик идеально очень приятная использовании приятно пахнет волосы выглядят ухоженными мягкими пористый волос прекрасно подошла маска,удобный формат маска тюбик идеальный очень приятный использование приятно пахнуть волос выглядеть ухоженный мягкий пористый волос прекрасно подойти маска
23357,6034,Косметика и уход,5,positive,2025-10-20,Рекомендую ) буду брать в подарок. Эффект классный. Густой значит хватит на долго. Его очень много и пахнет невероятно красиво ))) а я к запахам капризна ),рекомендую буду брать подарок эффект классный густой значит хватит долго очень пахнет невероятно красиво запахам капризна,рекомендовать быть брать подарок эффект классный густой значить хватить долго очень пахнуть невероятно красиво запах капризный
23397,6045,Косметика и уход,5,positive,2026-04-08,"Пришло быстро , хорошо упаковано. Увлажняет, питает. Состав хороший . волос блестит после применения . Запах почти отсутствует , это хорошо меньше алергенов . Советую .",пришло быстро хорошо упаковано увлажняет питает состав хороший волос блестит применения запах отсутствует хорошо меньше алергенов советую,прийти быстро хорошо упаковать увлажнять питать состав хороший волос блестеть применение запах отсутствовать хорошо меньше алергенов советовать
23463,6059,Товары для дома,1,negative,2026-06-17,"Пока новое было, электризовалось очень и липло ко всему. После стирки (при 20⁰) потеряло форму и стало меньше в полтора раза. На ощупь стало совсем не приятным.",пока новое электризовалось очень липло ко всему стирки потеряло форму стало меньше полтора раза ощупь стало не приятным,пока новый электризоваться очень липло к всему стирка потерять форма стать меньше полтора раз ощупь стать не приятный
23522,6074,Товары для дома,4,positive,2026-06-26,"Качество отличное, размер отличный. Немного цвет не тот , что я хотела. На фото немного не такой. Рекомендую. Спасибо продавцу.",качество отличное размер отличный немного цвет не хотела фото немного не рекомендую спасибо продавцу,качество отличный размер отличный немного цвет не хотеть фото немного не рекомендовать спасибо продавец
23528,6075,Товары для дома,1,negative,2026-05-04,"Нитки торчат в разные стороны, молния прошита как попало, ещё до стиральной машины не дошёл уже стали расходиться швы на пододеяльнике",нитки торчат разные стороны молния прошита попало стиральной машины не дошёл стали расходиться швы пододеяльнике,нитка торчать разный сторона молния прошита попасть стиральный машина не дошёл стать расходиться шов пододеяльнике
23584,6091,Товары для дома,4,positive,2026-07-10,"Кастрюли такие и надо было. Но из-за того что между кастрюлями ничего не лежит, одна кастрюля барахтается внутри другой и соответственно сколы. А всего лишь надо было пупырку положить и не было бы возвратов",кастрюли такие из-за кастрюлями не лежит одна кастрюля барахтается внутри соответственно сколы лишь пупырку положить не возвратов,кастрюля такой кастрюлями не лежать одна кастрюля барахтается внутри соответственно скол лишь пупырку положить не возврат
23589,6091,Товары для дома,3,neutral,2026-04-14,"Брала на подарок. Подарок не удался. Упаковочная коробка вся порвана,помята. Оставила ее в пункте выдачи. Пакет огромного размера,коробка в нем болталась туда- сюда.На средней кастрюльке сколы. Забрала,оставила себе,так как для себя точно не выпишу- жаба задушит. А так не было бы счастья,несчастье помогло. Размер и рисунок Отношение к покупателю)))",брала подарок подарок не удался упаковочная коробка вся порвана помята оставила пункте выдачи пакет огромного размера коробка нем болталась туда сюда средней кастрюльке сколы забрала оставила точно не выпишу жаба задушит не счастья несчастье помогло размер рисунок отношение покупателю,брать подарок подарок не удаться упаковочный коробка весь порвать помять оставить пункт выдача пакет огромный размер коробка нем болталась сюда средний кастрюлька скол забрать оставить точно не жаба задушить не счастие несчастие помочь размер рисунок отношение покупатель
23597,6093,Товары для дома,5,positive,2026-06-12,"Набор эмалированных кастрюль пришёл хорошо упакован, большое спасибо продавцу, качества кастрюль отличное, большое спасибо за выполненый заказ, рекомендую к покупке",набор эмалированных кастрюль пришёл хорошо упакован большое спасибо продавцу качества кастрюль отличное большое спасибо выполненый заказ рекомендую покупке,набор эмалированный кастрюля пришёл хорошо упаковать большой спасибо продавец качество кастрюля отличный большой спасибо выполненый заказ рекомендовать покупка
23607,6096,Товары для дома,5,positive,2025-12-22,"До этого были от этой фирмы кастрюли, но покупала не на вб, показали себя хорошо На вид хорошие, не пользовалась еще",фирмы кастрюли покупала не вб показали хорошо вид хорошие не пользовалась,фирма кастрюли покупать не вб показать хорошо вид хороший не пользоваться
23627,6099,Товары для дома,5,positive,2026-01-19,"Понравилась ручка, да вообще набор. Предметов немного, но мне лично больше и не надо) Покупкой набора довольна. При приготовлении пищи не пригорает. В меру увесистая. Буду надеяться, что прослужит долго. После посудомойки не заржавела не заметила",понравилась ручка вообще набор предметов немного лично не покупкой набора довольна приготовлении пищи не пригорает меру увесистая буду надеяться прослужит долго посудомойки не заржавела не заметила,понравиться ручка вообще набор предмет немного лично не покупка набор довольный приготовление пища не пригорать мера увесистый быть надеяться прослужить долго посудомойка не заржаветь не заметить
23650,6105,Товары для дома,4,positive,2026-07-24,"Мне не очень понравились, есть лучше. Фексируется только сверху, лучше когда есть и в низу. Сразу не обратила внимание это мой косяк. Возращать не стала",не очень понравились фексируется сверху низу сразу не обратила внимание косяк возращать не стала,не очень понравиться фексируется сверху низу сразу не обратить внимание косяк возращать не стать
23713,6131,Товары для дома,5,positive,2026-06-29,"Отличная лампа.Купил для жены.Сенсорная кнопка включения,4 режима света.Светит ярко.Лампа поворачивается легко в разные стороны.Работает от розетки.Покупкой довольны.Пока в использовании пару дней.",отличная лампа купил жены сенсорная кнопка включения режима света светит ярко лампа поворачивается легко разные стороны работает розетки покупкой довольны пока использовании пару дней,отличный лампа купить жена сенсорный кнопка режим свет светить ярко лампа поворачиваться легко разный сторона работать розетка покупка довольный пока использование пара день
23726,6133,Товары для дома,5,positive,2022-09-28,"Лампа очень понравилась! Пришла за 2 дня. Упаковано идеально. Сама лампа очень стильная. Материал металл + пластик. Все вращается, как вертикальная ""ножка"", так и сама лампа. Зарядка телефона работает даже при негорящем свете. Но! Самый главный плюс - это яркость. Заявленные 14в точно есть. Очень яркая в максимальном режиме. Расстроило только то, что через день после заказа подешевела на 20 бел.рублей)) Но так понравилась, что забрала все равно, без перезаказа)) Последние 2 фото в полной темноте при max и min режиме света рядом с печатным текстом.",лампа очень понравилась пришла дня упаковано идеально сама лампа очень стильная материал металл пластик вращается вертикальная ножка сама лампа зарядка телефона работает негорящем свете самый главный плюс яркость заявленные точно очень яркая максимальном режиме расстроило день заказа подешевела бел рублей понравилась забрала равно перезаказа последние фото полной темноте режиме света рядом печатным текстом,лампа очень понравиться прийти день упаковать идеально сама лампа очень стильный материал металл пластик вращаться вертикальный ножка сама лампа зарядка телефон работать негорящем свет самый главный плюс яркость заявить точно очень яркий максимальный режим расстроить день заказ подешеветь бел рубль понравиться забрать равный перезаказа последний фото полный темнота max min режим свет рядом печатный текст
23772,6146,Товары для дома,5,positive,2023-06-14,"Искала именно не скользящий коврик, так как плитка в санузле очень скользкая. Полностью оправдал мои ожидания. Приятно на нем стоять, ворс не оставляет.",искала именно не скользящий коврик плитка санузле очень скользкая полностью оправдал мои ожидания приятно нем стоять ворс не оставляет,искать именно не скользить коврик плитка санузле очень скользкий полностью оправдать мой ожидание приятный нем стоять ворс не оставлять
23796,6155,Товары для дома,5,positive,2026-07-07,"Отличный коврик, не скользкий с эффектом массажа. До этого покупала с пупырышками, пришлось выбросить так как был жутко скользким. Этот просто супер, можешь на нём хоть плясать) Всё ок! _____",отличный коврик не скользкий эффектом массажа покупала пупырышками пришлось выбросить жутко скользким просто супер можешь нём плясать ок,отличный коврик не скользкий эффект массаж покупать пупырышек прийтись выбросить жутко скользкий просто супер мочь нём плясать ок
23878,6183,Товары для дома,5,positive,2026-06-28,"Удобный контейнер , чтобы носить его на работу , много отделений чтобы положить много вкусностей , вилка и ложка хорошие, качественные",удобный контейнер носить работу отделений положить вкусностей вилка ложка хорошие качественные,удобный контейнер носить работа отделение положить вкусностей вилка ложка хороший качественный
23890,6187,Товары для дома,2,negative,2026-06-23,Качество стекла. Испекла в духовке один раз и после приготовления помыла в посудомойке. Вот что я обнаружила после мойки. Стекло оказалось не таким уж жаропрочным,качество стекла испекла духовке приготовления помыла посудомойке обнаружила мойки стекло оказалось не таким жаропрочным,качество стекло испечь духовка приготовление помыть посудомойка обнаружить мойка стекло оказаться не такой жаропрочный
23913,6194,Детские товары,3,neutral,2026-07-24,"Дочка бросила на пол с кроватки и молоточек треснул на ручке. Я изначально не заметила, но супгур вовремя вырвал из рук, когда она начала его разламывать. Яркий, звонкий, лёгкий. Хлипкий пластик",дочка бросила пол кроватки молоточек треснул ручке изначально не заметила супгур вовремя вырвал рук начала разламывать яркий звонкий лёгкий хлипкий пластик,дочка бросить пол кроватка молоточек треснуть ручка изначально не заметить супгур вовремя вырвать рука начать разламывать яркий звонкий лёгкий хлипкий пластик
23915,6194,Детские товары,5,positive,2026-06-03,"Второй наш молоточек 🩷 нам нравится , первый дома оставили , он уже почти отслужил свое ))) а это купили чтоб у бабушки был",второй наш молоточек нам нравится первый дома оставили отслужил свое купили бабушки,второй наш молоточек нам нравиться первый дома оставить отслужить свой купить бабушка
23924,6199,Детские товары,5,positive,2026-07-10,"Пазлы хорошие, большие, ребенку 1,9 очень понравились, как проснулся сразу к пазлам собирать. Ещё очень удобно, что в железной коробке",пазлы хорошие большие ребенку очень понравились проснулся сразу пазлам собирать очень удобно железной коробке,пазл хороший больший ребёнок очень понравиться проснуться сразу пазлам собирать очень удобный железный коробка
23938,6203,Детские товары,5,positive,2026-07-22,"Мне как и многим не повезло. Думаю, что во всем виновата упаковка- обычный пакет от производителя. Звезду не снижаю, пирамидку забрала. Все остальные детали хорошие. Удобно, что есть одинаковые цвета у больших и маленьких формочек- можно учить еще размер. Цвета рандомные- не в том же порядке что на картинке. Пирамидка массивная, тяжеленькая",многим не повезло думаю всем виновата упаковка обычный пакет производителя звезду не снижаю пирамидку забрала остальные детали хорошие удобно одинаковые цвета больших маленьких формочек учить размер цвета рандомные не порядке картинке пирамидка массивная тяжеленькая,многим не повезти думать всем виноватый обычный пакет производитель звезда не снижать пирамидка забрать остальные деталь хороший удобный одинаковый цвет больший маленький учить размер цвет не порядок картинка пирамидка массивный тяжёленький
23948,6205,Детские товары,1,negative,2026-07-02,"Не понимаю всех отзывов восторженных . Игрущка из очень слабых материалов, пены хватает ровно на 30 мин . Слабая ручка, хлипкая Прикольная пена Очень хрупкий пластик , не устойчивая ручка",не понимаю отзывов восторженных игрущка очень слабых материалов пены хватает ровно мин слабая ручка хлипкая прикольная пена очень хрупкий пластик не устойчивая ручка,не понимать отзыв восторженный игрущка очень слабый материал пены хватать ровно мина слабый ручка хлипкий прикольный пена очень хрупкий пластик не устойчивый ручка
23970,6217,Детские товары,5,positive,2026-06-16,"ребенку понравилась, пришел синий грузовичек и синяя маленькая полицейская машинка очень красиво что одного цвета хорошая машинка, если скатывать с горки едет прям по тихоньку и это очень круто",ребенку понравилась пришел синий грузовичек синяя маленькая полицейская машинка очень красиво одного цвета хорошая машинка скатывать горки едет прям тихоньку очень круто,ребёнок понравиться прийти синий грузовичек синий маленький полицейский машинка очень красиво одного цвет хороший машинка скатывать горка ехать прям тихоньку очень крутой
23977,6221,Детские товары,5,positive,2026-07-16,"Спасибо продавцу за качественный товар, а wb за быструю доставку Упакована игрушка хорошо. Яркая хорошая развивашка для малышей. Ребенку нравиться играть.",спасибо продавцу качественный товар быструю доставку упакована игрушка хорошо яркая хорошая развивашка малышей ребенку нравиться играть,спасибо продавец качественный товар wb быстрый доставка упаковать игрушка хорошо яркий хороший развивашка малыш ребёнок нравиться играть
23996,6227,Детские товары,5,positive,2026-02-18,"Жду от производителя чего-нибудь нового в таком же качественном исполнении Замечательное пособие. Качественно обработано дерево, хорошо покрашено. Приятные бонусы: мешочек, наклейки, раскраска.",жду производителя чего-нибудь нового таком качественном исполнении замечательное пособие качественно обработано дерево хорошо покрашено приятные бонусы мешочек наклейки раскраска,ждать производитель новый такой качественный исполнение замечательный пособие качественно обработать дерево хорошо покрасить приятный бонус мешочек наклейка раскраска
24012,6231,Детские товары,1,negative,2026-04-20,"Очень огорчила эта покупка яйца, ожидание игрушек а по итогу слайм какой то, наверное даже больше на жевачку похоже Они вылупились и растеклись",очень огорчила эта покупка яйца ожидание игрушек итогу слайм наверное жевачку похоже вылупились растеклись,очень огорчить этот покупка яйцо ожидание игрушка итог слайм наверное жевачку похожий вылупиться растеклись
24029,6236,Детские товары,4,positive,2026-06-29,"Неваляшка вроде бы как всегда Не наклоняется несколько раз в разные стороны, когда-то я старшему сыну покупала, оригинал тоже, и наклонилась по несколько раз вообще без проблем... В здесь она трфн в одну сторону, трын в другую и встала... Даже мне стало скучно ..",неваляшка вроде не наклоняется несколько разные стороны когда-то старшему сыну покупала оригинал наклонилась несколько вообще проблем трфн одну сторону трын другую встала стало скучно,неваляшка вроде не наклоняться несколько разный сторона старший сын покупать оригинал наклониться несколько вообще проблема трфн одну сторона трын другую встать стать скучный
24139,6275,Детские товары,3,neutral,2026-04-20,"Мы, конечно, носим, но 2 раз бы не купила 😄 Расцветка качественная, приятная глазу. Внизу три пуговицы для крепости. Ткань приятная на ощупь. В пвз не заметила дырочку в подмышке прям по шву во всех боди. Зашила, но она опять расползлась. Очень быстро появились катышки, буквально на 2 стирку.",носим не купила расцветка качественная приятная глазу внизу пуговицы крепости ткань приятная ощупь пвз не заметила дырочку подмышке прям шву боди зашила расползлась очень быстро появились катышки буквально стирку,носить не купить расцветка качественный приятный глазу внизу пуговица крепость ткань приятный ощупь пвз не заметить дырочка подмышка прям шов боди зашить расползтись очень быстро появиться катышки буквально стирка
24152,6277,Детские товары,4,positive,2026-03-09,"Обнаружилось после стирки и первом одевании. Брак ткани. В рукавах (см.фото) что-то протное вшито, толи там край ткани закрутился, толи на нём нашито в несколько слоёв и не обрезали лишнее. Так на всех трёх боди Брак",обнаружилось стирки первом одевании брак ткани рукавах см фото что-то протное вшито толи край ткани закрутился толи нём нашито несколько слоёв не обрезали лишнее трёх боди брак,обнаружиться стирка первый одевание брак ткань рукав фото протное вшито толи край ткань закрутиться толи нём нашито несколько слоёв не обрезать лишний трёх боди брак
24155,6278,Детские товары,3,neutral,2026-04-17,"Дочь 66 см ростом, почитала отзывы и решила заказать размер 80, так как кто-то пишет, что маломерит, а у кого-то все отлично, но все равно получилось, что курточка впритык, совсем скоро уже будет тесная, а если поддеть что-нибудь типа утепленной кофты, то вообще будет очень плотненько сидеть. Очень странно сделано Курточка симпатичная, легкая, стильная В некоторых местах торчат никти, очень маломерит",дочь см ростом почитала отзывы решила заказать размер кто-то пишет маломерит кого-то отлично равно получилось курточка впритык скоро тесная поддеть что-нибудь типа утепленной кофты вообще очень плотненько сидеть очень странно сделано курточка симпатичная легкая стильная некоторых местах торчат никти очень маломерит,дочь см рост почитать отзыв решить заказать размер писать маломерит кто отличный равный получиться курточка впритык скоро тесный поддеть тип утепленной кофта вообще очень плотненький сидеть очень странно сделать курточка симпатичный лёгкий стильная некоторый место торчать никти очень маломерит
24162,6281,Детские товары,1,negative,2025-09-14,"Отвратительное качество, прям обидно! После одного дня носки штаны растянулись в полтора раза (как в длину, так и в ширину). Смотрится ужасно, да и ребенку совсем неудобно… не рекомендую к покупке!!! Цвет",отвратительное качество прям обидно одного дня носки штаны растянулись полтора раза длину ширину смотрится ужасно ребенку неудобно не рекомендую покупке цвет,отвратительный качество прям обидный одного день носок штаны растянуться полтора раз длина ширина смотреться ужасно ребёнок неудобный не рекомендовать покупка цвет
24164,6281,Детские товары,3,neutral,2025-04-24,"Для дома как самые затрапезный вариант - подойдут, но за такие деньги… На рост 78 взяла размер 81-86, есть запас, подворачиваю 2 раза. Ткань 100% хлопок 1300 руб. за таки штаны - это, конечно, смешно! Качество очень слабое. Разные немного по длине штаны, цвет серый и голубой - тускло-застиранный, штаны расстягиваются, быстро приходят в непригодный вид и снашиваются. К тому же все время задираются, так как внизу нет резинки, просто широкие штанины… еще раз точно не возьму.",дома самые затрапезный вариант подойдут такие деньги рост взяла размер запас подворачиваю раза ткань хлопок руб таки штаны смешно качество очень слабое разные немного длине штаны цвет серый голубой тускло-застиранный штаны расстягиваются быстро приходят непригодный вид снашиваются тому время задираются внизу нет резинки просто широкие штанины точно не возьму,дом самые затрапезный вариант подойти такой деньга рост взять размер запас подворачивать раз ткань хлопок таки штаны смешной качество очень слабый разный немного длина штаны цвет серый голубой тускло застиранный штаны расстягиваются быстро приходить непригодный вид снашиваться тому время задираются внизу нет резинка просто широкий штанина точно не взять
24237,6308,Детские товары,3,neutral,2026-03-09,"устали собирать конечно, но она того стоит деталей с запасом. вместо подсветки как на картинке, разноцветная гирлядна с парой диодов",устали собирать стоит деталей запасом вместо подсветки картинке разноцветная гирлядна парой диодов,устать собирать стоить деталь запас вместо подсветка картинка разноцветный гирлядна пара диод
24259,6312,Детские товары,5,positive,2026-04-14,"В целом, всё отлично. Но, если бы это был первый опыт данного конструктора - второй я бы не взяла тк не хватило деталей в наборе и не ясен смысл подсветки. Легко собирается. Понятная инструкция + возможность открыть её онлайн. Красивый результат. К сожалению, даже с такой прекрасной упаковкой служба доставки смогла довезти коробку побитой. К продавцу претензий нет, но обидно. Много деталей с браком (фото желтых для примера) или уже скрепленных между собой, которые так и не удалось разделить. Но были запасные поэтому на сборку не повлияло. А вот тройных белых не хватило две штуки + ещё одна была поломана. Запасных не было. Конструктор с подсветкой, но инструкции для её установки нет. Дело не в намотке, а в том, что у Пенни не предусмотрен выход для включения лампочки. То есть, закинуть внутрь лампочки не проблема, но «дырку» для кнопки нужно придумать и разломать самому.",целом отлично первый опыт данного конструктора второй не взяла тк не хватило деталей наборе не ясен смысл подсветки легко собирается понятная инструкция возможность открыть её онлайн красивый результат сожалению прекрасной упаковкой служба доставки смогла довезти коробку побитой продавцу претензий нет обидно деталей браком фото желтых примера скрепленных собой которые не удалось разделить запасные поэтому сборку не повлияло тройных белых не хватило две штуки одна поломана запасных не конструктор подсветкой инструкции её установки нет дело не намотке пенни не предусмотрен выход включения лампочки закинуть внутрь лампочки не проблема дырку кнопки нужно придумать разломать самому,целое отличный первый опыт данного конструктор второй не взять тк не хватить деталь набор не ясный смысл подсветка легко собираться понятный инструкция возможность открыть её онлайн красивый результат сожаление прекрасный упаковка служба доставка смочь довезти коробка побитой продавец претензия нет обидный деталь брак фото жёлтый пример скрепить себя которые не удаться разделить запасные поэтому сборка не повлиять тройной белый не хватить два штука одна поломать запасной не конструктор подсветка инструкция её установка нет дело не намотка пенни не предусмотреть выход включение лампочка закинуть внутрь лампочка не проблема дырка кнопка нужный придумать разломать самому
24265,6314,Детские товары,5,positive,2026-05-26,"Купили, пока только разбираемся с инструкцией. Позже напишем. А так , товар пришел во время и в целостном виде. Спасибо валберис за быструю доставку и доступную цену!",купили пока разбираемся инструкцией позже напишем товар пришел время целостном виде спасибо валберис быструю доставку доступную цену,купить пока разбираться инструкция поздний написать товар прийти время целостный вид спасибо валберис быстрый доставка доступный цена
24280,6316,Детские товары,3,neutral,2026-03-09,"Размер, итоговый результат Некоторые детали не запихнуть друг в друга без помощи плоскогубцев… еле встыкаются. А про то, чтобы их вынуть обратно - вообще молчу. Качество пластика оставляет желать лучшего. Пакеты не подписаны. Приходится тратить время на то, чтобы найти нужную деталь… Некоторых деталей действительно нет. Пришлось раздербанить подставку для мотоцикла, чтобы оттуда взять недостающее. В общем, из 5 оценка 3. Лего оставляет желать лучшего.",размер итоговый результат некоторые детали не запихнуть друг друга помощи плоскогубцев еле встыкаются вынуть обратно вообще молчу качество пластика оставляет желать лучшего пакеты не подписаны приходится тратить время найти нужную деталь некоторых деталей действительно нет пришлось раздербанить подставку мотоцикла оттуда взять недостающее общем оценка лего оставляет желать лучшего,размер итоговый результат некоторый деталь не запихнуть друг друга помощь плоскогубцев еле встыкаются вынуть обратно вообще молчу качество пластик оставлять желать хороший пакет не подписать приходиться тратить время найти нужный деталь некоторый деталь действительно нет прийтись раздербанить подставка мотоцикл оттуда взять недостающий общий оценка лего оставлять желать хороший
24345,6330,Детские товары,5,positive,2026-02-10,"Ребенку понравился рюкзак, одела и не хотела снимать Очень классный рюкзачок! Качество на высоте. Идеальный размер для ребенка 2х лет. Нет",ребенку понравился рюкзак одела не хотела снимать очень классный рюкзачок качество высоте идеальный размер ребенка х лет нет,ребёнок понравиться рюкзак одеть не хотеть снимать очень классный рюкзачок качество высота идеальный размер ребёнок х год нет
24362,6334,Детские товары,5,positive,2026-03-18,"Вчера получили рюкзак, сходили на гимнастику с ним а сегодня оторвалась лямка. Не рекомендую данный рюкзак к покупке!!! Ничего ребенок расстроен Все не так",вчера получили рюкзак сходили гимнастику оторвалась лямка не рекомендую данный рюкзак покупке ребенок расстроен не,вчера получить рюкзак сходить гимнастика оторваться лямка не рекомендовать данный рюкзак покупка ребёнок расстроить не
24421,6351,Детские товары,5,positive,2025-04-06,"Классный рюкзак. Мягкий, удобный, вместительный. Для походов в садик отличное решение. Ребенку очень понравился 🤍 однозначный рекомендую 👍🏻 Качество, цвет, материал, цена. -",классный рюкзак мягкий удобный вместительный походов садик отличное решение ребенку очень понравился однозначный рекомендую качество цвет материал цена,классный рюкзак мягкий удобный вместительный поход садик отличный решение ребёнок очень понравиться однозначный рекомендовать качество цвет материал цена
24427,6354,Детские товары,2,negative,2026-07-15,"Отказ в пвз. Хорошо, что проверили. Рюкзак пришёл без лямок. Видимо при пошиве на производстве не заметили, и пустили дальше.",отказ пвз хорошо проверили рюкзак пришёл лямок видимо пошиве производстве не заметили пустили дальше,отказ пвз хороший проверить рюкзак прийти лямка видимо пошив производство не заметить пустить далёкий
24497,6374,Детские товары,5,positive,2026-03-21,"Заказывала детям в детский садик на подарки, а оригинал крупные пазлы, единственное, у некоторых помята коробка была, но сами пазлы целые",заказывала детям детский садик подарки оригинал крупные пазлы единственное некоторых помята коробка сами пазлы целые,заказывать ребёнок детский садик подарок оригинал крупный пазл единственный некоторый помять коробка сами пазл целый
24509,6379,Детские товары,5,positive,2026-06-14,"Красивая картинка, яркая, брать боялась, видела в отзывах что не хватает пазлинок, но картинка на столько понравилась что я решилась все таки и не пожалела, все на месте) Качество вырезки хромает, но не критично",красивая картинка яркая брать боялась видела отзывах не хватает пазлинок картинка столько понравилась решилась таки не пожалела месте качество вырезки хромает не критично,красивый картинка яркий брать бояться видеть отзывах не хватать пазлинок картинка столько понравиться решиться таки не пожалеть место качество вырезка хромать не критично
24550,6386,Детские товары,1,negative,2025-03-21,"На первый взгляд все супер, но когда стали собирать не хватает деталей , и между деталями большие прощелины все распадываеться",первый взгляд супер стали собирать не хватает деталей деталями большие прощелины распадываеться,первый взгляд супер стать собирать не хватать деталь деталь больший прощелины распадываеться
24565,6388,Детские товары,5,positive,2025-10-29,"Вторые пазлы этой фирмы и буду заказывать ещё! Эти сын 4 лет собрал минут за 15, теперь попробуем на 70 деталей) отдельное спасибо за плотную упаковку! Пазлы можно хоть сто раз доставать и складывать, коробка не порвется и не помнется. Намного удобнее, чем обычные с крышками! Классные, очень яркие, рисунок чёткий",вторые пазлы фирмы буду заказывать сын лет собрал минут попробуем деталей отдельное спасибо плотную упаковку пазлы сто доставать складывать коробка не порвется не помнется намного удобнее обычные крышками классные очень яркие рисунок чёткий,второй пазл фирма быть заказывать сын год собрать минута попробовать деталь отдельный спасибо плотный упаковка пазл сто доставать складывать коробка не порваться не помнется намного удобный обычные крышками классный очень яркий рисунок чёткий
24667,6420,Детские товары,5,positive,2026-06-17,"Игрушка прикольная. Купила в подарок 3 штуки и себе тоже взяла😁. Друзьям понравилась. Рекомендую к покупке. Спасибо продавцу за быструю доставку. Качество, внешний вид. Нету.",игрушка прикольная купила подарок штуки взяла друзьям понравилась рекомендую покупке спасибо продавцу быструю доставку качество внешний вид нету,игрушка прикольный купить подарок штука взять друг понравиться рекомендовать покупка спасибо продавец быстрый доставка качество внешний вид нету
24669,6421,Детские товары,3,neutral,2025-12-24,"На фото игрушка кажется больше, в реальности маленькая. Не плохая, но цена завышена для такой маленькой игрушки. Качество хорошее. Она очень маленькая.",фото игрушка кажется реальности маленькая не плохая цена завышена маленькой игрушки качество хорошее очень маленькая,фото игрушка казаться реальность маленький не плохой цена завысить маленький игрушка качество хороший очень маленький
24697,6428,Детские товары,5,positive,2026-01-02,"Должен сказать, что куклы просто очаровательные, они замечательные. Я их обожаю. Хочу отметить, что курьер – очень приятный человек, и это стоит учитывать.",должен куклы просто очаровательные замечательные обожаю хочу отметить курьер очень приятный человек стоит учитывать,должный кукла просто очаровательный замечательный обожать хотеть отметить курьер очень приятный человек стоить учитывать
24771,6442,Спорт и отдых,5,positive,2025-10-14,"Размер имеет значение !!!)) Хороший большого размера коврик. Толстый , первый коврик на котором не больно выполнять упражнения, стоя на коленях. Резинка-фиксатор в комплекте . Пришел в курьер пакете . Своих денег однозначно стоит !",размер имеет значение хороший большого размера коврик толстый первый коврик котором не больно выполнять упражнения стоя коленях резинка-фиксатор комплекте пришел курьер пакете своих денег однозначно стоит,размер иметь значение хороший большой размер коврик толстый первый коврик котором не больно выполнять упражнение стоить колено резинка фиксатор комплект прийти курьер пакет свой деньга однозначно стоить
24807,6450,Спорт и отдых,5,positive,2026-05-16,"Начала пользоваться с самого малого веса - удобно. А еще хорошо, что есть ровная поверхность - не катятся по полу.",начала пользоваться самого малого веса удобно хорошо ровная поверхность не катятся полу,начать пользоваться самого малый вес удобный хороший ровный поверхность не катиться пол
24833,6458,Спорт и отдых,1,negative,2025-05-29,"В пункте выдачи сотрудник видел, что коробка открыта и не хватает деталей сказала водители тоже возмущались не хотели брать товар в таком виде в распределительном центре, почему сотрудники его отправили на пункт выдачи непонятно явно, что недокомплект никто брать не будет. В итоге ребенок расстроен. Хочет именно этот велосипед. Придется заказывать снова вдруг повезет Товар пришел вовремя Коробка открытая пришла. Не было сиденья, педалей",пункте выдачи сотрудник видел коробка открыта не хватает деталей сказала водители возмущались не хотели брать товар таком виде распределительном центре почему сотрудники отправили пункт выдачи непонятно явно недокомплект никто брать не итоге ребенок расстроен хочет именно велосипед придется заказывать снова повезет товар пришел вовремя коробка открытая пришла не сиденья педалей,пункт выдача сотрудник видеть коробка открыть не хватать деталь сказать водитель возмущаться не хотеть брать товар такой вид распределительный центр почему сотрудник отправить пункт выдача непонятно явный недокомплект никто брать не итог ребёнок расстроить хотеть именно велосипед прийтись заказывать снова повезти товар прийти вовремя коробка открытый прийти не сидение педалей
24849,6460,Спорт и отдых,5,positive,2026-07-06,"Велосипед отличный! Мощный, сбитый. Собран на 90%, остаётся установить руль, переднее колесо и седло. Собрала сама за полчаса. Брала себе. Рост 164. Подошёл отлично. Гоняю по лесу. Инструкция на русском языке. Упакован очень хорошо, доставка быстрая. Рекомендую!!! Качество! Быстрая сборка! Просто офигенный велосипед! Спасибо!!! Все очень так!",велосипед отличный мощный сбитый собран остаётся установить руль переднее колесо седло собрала сама полчаса брала рост подошёл отлично гоняю лесу инструкция русском языке упакован очень хорошо доставка быстрая рекомендую качество быстрая сборка просто офигенный велосипед спасибо очень,велосипед отличный мощный сбить собрать оставаться установить руль передний колесо седло собрать сама полчаса брать рост подошёл отлично гонять лес инструкция русский язык упаковать очень хорошо доставка быстрый рекомендовать качество быстрый сборка просто офигенный велосипед спасибо очень
24892,6467,Спорт и отдых,3,neutral,2026-07-17,"Начнем с минусов , быстросьема переднего колеса нету , пром подшипников нету , обычные накатные , бутылки у вас в подарок с держателем не будет , фары передней тоже , максималка 32 на курке , 24 с ассистентом,крылья в комплекте шляпа болтаются на каждой кочке бьются об колесо Документов на велосипед нету , продавец в чате не отвечает на заданные вопросы Плюсы то что сразу весь промазан причём добротно , сам по себе достаточно легкий , спицы протянуты , едет хорошо , выглядит отлично",начнем минусов быстросьема переднего колеса нету пром подшипников нету обычные накатные бутылки подарок держателем не фары передней максималка курке ассистентом крылья комплекте шляпа болтаются каждой кочке бьются колесо документов велосипед нету продавец чате не отвечает заданные вопросы плюсы сразу весь промазан причём добротно достаточно легкий спицы протянуты едет хорошо выглядит отлично,начать минус быстросьема передний колесо нету пром подшипник нету обычный накатный бутылка подарок держатель не фары передний максималка курке ассистент крыло комплект шляпа болтаются каждый кочка биться колесо документ велосипед нету продавец чат не отвечать задать вопрос плюсы сразу весь промазан причём добротно достаточно лёгкий спица протянуть ехать хорошо выглядеть отлично
24945,6477,Спорт и отдых,5,positive,2025-08-16,"Сшит хорошо, швы ровные. Трикотаж тонкий, но для занятий спортом то что нужно! Не жарко и не синтетика. Единственное что мне показалось, маломерит. Дочь носит вещи 128, а это 134 впритык.",сшит хорошо швы ровные трикотаж тонкий занятий спортом нужно не жарко не синтетика единственное показалось маломерит дочь носит вещи впритык,сшит хорошо шов ровный трикотаж тонкий занятие спорт нужный не жаркий не синтетика единственный показаться маломерит дочь носить вещь впритык
24962,6485,Спорт и отдых,4,positive,2026-07-25,"Заказала два термоса,на пункте проверила только одну,с котором всё хорошо!Другая с дефектом,греется не держит тепло,пахнет пластиком,внешне тоже с дефектом(кипяток наливала одновременно с одного чайника.",заказала термоса пункте проверила одну котором хорошо другая дефектом греется не держит тепло пахнет пластиком внешне дефектом кипяток наливала одновременно одного чайника,заказать термос пункт проверить одну котором хороший другая дефект греться не держать тепло пахнуть пластик внешне наливать одновременно одного чайник
25071,6504,Спорт и отдых,5,positive,2026-05-10,"Это однозначно любовь. Очень приятный в руках, удобно открывается, если за рулем. Хотя его хватает примерно на пять часов, после этого он условно теплый. Но при этом и наливаю я сразу разбавленный, что бы можно было пить. В общем классная вещь.",однозначно любовь очень приятный руках удобно открывается рулем хотя хватает примерно пять часов условно теплый наливаю сразу разбавленный пить общем классная вещь,однозначно любовь очень приятный рука удобно открываться руль хотя хватать примерно пять час условно тёплый наливать сразу разбавленный пить общий классный вещь
25076,6506,Спорт и отдых,3,neutral,2026-03-05,"Как жаль , что я поверила отзывам и взяла эту термокружку. у кого тут температуру держит хорошо?! Вообще не держит . Набрали 0,4 воды темп ~70 через час уже до 38 упала. Да и не совсем удобно наклонять , чтоб попить ,Голову задирать приходится .",жаль поверила отзывам взяла термокружку кого температуру держит хорошо вообще не держит набрали воды темп час упала не удобно наклонять попить голову задирать приходится,жаль поверить отзыв взять термокружку кто температура держать хорошо вообще не держать набрать вода темп час упасть не удобный наклонять попить голова задирать приходиться
25115,6517,Спорт и отдых,5,positive,2026-07-22,"Очень классный набор резинок, вообще стоят своих денег. Очень порадовал в комплекте эспандер 35/45 кг, да и в целом респект. Брат когда увидел набор сначала был удивлён и на эмоциях спрочил что за садо-мазо набор😄. А так респект, рекомендую.",очень классный набор резинок вообще стоят своих денег очень порадовал комплекте эспандер кг целом респект брат увидел набор сначала удивлён эмоциях спрочил садо-мазо набор респект рекомендую,очень классный набор резинка вообще стоять свой деньга очень порадовать комплект эспандер кг целое респект брат увидеть набор сначала удивлён эмоция спрочил садо мазо набор респект рекомендовать
25154,6528,Спорт и отдых,5,positive,2022-08-16,"Очень качественные,плотные и красивые резинки.Но проверив, поняла что для меня пока рановато такое усиление,на руки упражнение делать не смогу) Возьму попозже.",очень качественные плотные красивые резинки проверив поняла пока рановато такое усиление руки упражнение делать не смогу возьму попозже,очень качественный плотный красивый резинка проверить понять пока рановато такой усиление рука упражнение делать не смочь возьму поздний
25207,6540,Спорт и отдых,1,negative,2026-07-17,"После нескольких часов ""танцев с бубнами"" на тему ""как разлепить резинки"" , помог в результате мыльный раствор и вода. Хочу заметить, что чёрная, которая должна быть самой толстой, порвалась в процессе. Остальные совсем тонкие, вптваются в кожу при натяжении и сворачивается в жгут. Нагрузка не соответствует заявленной. Толщина как у воздушного шарика, примерно. Такое же и качество. Настоятельно не рекомендую",нескольких часов танцев бубнами тему разлепить резинки помог результате мыльный раствор вода хочу заметить чёрная которая должна самой толстой порвалась процессе остальные тонкие вптваются кожу натяжении сворачивается жгут нагрузка не соответствует заявленной толщина воздушного шарика примерно такое качество настоятельно не рекомендую,несколько час танец бубен тема разлепить резинка помочь результат мыльный раствор вода хотеть заметить чёрный которая должный самой толстый порваться процесс остальные тонкий вптваются кожа натяжение сворачиваться жгут нагрузка не соответствовать заявить толщина воздушный шарик примерно такой качество настоятельно не рекомендовать
25211,6540,Спорт и отдых,4,positive,2026-07-12,"Пришли, спасибо. Стали разлеплять, т.к. резинки имеют свойство склеиваться и одна желтого цвета порвалась, хотя ребенок потянул чуть-чуть. А так понравились ребенку. Сразу стал пробовать заниматься оставшимися.",пришли спасибо стали разлеплять т резинки имеют свойство склеиваться одна желтого цвета порвалась хотя ребенок потянул чуть-чуть понравились ребенку сразу стал пробовать заниматься оставшимися,прийти спасибо стать разлеплять т резинки иметь свойство склеиваться одна жёлтый цвет порваться хотя ребёнок потянуть понравиться ребёнок сразу стать пробовать заниматься остаться
25266,6560,Спорт и отдых,4,positive,2024-07-21,"Резинка вроде медиум, но ощущается, как лайт. Точно такие же резинки в фитнес клубе, но там они жёстче. Почему так? Знала бы, взяла самую жёсткую.",резинка вроде медиум ощущается лайт точно такие резинки фитнес клубе жёстче почему знала взяла самую жёсткую,резинка вроде медиум ощущаться лайт точно такой резинка фитнес клуб жёсткий почему знать взять самую жёсткий
25296,6564,Спорт и отдых,5,positive,2025-06-10,"Качественный товар, хорошая упаковка, быстрая доставка. Очень понравились, плотные, приятные ленты. Красивый цвет, разная эластичность для упражнений на разные группы мышц. Нет",качественный товар хорошая упаковка быстрая доставка очень понравились плотные приятные ленты красивый цвет разная эластичность упражнений разные группы мышц нет,качественный товар хороший упаковка быстрый доставка очень понравиться плотный приятный лента красивый цвет разный эластичность упражнение разный группа мышца нет
25323,6572,Спорт и отдых,3,neutral,2026-07-18,"Резинка красивая в мешочке, скручена в колесо, поэтому имеется не очень внушающий доверия сгиб, который может вызывать сомнения о том, что эспандер не порвется при эксплуатации 🙌🏼. Эспандер бледно-розовый, пастельного оттенка, не такого яркого, как на фото.",резинка красивая мешочке скручена колесо поэтому имеется не очень внушающий доверия сгиб который вызывать сомнения эспандер не порвется эксплуатации эспандер бледно-розовый пастельного оттенка не такого яркого фото,резинка красивый мешочке скрутить колесо поэтому иметься не очень внушать доверие сгиб который вызывать сомнение эспандер не порваться эксплуатация эспандер бледный розовый пастельный оттенок не такой яркий фото
25358,6582,Спорт и отдых,1,negative,2026-03-31,"К продавцу притензий нет. Все вовремя, все аккуратно. Красивые Это для кого вообще?! Нет смысла в них вообще! Какие то тряпочки. Нет сопротивления вообще!!!не рекомендую! Берите обычную резину",продавцу притензий нет вовремя аккуратно красивые кого вообще нет смысла вообще какие тряпочки нет сопротивления вообще не рекомендую берите обычную резину,продавец притензий нет вовремя аккуратно красивый кто вообще нет смысл вообще какой тряпочка нет сопротивление вообще не рекомендовать брать обычный резина
25359,6582,Спорт и отдых,5,positive,2025-11-25,"Неплохие резинки, за такую цену вообще удивительно, плотные, внутри прошивка резиновая, скользить не будут, весьма прочные Присутствует неприятный запах резины, но это не критично, со временем выветрится",неплохие резинки такую цену вообще удивительно плотные внутри прошивка резиновая скользить не будут весьма прочные присутствует неприятный запах резины не критично временем выветрится,неплохой резинка такой цена вообще удивительно плотные внутри прошивка резиновая скользить не быть весьма прочный присутствовать неприятный запах резина не критичный время выветрится
25372,6586,Продукты питания,5,positive,2026-03-13,"Для кого аромат -это в выборе значит много- тогда смело берите этот кофе Перу Кахамарка! Рекомендую! Кофе достойный! я брала такой сорт у другого продавца,сравнила оба кофе- все сошлось,значит кофе хороший! Ароматный,без горечи. нет",кого аромат выборе значит смело берите кофе перу кахамарка рекомендую кофе достойный брала сорт другого продавца сравнила оба кофе сошлось значит кофе хороший ароматный горечи нет,кто аромат выбор значить смело брать кофе перо кахамарка рекомендовать кофе достойный брать сорт другого продавец сравнить оба сойтись значить кофе хороший ароматный горечь нет
25375,6586,Продукты питания,5,positive,2024-02-03,"Перу понравился больше Бразилии. Хотя и Бразилия вкусный. Но Перу настолько явно шоколадный, что даже искала какао в составе. Прекрасный яркий вкус. Очень жаль, что с момента покупки сильно подорожал. Но поскольку всё равно дешевле любого магазинного кофе, буду покупать у Вас.",перу понравился бразилии хотя бразилия вкусный перу настолько явно шоколадный искала какао составе прекрасный яркий вкус очень жаль момента покупки сильно подорожал поскольку равно дешевле любого магазинного кофе буду покупать,перу понравиться бразилия хотя бразилия вкусный перу настолько явно шоколадный искать какао состав прекрасный яркий вкус очень жаль момент покупка сильно подорожать поскольку равный дешёвый любой магазинный кофе быть покупать
25392,6590,Продукты питания,3,neutral,2026-07-09,"Подделка или испорченный товар. Вкус , запах, помол не соответствует данному кофе. Помпа рожковой кофеварки не может продавить данную пыль. Такой мелкий помол можно использовать для заварки в чашке или турке, но вкус всё равно будет отвратительный",подделка испорченный товар вкус запах помол не соответствует данному кофе помпа рожковой кофеварки не продавить данную пыль мелкий помол использовать заварки чашке турке вкус равно отвратительный,подделка испорченный товар вкус запах помол не соответствовать данному кофе помпа рожковый кофеварка не продавить данную пыль мелкий помол использовать заварка чашка турке вкус равный отвратительный
25402,6592,Продукты питания,1,negative,2026-05-19,"Заказывала две пачки, одну открыла заварила какой-то привкус у кофе не хороший да и прицепе запах не такой насыщенный как обычно, я очень расстроенная от такого кофе",заказывала две пачки одну открыла заварила какой-то привкус кофе не хороший прицепе запах не насыщенный обычно очень расстроенная такого кофе,заказывать два пачка одну открыть заварить привкус кофе не хороший прицеп запах не насыщенный обычно очень расстроенная такой кофе
25419,6600,Продукты питания,5,positive,2025-11-25,"Отлично упаковано,аж в пупырку!) Взяла на пробу ,именно такого плана. Эгоист нравится кофе,но именно такого вкуса не пробовала ещё. Будем пробовать. Люблю эту марку кофе. Все так.",отлично упаковано аж пупырку взяла пробу именно такого плана эгоист нравится кофе именно такого вкуса не пробовала будем пробовать люблю марку кофе,отлично упаковать аж пупырку взять проба именно такой план эгоист нравиться кофе именно такой вкус не пробовать быть пробовать любить марка кофе
25438,6611,Продукты питания,5,positive,2026-04-20,"Надеюсь что в большой банке вкус такой же 😊, т.к. маленькая уже кончилась - на работе всем разрекламировала, все в восторге!",надеюсь большой банке вкус т маленькая кончилась работе всем разрекламировала восторге,надеяться большой банка вкус т маленькая кончилась работа всем разрекламировала восторг
25448,6617,Продукты питания,5,positive,2026-05-19,"Уже не первый чай этой фирмы.Всегда все свежее, вкусное, нет химического аромата или привкуса. Отличный чай, насыщеный вкус и аромат",не первый чай фирмы свежее вкусное нет химического аромата привкуса отличный чай насыщеный вкус аромат,не первый чай фирма свежий вкусный нет химический аромат привкус отличный чай насыщеный вкус аромат
25499,6635,Продукты питания,3,neutral,2024-11-26,"Получила 26.11.2024г чай Альпийский, арт.21250986 с истекшем сроком годности. Годен до 30.10.2024г. Очень жаль, т.к.брала на подарок. Раньше покупала чаи этой марки, всё было безупречно. Имеет ли смысл перезаказать? Будет свежий чай?",получила г чай альпийский арт истекшем сроком годности годен г очень жаль т брала подарок раньше покупала чаи марки безупречно имеет смысл перезаказать свежий чай,получить г чай альпийский истечь срок годность годный очень жаль т брать подарок ранний покупать чай марка безупречный иметь смысл перезаказать свежий чай
25521,6644,Продукты питания,5,positive,2026-04-13,"Хороший набор Коробочка порвана, обычно приходило всё хорошо, в этот раз не повезло, надеюсь в следующий раз придёт в хорошем состоянии, так как беру на призенты.",хороший набор коробочка порвана обычно приходило хорошо не повезло надеюсь следующий придёт хорошем состоянии беру призенты,хороший набор коробочка порвать обычно приходить хороший не повезти надеяться следующий прийти хороший состояние брать призенты
25544,6650,Продукты питания,3,neutral,2026-07-08,"Товар пришел вовремя, все целое, но чай не очень качественный, очень много мелкого ‘’мусора ‘’до это брала в пакете у другого продавца такого не было. Больше брать не буду. Пришел быстро",товар пришел вовремя целое чай не очень качественный очень мелкого мусора брала пакете другого продавца такого не брать не буду пришел быстро,товар прийти вовремя целый чай не очень качественный очень мелкий мусор брать пакет другого продавец такой не брать не быть прийти быстро
25553,6654,Продукты питания,5,positive,2026-02-09,"Хорошая, ароматная мята. Листья крупные, не пыль. Запах невероятный. Можно использовать для самостоятельного заваривания или добавлять в черный чай. Я заваривала отдельно - вкусный, травяной, мятный чай. Не горчит.",хорошая ароматная мята листья крупные не пыль запах невероятный использовать самостоятельного заваривания добавлять черный чай заваривала отдельно вкусный травяной мятный чай не горчит,хороший ароматный мята лист крупный не пыль запах невероятный использовать самостоятельный заваривание добавлять чёрный чай заваривать отдельно вкусный травяной мятный чай не горчить
25573,6662,Продукты питания,5,positive,2024-12-22,"Вскусненько Всё целое, красивое и свежее, успели немного попробовать на вкус. Брали на подарок, заказала ещё один побольше чтобы орехов было побольше, а так всё супер 🩷 Немного долгая доставка",вскусненько целое красивое свежее успели немного попробовать вкус брали подарок заказала побольше орехов побольше супер немного долгая доставка,вскусненько целый красивый свежий успеть немного попробовать вкус брать подарок заказать большой орех большой супер немного долгий доставка
25634,6680,Продукты питания,1,negative,2025-12-17,"Продавец на мои сообщения не отвечает, поэтому пишу сюда в отзывы. Цена Давно покупаю данный товар, но в последних двух пачках была ореховая моль, прямо с насекомым.",продавец мои сообщения не отвечает поэтому пишу сюда отзывы цена давно покупаю данный товар последних двух пачках ореховая моль прямо насекомым,продавец мой сообщение не отвечать поэтому писать сюда отзыв цена давно покупать данный товар последний два пачка ореховая моль прямо насекомым
25643,6683,Продукты питания,5,positive,2026-01-10,"Брала на подарок родителям, все попробовали, все вкусное, свежее, странный вкус был только у киви, но это уже личные предпочтения наверно) а так, на подарок замечательно)",брала подарок родителям попробовали вкусное свежее странный вкус киви личные предпочтения наверно подарок замечательно,брать подарок родитель попробовать вкусный свежий странный вкус киви личный предпочтение наверно подарок замечательный
25647,6683,Продукты питания,5,positive,2025-12-22,Упаковано отлично. Покупаю второй раз. Первый был очень вкусный. Надеюсь и в этот раз будет без сюрпризов так как брала на подарок.,упаковано отлично покупаю второй первый очень вкусный надеюсь сюрпризов брала подарок,упаковать отлично покупать второй первый очень вкусный надеяться сюрприз брать подарок
25679,6695,Продукты питания,5,positive,2026-03-03,"Набор хороший, очень хорошо, что коробка запаяна пленкой и залезть никто не может. Орешки и сладости с виду хорошие. Бантик и пакет пришлись как к стати. Конфетка вкусная слоеный мармелад со вкусом кваса.",набор хороший очень хорошо коробка запаяна пленкой залезть никто не орешки сладости виду хорошие бантик пакет пришлись стати конфетка вкусная слоеный мармелад вкусом кваса,набор хороший очень хороший коробка запаять плёнка залезть никто не орешки сладость виду хороший бантик пакет прийтись стать конфетка вкусный слоёный мармелад вкус квас
25711,6704,Продукты питания,5,positive,2025-12-26,"Выбрала этот набор в подарок 🎁 Большое разнообразие орешков и подарочная упаковка. У данного продавца покупаю не в первый раз, поэтому за качество уверена. Советую!",выбрала набор подарок большое разнообразие орешков подарочная упаковка данного продавца покупаю не первый поэтому качество уверена советую,выбрать набор подарок большой разнообразие орешек подарочный упаковка данного продавец покупать не первый поэтому качество уверена советовать
25715,6704,Продукты питания,5,positive,2025-09-22,"Очень вкусный набор, а сочетание с клюквой это вообще что-то с чем-то)) каждый орех приятно закусывать кисло-сладкой клюквой, даёт свой неповторимый вкус. Брала на пробу, теперь обязательно закажу на подарки! Спасибо продавцу👍",очень вкусный набор сочетание клюквой вообще что-то чем-то каждый орех приятно закусывать кисло-сладкой клюквой даёт свой неповторимый вкус брала пробу обязательно закажу подарки спасибо продавцу,очень вкусный набор сочетание клюквой вообще каждый орех приятный закусывать кислый сладкий клюквой даёт свой неповторимый вкус брать проба обязательно заказать подарок спасибо продавец
25739,6712,Продукты питания,2,negative,2025-12-14,"Доставка без задержки Внешний вид неопрятный, один бант на упаковке смотрится одиноко. Пакеты с орешками при наклоне коробки скатываются вниз, как будто не доложили в упаковку. Для подарка не подходит, к сожалелению",доставка задержки внешний вид неопрятный бант упаковке смотрится одиноко пакеты орешками наклоне коробки скатываются вниз не доложили упаковку подарка не подходит сожалелению,доставка задержка внешний вид неопрятный бант упаковка смотреться одиноко пакет орешек наклон коробка скатываться вниз не доложить упаковка подарок не подходить сожалелению
25762,6718,Продукты питания,5,positive,2026-06-03,"Рекомендую Очень вкусная смесь. Чистые, крупные орехи и просто очень вкусный изюм. Обычно на покупаю смеси с изюмом, а здесь решила попробовать и в восторге! Рекомендую",рекомендую очень вкусная смесь чистые крупные орехи просто очень вкусный изюм обычно покупаю смеси изюмом решила попробовать восторге рекомендую,рекомендовать очень вкусный смесь чистый крупный орех просто очень вкусный изюм обычно покупаю смесь изюм решить попробовать восторг рекомендовать
25848,6740,Продукты питания,5,positive,2026-07-23,Рекомендую всем данный протеин 👍 Отличный протеин 💪. Качество соответствует заявленному ! Производитель добросовестный. К тому же очень вкусный с молочком 👍,рекомендую всем данный протеин отличный протеин качество соответствует заявленному производитель добросовестный тому очень вкусный молочком,рекомендовать всем данный протеин отличный протеин качество соответствовать заявить производитель добросовестный тому очень вкусный молочком
25882,6745,Продукты питания,5,positive,2026-07-22,"Снова приобрела ваш продукт, брала из вкусов: банан, ваниль, орио, теперь снова решила вернуться к бананчику. Хорошо помогает добрать белок💪",снова приобрела ваш продукт брала вкусов банан ваниль орио снова решила вернуться бананчику хорошо помогает добрать белок,снова приобрести ваш продукт брать вкус банан ваниль орио снова решить вернуться бананчик хорошо помогать добрать белок
25957,6759,Продукты питания,5,positive,2026-07-09,"Качество хорошее и бжу , но не всем подойдет ибо говяжий протик плохо растворяется , а так по вкусу вкусно",качество хорошее бжу не всем подойдет ибо говяжий протик плохо растворяется вкусу вкусно,качество хороший бжу не всем подойти ибо говяжий протик плохо растворяться вкус вкусно
26008,6770,Продукты питания,5,positive,2026-07-20,"Использую после тренировок и просто как способ добрать белок в течение дня. Лучше всего размешивается в шейкере или блендере, особенно с бананом/растительным молоком. По соотношению состав/объем/цена меня устраивает.",использую тренировок просто способ добрать белок течение дня размешивается шейкере блендере особенно бананом растительным молоком соотношению состав объем цена устраивает,использовать тренировка просто способ добрать белок течение день размешиваться шейкер блендер особенно банан растительный молоко соотношение состав объём цена устраивать
26041,6773,Продукты питания,1,negative,2024-11-23,"впечатление злобного умышленного повреждения, случайно так не повредишь... к продукту - протеин - нет претензий, заказываем не впервые, довольны и рекомендовали...однако такой доставки пищевого средства мы еще не наблюдали...пакет-коробочка из довольно плотного картона повреждена, обраовалась дыра, через которую протеин сыпался по всему пути доставки очевидно...когда открыли коробочку, все увидели, что внутри поврежденная упаковка с рассыпавшимся протеином...из-за сквозной дыры такую добавку можно только к собачьему корму... упаковка повреждена, товар доставлен просыпающимся наружу.",впечатление злобного умышленного повреждения случайно не повредишь продукту протеин нет претензий заказываем не впервые довольны рекомендовали однако доставки пищевого средства не наблюдали пакет-коробочка довольно плотного картона повреждена обраовалась дыра которую протеин сыпался всему пути доставки очевидно открыли коробочку увидели внутри поврежденная упаковка рассыпавшимся протеином из-за сквозной дыры такую добавку собачьему корму упаковка повреждена товар доставлен просыпающимся наружу,впечатление злобный умышленный повреждение случайно не повредить продукт протеин нет претензия заказывать не впервые довольный рекомендовать однако доставка пищевой средство не наблюдать пакет коробочка довольно плотный картон повредить обраовалась дыра которую протеин сыпаться весь путь доставка очевидный открыть коробочка увидеть внутри поврежденная упаковка рассыпавшимся протеин сквозной дыра такой добавка собачий корм упаковка повредить товар доставить просыпаться наружу
26066,6781,Продукты питания,1,negative,2025-11-14,"В прошлый раз брала, все отлично было, в этот раз какая то ерунда, по консистенции какой-то слишком рассыпчатый, не растворяется, образуются комки в шейкере. И почему то не 2 ложки как раньше на 200 мл, а 3 ложки уже на 300 мл... Но по консистенции все равно получается жидкий как вода.И на вкус слишком приторный 🤢 пить не возможно",прошлый брала отлично ерунда консистенции какой-то слишком рассыпчатый не растворяется образуются комки шейкере почему не ложки раньше мл ложки мл консистенции равно получается жидкий вода вкус слишком приторный пить не возможно,прошлый брать отличный ерунда консистенция слишком рассыпчатый не растворяться образоваться комки шейкер почему не ложка ранний мл ложка мл консистенция равный получаться жидкий вода вкус слишком приторный пить не возможный
26069,6782,Продукты питания,4,positive,2026-06-15,"На упаковке написано, что порция - это 2 мерные ложки = 50г. Но нет, 1 мерная ложка - это 50г. Взяла половину порции, на нее обогащенное белком молоко 300мл, вышло очень сладко, т.е. надо брать молока 400мл на половину порции точно Вполне неплохой вкус Очень сладко, надо брать раза в 3 больше молока",упаковке написано порция мерные ложки г нет мерная ложка г взяла половину порции обогащенное белком молоко мл вышло очень сладко т е брать молока мл половину порции точно вполне неплохой вкус очень сладко брать раза молока,упаковка написать порция мерный ложка нет мерный ложка взять половина порция обогатить белок молоко мл выйти очень сладко т е брать молока мл половина порция точно вполне неплохой вкус очень сладко брать раз молоко
26083,6785,Продукты питания,5,positive,2026-05-29,"Уже несколько месяцев пью, пробовал разные и казеин и многокомпонентный, не заметил разницы, растворяется хорошо, мне идет, усваивается нормально, мышечная масса растет, рекомендую попробовать.",несколько месяцев пью пробовал разные казеин многокомпонентный не заметил разницы растворяется хорошо идет усваивается нормально мышечная масса растет рекомендую попробовать,несколько месяц пить пробовать разный казеин многокомпонентный не заметить разница растворяться хорошо идти усваиваться нормально мышечный масса расти рекомендовать попробовать
26094,6787,Продукты питания,1,negative,2023-09-06,Товар пришел в ужасном состоянии. Упаковка отсутствует совсем. Разбитую банку заклеить скотчем это вообще уже позор. Не рекомендую заказывать у данного продавца.,товар пришел ужасном состоянии упаковка отсутствует разбитую банку заклеить скотчем вообще позор не рекомендую заказывать данного продавца,товар прийти ужасный состояние упаковка отсутствовать разбить банк заклеить скотч вообще позор не рекомендовать заказывать данного продавец
26101,6787,Продукты питания,3,neutral,2022-04-29,"Ну из того, что я пробовала, этот самый невкусный. Пишут, что гороховый привкус, для меня дело не в этом, вообще не смущает, растительные все такие, а дело в неприятной сладости подсластителя. Приторный, пью быстро, чтобы быстрее отмучиться) радует большое содержание белка на порцию и цена. Банку допью и больше не куплю , буду дальше искать.",пробовала самый невкусный пишут гороховый привкус дело не вообще не смущает растительные такие дело неприятной сладости подсластителя приторный пью быстро быстрее отмучиться радует большое содержание белка порцию цена банку допью не куплю буду дальше искать,пробовать самый невкусный писать гороховый привкус дело не вообще не смущать растительный такой дело неприятный сладость подсластитель приторный пить быстро быстрый отмучиться радовать большой содержание белок порция цена банк допью не купить быть далёкий искать
26126,6791,Продукты питания,5,positive,2026-07-18,"Отличный казеиновый протеин со вкусом ванили , заменила им ужин и за неделю минус 1кг , а если учесть что в месяце 4 недели :) , эффектом очень очень довольна , буду брать и другие вкусы .",отличный казеиновый протеин вкусом ванили заменила ужин неделю минус кг учесть месяце недели эффектом очень очень довольна буду брать другие вкусы,отличный казеиновый протеин вкус ваниль заменить ужин неделя минус кг учесть месяц неделя эффект очень очень довольный быть брать другие вкус
26128,6791,Продукты питания,3,neutral,2026-07-10,"приторный, на вкус как растаявшее мороженное с чьей то слюной, ОЧЕНЬ тяжело в желудке после него да и голодный через час.",приторный вкус растаявшее мороженное чьей слюной очень тяжело желудке голодный час,приторный вкус растаять мороженный чей слюной очень тяжёлый желудок голодный час
26129,6791,Продукты питания,3,neutral,2026-07-02,"Мне не понравился вкус, клубничный более насыщенный и приятный. Во всех этих банках неудобно, что не найти мерную ложечку, она, скорее всего, на дне банки Вкус",не понравился вкус клубничный насыщенный приятный этих банках неудобно не найти мерную ложечку скорее дне банки вкус,не понравиться вкус клубничный насыщенный приятный этот банк неудобный не найти мерный ложечка скорее дно банка вкус
26147,6795,Продукты питания,5,positive,2024-11-23,Божественный протеин 🤤 С молоком так вообще отличный коктейль с пенкой получается. Закажу в другом вкусе обязательно) спасибо ❤️ Отличный фисташковый вкус. Быстро и хорошо размешивается. Всё так!,божественный протеин молоком вообще отличный коктейль пенкой получается закажу другом вкусе обязательно спасибо отличный фисташковый вкус быстро хорошо размешивается,божественный протеин молоко вообще отличный коктейль пенка получаться закажу другом вкус обязательно спасибо отличный фисташковый вкус быстро хорошо размешиваться
26202,6803,Продукты питания,5,positive,2026-07-19,"Пришло хорошо упаковано с ложкой , на вкус сладкий со ванилью. Разбавляю с молоком и водой так вкуснее и порошок полностью растворяется а в воде. Все комочки о эффективности говорить рано надо долго пропить",пришло хорошо упаковано ложкой вкус сладкий ванилью разбавляю молоком водой вкуснее порошок полностью растворяется воде комочки эффективности говорить рано долго пропить,прийти хорошо упаковать ложка вкус сладкий ваниль разбавлять молоко вода вкусный порошок полностью растворяться вода комочки эффективность говорить рано долго пропить
26209,6806,Продукты питания,1,negative,2026-04-08,"НЕТУ БЕЛКА ! Насыпал 30 грам, залил кипятком и получил просто воду цвета протеина! Ни одного свернувшегося комочка! К сравнению сделал то же самое с первым русским протеином - комочки были и не мало. Брал со вкусом шоколада, даже смешивая с молоком вкус очень плохой. НЕТУ БЕЛКА ! Плохой вкус",нету белка насыпал грам залил кипятком получил просто воду цвета протеина ни одного свернувшегося комочка сравнению сделал самое первым русским протеином комочки не мало брал вкусом шоколада смешивая молоком вкус очень плохой нету белка плохой вкус,нету белок насыпать грам залить кипяток получить просто вода цвет протеин ни одного свернувшегося комочек сравнение сделать самое первый русский протеин комочки не мало брать вкус шоколад смешивать молоко вкус очень плохой нету белок плохой вкус
26223,6807,Продукты питания,5,positive,2026-04-24,"Я бы ещё докопался до полупустой банки. Ведь можно же просто тару меньше делать. И всем было бы удобнее. Вкусный В описани приготовления, на банке, ошибка. В указанном способе приготовления написано две мерные ложки по 15г, а по факту прилагается мерная ложка на 7,5г. В итоге нужно 4 мерные ложки для одной порции. Но на вкус и общий вес это не влияет. Так что, просто, замечание.",докопался полупустой банки просто тару меньше делать всем удобнее вкусный описани приготовления банке ошибка указанном способе приготовления написано две мерные ложки г факту прилагается мерная ложка г итоге нужно мерные ложки одной порции вкус общий вес не влияет просто замечание,докопаться полупустой банка просто тара маленький делать всем удобный вкусный описани приготовление банк ошибка указать способ приготовление написать два мерный ложка г факт прилагаться мерный ложка итог нужный мерный ложка одной порция вкус общий вес не влиять просто замечание
26254,6814,Продукты питания,5,positive,2026-07-12,"Разводил по итогу 1 ложку на 200-250мл воды, и так получилось раскрыть идеал данного вкуса😃 Вкус приятный, будто мороженое Разводя 2 ложки на 300-400 мл воды кажется что вкус слегка меняется в непонятную сторону.",разводил итогу ложку мл воды получилось раскрыть идеал данного вкуса вкус приятный мороженое разводя ложки мл воды кажется вкус слегка меняется непонятную сторону,разводить итог ложка мл вода получиться раскрыть идеал данного вкус вкус приятный мороженое разводить ложка мл вода казаться вкус слегка меняться непонятный сторона
26268,6818,Продукты питания,5,positive,2026-03-12,"В пост с белком сложно , спасаюсь этим протеином , результат есть и это радует. Упаковка запаяна , все ок Вкус нормальный , дискомфорта нет , хорошо набирать мышцы на нем",пост белком сложно спасаюсь этим протеином результат радует упаковка запаяна ок вкус нормальный дискомфорта нет хорошо набирать мышцы нем,пост белок сложный спасаться этот протеин результат радовать упаковка запаять ок вкус нормальный дискомфорт нет хороший набирать мышца нем
26321,6829,Продукты питания,5,positive,2026-03-09,"Быстрая доставка , пришол товар ну просто в идеальном состоянии ни пылинки не царапинки содержимое свежее хрустит и аппетитно пахнет! Благодарю продавца🤝🤗и доставку🤝🤟",быстрая доставка пришол товар просто идеальном состоянии ни пылинки не царапинки содержимое свежее хрустит аппетитно пахнет благодарю продавца доставку,быстрый доставка пришол товар просто идеальный состояние ни пылинка не царапинка содержимое свежий хрустит аппетитно пахнуть благодарить продавец доставка
26331,6831,Продукты питания,3,neutral,2026-06-13,"Может добавка к пище и не плохая с точки зрения полезных веществ, но это точно не для похудения. Эффекта 0 и не дает чувства сытости до обеда, как заявлено, вообще не дает сытости, да и в качестве ужина тоже. 1 яйцо, а это меньше калорий лучше насыщает, чем эта смесь. По вкусовым качествам терпимо, напоминает отруби. Еще очень от него пучит, но не слабит.",добавка пище не плохая точки зрения полезных веществ точно не похудения эффекта не дает чувства сытости обеда заявлено вообще не дает сытости качестве ужина яйцо меньше калорий насыщает эта смесь вкусовым качествам терпимо напоминает отруби очень пучит не слабит,добавка пища не плохой точка зрение полезный вещество точно не похудение эффекта не давать чувство сытость обед заявить вообще не давать сытость качество ужин яйцо меньше калория насыщать этот смесь вкусовой качество терпимо напоминать отруби очень пучит не слабит
26344,6834,Продукты питания,5,positive,2026-06-15,"Протеин отличный. Как нутрициолог, ценю за чистый состав, полноценный профиль аминокислот, большое количество клетчатки на порцию. Получается густой сытный коктейль. Идеально для перекуса и тем, кто снижает вес. По вкусу достойно, хоть с молоком, хоть без. Вкус, состав",протеин отличный нутрициолог ценю чистый состав полноценный профиль аминокислот большое количество клетчатки порцию получается густой сытный коктейль идеально перекуса снижает вес вкусу достойно молоком вкус состав,протеин отличный нутрициолог ценить чистый состав полноценный профиль аминокислота большой количество клетчатка порция получаться густой сытный коктейль идеально перекус снижать вес вкус достойно молоко вкус состав
26370,6839,Продукты питания,5,positive,2025-11-09,"Зиппакет застежка плохо держит Делаю с растительным молоком, бананом и яблоком, очень вкусно, как молочный коктейль 😋. Также добавляю в вафли и выпечку👍",зиппакет застежка плохо держит делаю растительным молоком бананом яблоком очень вкусно молочный коктейль также добавляю вафли выпечку,зиппакет застежка плохо держать делать растительный молоко банан яблоком очень вкусный молочный коктейль также добавлять вафли выпечка
26385,6844,Продукты питания,3,neutral,2026-06-10,"Очень плохо упакован, упаковка грязная, как будто на ней ели🤮весь шоколад внутри поломан, но упаковка внутри не вскрыта, упаковка от шоколада открыта🤬",очень плохо упакован упаковка грязная ели весь шоколад внутри поломан упаковка внутри не вскрыта упаковка шоколада открыта,очень плохо упаковать упаковка грязный есть весь шоколад внутри поломан упаковка внутри не вскрыть упаковка шоколад открыть
26417,6854,Продукты питания,5,positive,2026-07-23,"Очень вкусный шоколад, а запах, а вкус ммм. Для меня очень важный момент, сахар в крови поднимается не критично и спускается быстро",очень вкусный шоколад запах вкус мм очень важный момент сахар крови поднимается не критично спускается быстро,очень вкусный шоколад запах вкус мм очень важный момент сахар кровь подниматься не критично спускаться быстро
26432,6861,Продукты питания,5,positive,2026-03-29,"BUCHERON: Горький шоколад с фундуком — Искусство швейцарской роскоши в каждом кусочке! Если вы думаете, что пробовали настоящий шоколад, но еще не открывали BUCHERON с фундуком, приготовьтесь к полному перевороту вашего гастрономического сознания! Это не просто десерт — это манифест изысканности и безупречного вкуса. Почему это любовь с первого взгляда (и первого укуса)? 1. Эстетика высшего уровня. Первое, что поражает — это упаковка. Металлический кейс BUCHERON выглядит так стильно и дорого, что его хочется коллекционировать. Это идеальный подарок, который говорит о вашем исключительном вкусе без лишних слов. 2. Настоящий горький шоколад (72% какао). Здесь нет компромиссов. Шоколад обладает глубоким, бархатистым вкусом с легкой, благородной горчинкой. Он тает на языке медленно, раскрывая сложные нотки элитных какао-бобов из Мексики. Никакой приторности — только чистый восторг! 3. Фундучное безумие. Производитель не поскупился! Отборный, идеально обжаренный фундук щедро распределен по всей плитке. Сочетание твердого, хрустящего ореха и нежного темного шоколада создает ту самую магическую текстуру, от которой невозможно оторваться. Моменты чистого наслаждения Представьте: вечер, чашечка крепкого эспрессо или бокал выдержанного красного вина, и ломтик BUCHERON. Это мгновенная перезагрузка, переносящая вас прямиком в уютную швейцарскую кофейню. Что делает BUCHERON особенным: Ингредиенты премиум-класса: Только натуральные компоненты, никакой химии. Текстура: Идеальный «хруст» при разламывании — признак высочайшего качества закалки шоколада. Послевкусие: Долгое, орехово-шоколадное, оставляющее ощущение истинного удовлетворения. Вердикт: Шедевр, доступный каждому BUCHERON с фундуком (100 г) — это золотой стандарт в мире горького шоколада. Это тот случай, когда реальность превосходит самые смелые ожидания. «Это не просто еда, это эндорфины в чистом виде. Если жизнь состоит из маленьких радостей, то BUCHERON — самая яркая из них!» Осторожно: вызывает мгновенное привыкание к хорошей жизни! Приятное сочетание цены и качества, тем более швейцарского",горький шоколад фундуком искусство швейцарской роскоши каждом кусочке думаете пробовали настоящий шоколад не открывали фундуком приготовьтесь полному перевороту вашего гастрономического сознания не просто десерт манифест изысканности безупречного вкуса почему любовь первого взгляда первого укуса эстетика высшего уровня первое поражает упаковка металлический кейс выглядит стильно дорого хочется коллекционировать идеальный подарок который говорит вашем исключительном вкусе лишних слов настоящий горький шоколад какао нет компромиссов шоколад обладает глубоким бархатистым вкусом легкой благородной горчинкой тает языке медленно раскрывая сложные нотки элитных какао-бобов мексики никакой приторности чистый восторг фундучное безумие производитель не поскупился отборный идеально обжаренный фундук щедро распределен всей плитке сочетание твердого хрустящего ореха нежного темного шоколада создает ту самую магическую текстуру которой невозможно оторваться моменты чистого наслаждения представьте вечер чашечка крепкого эспрессо бокал выдержанного красного вина ломтик мгновенная перезагрузка переносящая прямиком уютную швейцарскую кофейню делает особенным ингредиенты премиум-класса натуральные компоненты никакой химии текстура идеальный хруст разламывании признак высочайшего качества закалки шоколада послевкусие долгое орехово-шоколадное оставляющее ощущение истинного удовлетворения вердикт шедевр доступный каждому фундуком г золотой стандарт мире горького шоколада случай реальность превосходит самые смелые ожидания не просто еда эндорфины чистом виде жизнь состоит маленьких радостей самая яркая осторожно вызывает мгновенное привыкание хорошей жизни приятное сочетание цены качества швейцарского,bucheron горький шоколад фундук искусство швейцарский роскошь каждый кусочек думать пробовать настоящий шоколад не открывать bucheron фундук приготовиться полный переворот ваш гастрономический сознание не просто десерт манифест изысканность безупречный вкус почему любовь первый взгляд первый укус эстетика высокий уровень первый поражать упаковка металлический кейс bucheron выглядеть стильно дорогой хотеться коллекционировать идеальный подарок который говорить ваш исключительный вкус лишний слово настоящий горький шоколад какао нет компромисс шоколад обладать глубокий бархатистый вкус лёгкий благородный горчинка таять язык медленно раскрывать сложный нотка элитный какао боб мексика никакой приторность чистый восторг фундучное безумие производитель не поскупиться отборный идеально обжарить фундук щедро распределить весь плитка сочетание твёрдый хрустящего орех нежный тёмный шоколад создавать тот самую магический текстура которой невозможный оторваться момент чистый наслаждение представить вечер чашечка крепкий эспрессо бокал выдержанного красный вино ломтик bucheron мгновенный перезагрузка переносить прямик уютный швейцарский кофейня делать bucheron особенный ингредиент премиум класс натуральный компонент никакой химия текстура идеальный хруст разламывание признак высокий качество закалка шоколад послевкусие долгий орехово шоколадное оставлять ощущение истинный удовлетворение вердикт шедевр доступный каждый bucheron фундук г золотой стандарт мир горький шоколад случай реальность превосходить самые смелый ожидание не просто еда эндорфины чистый вид жизнь состоять маленький радость bucheron самая яркий осторожный вызывать мгновенный привыкание хороший жизнь приятный сочетание цена качество швейцарский
26537,6893,Продукты питания,5,positive,2026-03-09,"Заказываем уже второй раз! Приходят раньше срока на день, что очень приятно) Хорошо упакован, кладут всегда небольшой, но очень вкусный подарочек) спасибо",заказываем второй приходят раньше срока день очень приятно хорошо упакован кладут небольшой очень вкусный подарочек спасибо,заказывать второй приходить ранний срок день очень приятный хорошо упаковать класть небольшой очень вкусный подарочек спасибо
26560,6903,Продукты питания,5,positive,2026-06-25,"Очень вкусный шоколад, всегда им пользуюсь, делая шоколадные конфеты внукам и мини шоколадки, никогда ещё не подводил, жаль цена все растёт и спасибо продавцу за достойную упаковку, она всегда на высоте.",очень вкусный шоколад пользуюсь делая шоколадные конфеты внукам мини шоколадки не подводил жаль цена растёт спасибо продавцу достойную упаковку высоте,очень вкусный шоколад пользоваться делать шоколадный конфета внук мини шоколадка не подводить жаль цена растёт спасибо продавец достойный упаковка высота
26577,6907,Продукты питания,1,negative,2026-06-17,"Для того чтобы валберис перевёз товар в целостности, нужно его правильно упаковывать Шоколад приходит весь поломанный. 3 раза заказываю и 3 раз он в крошку разбит. Для отправки такого товара он должен быть правильно упакован. В картонку!!!!!!!!, а не просто шоколад в пакете. Разочарование, больше сказать нечего. Не рекомендую. И не надейтесь что вам, именно вам повезёт, и шоколад придет целый. У данного поставщика нет ответственности.",валберис перевёз товар целостности нужно правильно упаковывать шоколад приходит весь поломанный раза заказываю крошку разбит отправки такого товара должен правильно упакован картонку не просто шоколад пакете разочарование нечего не рекомендую не надейтесь именно повезёт шоколад придет целый данного поставщика нет ответственности,валберис перевёз товар целостность нужный правильно упаковывать шоколад приходить весь поломанный раз заказывать крошка разбить отправка такой товар должный правильно упаковать картонка не просто шоколад пакет разочарование нечего не рекомендовать не надеяться именно повезёт шоколад прийти целый данного поставщик нет ответственность
26594,6915,Продукты питания,3,neutral,2026-07-23,"Как по мне, этот шоколад вообще не горький... Уж точно не 80% Я, конечно, всё понимаю, но мне кажется, что так быть не должно 🤔. Просто пластиковая ленточка...",шоколад вообще не горький точно не понимаю кажется не должно просто пластиковая ленточка,шоколад вообще не горький точно не понимать казаться не должный просто пластиковый ленточка
26606,6918,Продукты питания,4,positive,2025-12-25,"Не понравилось: Срок изготовления 13.01.2025, т.е. почти год назад срок годности до 13.01.2027 понятно, что самому сьесть можно, но с такой датой изготовления (прошла половина срока годности) подарить, к сожалению, нельзя",не понравилось срок изготовления т е год назад срок годности понятно самому сьесть датой изготовления прошла половина срока годности подарить сожалению,не понравиться срок изготовление т е год назад срок годность понятный самому сьесть дата изготовление пройти половина срок годность подарить сожаление
26625,6927,Продукты питания,5,positive,2026-02-08,"В первый раз беру здесь, обычно покупаю в магазе. У меня нет нареканий:кубики шоколада гладкие, без налёта, вкус обычный, упаковка хорошая. Употребить до 14 октября 2026. 26.10.14 - это срок хранения, до этой даты.",первый беру обычно покупаю магазе нет нареканий кубики шоколада гладкие налёта вкус обычный упаковка хорошая употребить октября срок хранения даты,первый брать обычно покупать магазе нет нарекание кубик шоколад гладкий налёта вкус обычный упаковка хороший употребить октябрь срок хранение дата
26640,6930,Продукты питания,5,positive,2025-05-17,"Отличный шоколад, вкус и запах просто изумительны, причем вкус реально немного отличается в зависимости от поставки, мне кажется это очень хорошо, говорит о том, что действительно ферментируют бобы и каждый раз получается немного по разному, иногда отдает сладковатым, иногда более насыщенный шоколадный, очень довольна, беру постоянно.",отличный шоколад вкус запах просто изумительны причем вкус реально немного отличается зависимости поставки кажется очень хорошо говорит действительно ферментируют бобы каждый получается немного разному отдает сладковатым насыщенный шоколадный очень довольна беру постоянно,отличный шоколад вкус запах просто изумительный причём вкус реально немного отличаться зависимость поставка казаться очень хороший говорить действительно ферментировать боб каждый получаться немного разный отдавать сладковатый насыщенный шоколадный очень довольный брать постоянно
26643,6930,Продукты питания,4,positive,2025-04-12,"Шоколад вкусный Оплачена была плитка 600 г. На этикетке с одной стороны стоит вес 450г, а на обороте приклеена маленькая бумажка с надписью 600г. Упс... Очень неприятный осадок остался от покупки",шоколад вкусный оплачена плитка г этикетке одной стороны стоит вес г обороте приклеена маленькая бумажка надписью г упс очень неприятный осадок остался покупки,шоколад вкусный оплатить плитка этикетка одной сторона стоить вес г оборот приклеить маленький бумажка надпись упс очень неприятный осадок остаться покупка
26644,6931,Продукты питания,5,positive,2026-05-08,"Это мой ежедневный допинг. Благодаря тому, что каждая шоколадка упакована, я могу взять с собой несколько штучек, если планирую завтракать вне дома.",ежедневный допинг благодаря тому каждая шоколадка упакована могу взять собой несколько штучек планирую завтракать вне дома,ежедневный допинг благодаря тому каждый шоколадка упаковать мочь взять себя несколько штучка планировать завтракать вне дом
26666,6940,Продукты питания,5,positive,2026-04-28,"Хочется отметить очень хорошую упаковку плиток шоколада. Приехали в целых коробочках. И срок годности до марта 2027г. Хотя конечно, закончится вкусный шоколад намного раньше…",хочется отметить очень хорошую упаковку плиток шоколада приехали целых коробочках срок годности марта г хотя закончится вкусный шоколад намного раньше,хотеться отметить очень хороший упаковка плитка шоколад приехать целый коробочка срок годность март хотя закончиться вкусный шоколад намного ранний
26668,6940,Продукты питания,5,positive,2026-03-24,"Мой любимый шоколад,заказываю у этого продавца не в первый раз,доставка быстрая, упаковано аккуратно,все целое,всегда конфетки в подарок, молодцы,спасибо.Как скушаем,так ещё закажем",любимый шоколад заказываю продавца не первый доставка быстрая упаковано аккуратно целое конфетки подарок молодцы спасибо скушаем закажем,любимый шоколад заказывать продавец не первый доставка быстрый упаковать аккуратно целый конфетка подарок молодец спасибо скушаем закажем
26669,6941,Продукты питания,1,negative,2026-04-26,"Шоколад сам по себе наверное нормальный, но он был с налетом от неправильного хранения. Естественно в пункте выдачи мне не разрешили его открывать, увидела всё дома Пришел с белым налетом, как от неправильного хранения или срока",шоколад наверное нормальный налетом неправильного хранения естественно пункте выдачи не разрешили открывать увидела дома пришел белым налетом неправильного хранения срока,шоколад наверное нормальный налёт неправильный хранение естественно пункт выдача не разрешить открывать увидеть дом прийти белый налёт неправильный хранение срок
26675,6943,Продукты питания,5,positive,2026-07-16,"Я любитель шоколада!!! Но эти магазинные 🍫 есть не могу они очень сладкий, очень приторные. Но вот этот шоколад самое то❤️ натуральный вкусный и в меру сладкий👍 буду еще брать😍 искренни благодарю! 👏🏻🫶🏻",любитель шоколада магазинные не могу очень сладкий очень приторные шоколад самое натуральный вкусный меру сладкий буду брать искренни благодарю,любитель шоколад магазинный не мочь очень сладкий очень приторный шоколад самое натуральный вкусный мера сладкий быть брать искренни благодарить
26689,6950,Продукты питания,5,positive,2026-06-25,"У меня ещё остался шоколад от прошлого заказа. Тот, что получила сегодня действительно 90%, он по вкусу попадает с плиточным 90%м. Скорее всего спутали фантики у порционного шоколада на производстве, тк прошлый шоколад слаще, чем сегодняшний. Шоколад вкусный. Я беру порционный шоколад второй раз и вкусы оказались разные.",остался шоколад прошлого заказа получила действительно вкусу попадает плиточным м скорее спутали фантики порционного шоколада производстве тк прошлый шоколад слаще сегодняшний шоколад вкусный беру порционный шоколад второй вкусы оказались разные,остаться шоколад прошлый заказ получить действительно вкус попадать плиточный скорее спутать фантик порционный шоколад производство тк прошлый шоколад сладкий сегодняшний шоколад вкусный брать порционный шоколад второй вкус оказаться разный
26693,6950,Продукты питания,3,neutral,2026-03-14,"Шоколад качественный, вкусный. Беру второй раз. В первом случае, пакет запаян-6 плиток, во втором случае пакет не до конца запаян-8 плиток.Идем по нарастающей.На коробке стикер""запечатано"".",шоколад качественный вкусный беру второй первом случае пакет запаян плиток втором случае пакет не конца запаян плиток идем нарастающей коробке стикер запечатано,шоколад качественный вкусный брать второй первый случай пакет плитка второй случай пакет не конец плитка идти нарастать коробка
26750,6970,Продукты питания,5,positive,2026-01-26,"Баночка шикарная, можно использовать и потом. Выглядит очень призентабельно . Про вкус сказать не могу, купила на подарок. Думаю, что все хорошо.",баночка шикарная использовать выглядит очень призентабельно вкус не могу купила подарок думаю хорошо,баночка шикарный использовать выглядеть очень призентабельно вкус не мочь купить подарок думать хороший
26771,6976,Продукты питания,5,positive,2026-07-25,"Мой любимый мед, заказываю уже 6-й раз! 🍯 Продукт просто великолепный, качество ни разу не подвело. Мед натуральный, очень вкусный и ароматный. Приходит всегда отлично упакованным, баночка целая. Огромное спасибо производителю за честный и качественный товар. Всем советую попробовать! Мой любимый мед, заказываю уже 6-й раз! 🍯",любимый мед заказываю й продукт просто великолепный качество ни разу не подвело мед натуральный очень вкусный ароматный приходит отлично упакованным баночка целая огромное спасибо производителю честный качественный товар всем советую попробовать любимый мед заказываю й,любимый мёд заказывать продукт просто великолепный качество ни разу не подвести мёд натуральный очень вкусный ароматный приходить отлично упакованным баночка целый огромный спасибо производитель честный качественный товар весь советовать попробовать любимый мёд заказывать
26778,6977,Продукты питания,1,negative,2022-11-13,"Начитаталась положительных озовывав и тоже преобрела ,но!!!! Простояв несколько месяцев,мёд разделился на две консистенции.Верхний слой более жидкий,а нижний густой как смола,да ещё настенках ярко выраженные кристалики сахара.К ПОКУПКЕ НЕ РЕКОМЕНДУЮ!!!!",начитаталась положительных озовывав преобрела простояв несколько месяцев мёд разделился две консистенции верхний слой жидкий нижний густой смола настенках ярко выраженные кристалики сахара покупке не рекомендую,начитаталась положительный озовывав преобрела простоять несколько месяц мёд разделиться два консистенция верхний слой жидкий нижний густой смола настенках ярко выразить кристалики сахар покупка не рекомендовать
26819,6984,Продукты питания,5,positive,2026-03-22,"Недавно был неприятно удивлен, до этого просто не обращал внимания, так как у вас все банки под мед были стеклянные. А тут вдруг банка под майский мед оказалась из пластика, что я не люблю. Желаю вам на будущее, в рекламе меда, обозначать в какой таре отправляется мед. Это было бы дополнительным плюсом в вашей работе.",недавно неприятно удивлен просто не обращал внимания банки мед стеклянные банка майский мед оказалась пластика не люблю желаю будущее рекламе меда обозначать таре отправляется мед дополнительным плюсом вашей работе,недавно неприятно удивлённый просто не обращать внимание банк мёд стеклянный банк майский мёд оказаться пластик не любить желать будущее реклама мёд обозначать тара отправляться мёд дополнительный плюс ваш работа
26851,6993,Продукты питания,5,positive,2026-07-21,"Упаковка солидная, стеклобанка целая. Башкирский мед знаю и люблю с детства. Я могу с закрытыми глазами узнать башкирский мед по незабываемому аромату. Но в данном случае этот аромат отсутствует. Я полагаю это случилось из за добавки мумие. По скольку у него сильный специфический запах. Будем лечиться. Спасибо продавцу.",упаковка солидная стеклобанка целая башкирский мед знаю люблю детства могу закрытыми глазами узнать башкирский мед незабываемому аромату данном случае аромат отсутствует полагаю случилось добавки мумие скольку сильный специфический запах будем лечиться спасибо продавцу,упаковка солидный стеклобанка целый башкирский мёд знать любить детство мочь закрытый глаз узнать башкирский мёд незабываемый аромат данном случай аромат отсутствовать полагать случиться добавка мумие скольку сильный специфический запах быть лечиться спасибо продавец
26890,7003,Продукты питания,5,positive,2025-07-13,Отличный мёд. Всегда заказываю у семьи Мамдеевых и как всегда всё отлично и упакована хорошо и качество супер. Большое спасибо.,отличный мёд заказываю семьи мамдеевых отлично упакована хорошо качество супер большое спасибо,отличный мёд заказывать семья мамдеевых отличный упаковать хорошо качество супер большой спасибо
26939,7017,Продукты питания,5,positive,2026-05-09,"Мед натуральный проверяли под микроскопом, вкусный прекрасный мед . Заказываю уже не первый раз и ещё закажу . Все -",мед натуральный проверяли микроскопом вкусный прекрасный мед заказываю не первый закажу,мёд натуральный проверять микроскоп вкусный прекрасный мёд заказывать не первый заказать
26979,7023,Продукты питания,5,positive,2025-10-30,"Очень хороший мед. Раньше брала подобные смешения в магазине, но там от меда одно название. Тут и мед и ягоды натуральные, по крайней мере у меня не возникло сомнений в сравнении с медом из детства с пасеки моего дедушки и сейчас, когда берем мед на горных пасеках. Буду брать еще!",очень хороший мед раньше брала подобные смешения магазине меда одно название мед ягоды натуральные крайней мере не возникло сомнений сравнении медом детства пасеки моего дедушки берем мед горных пасеках буду брать,очень хороший мёд ранний брать подобный смешение магазин мёд одно название мёд ягода натуральный крайний мера не возникнуть сомнение сравнение мёд детство пасека мой дедушки брать мёд горный пасека быть брать
27039,7037,Продукты питания,5,positive,2023-04-09,"Мед очень вкусный свежий. Доставлен быстро, очень хорошо упакован в пупырки и коробку. Очень доверяю семье Мамдеевых, заказываю не первый раз и всегда мед отличный, баночки маркированы этикетками. Рекомендую. Спасибо продавцу.",мед очень вкусный свежий доставлен быстро очень хорошо упакован пупырки коробку очень доверяю семье мамдеевых заказываю не первый мед отличный баночки маркированы этикетками рекомендую спасибо продавцу,мёд очень вкусный свежий доставить быстро очень хорошо упаковать пупырки коробка очень доверять семья мамдеевых заказывать не первый мёд отличный баночка маркированы этикетка рекомендовать спасибо продавец
27043,7037,Продукты питания,4,positive,2020-09-23,"Спасибо за доставку! Упаковка супер. От самого продукта не в восторге. Ожидала лучшего. Не знаю как горный мед пахнет, думала ароматнее.",спасибо доставку упаковка супер самого продукта не восторге ожидала лучшего не знаю горный мед пахнет думала ароматнее,спасибо доставка упаковка супер самого продукт не восторг ожидать хороший не знать горный мёд пахнуть думать ароматный
27067,7044,Продукты питания,4,positive,2024-08-28,"С медом знакома не так давно ,пробовала цветочный, лесной- чутка с нежной кислинкой для разнообразия пойдет ,цветочный ароматнее слаще.Про натуральность меда не знаю, но вкусненько и сладенько. Цена не радует дороговато!!!!",медом знакома не давно пробовала цветочный лесной чутка нежной кислинкой разнообразия пойдет цветочный ароматнее слаще натуральность меда не знаю вкусненько сладенько цена не радует дороговато,мёд знакома не давно пробовать цветочный чутка нежный кислинка разнообразие пойти цветочный ароматный сладкий натуральность мёд не знать вкусненький сладенько цена не радовать дороговатый
27086,7051,Продукты питания,5,positive,2026-07-05,"Я гипертоник, 2 раза перенесла инфаркт, мед мне очень помогает , очень хорошее лекарство, честно говоря я перестала пить лекарство от давления, всё прекрасно , благодарю создателей такого чудодейственного лекарства, беру и заказываю третий раз показываю бабушкам 👍 Спасибо Алтаю🌹🌹🌹🔥",гипертоник раза перенесла инфаркт мед очень помогает очень хорошее лекарство честно говоря перестала пить лекарство давления прекрасно благодарю создателей такого чудодейственного лекарства беру заказываю третий показываю бабушкам спасибо алтаю,гипертоник раз перенести инфаркт мёд очень помогать очень хороший лекарство честно говорить перестать пить лекарство давление прекрасный благодарить создатель такой чудодейственный лекарство бер заказывать третий показывать бабушкам спасибо алтаю
27189,7073,Продукты питания,5,positive,2026-06-28,"Восторг, мед замечательный, густой, запах акации , как в детстве, кажется, что ешь цветы акации, цвет светлый, прозрачный, упаковка супер, огромное спасибо, заказала еще",восторг мед замечательный густой запах акации детстве кажется ешь цветы акации цвет светлый прозрачный упаковка супер огромное спасибо заказала,восторг мёд замечательный густой запах акация детство казаться есть цветок акация цвет светлый прозрачный упаковка супер огромный спасибо заказать
27201,7075,Продукты питания,5,positive,2026-06-06,"Необычно и непривычно: по консистенции и вкусу сгущёнку больше напоминает. Домашние не оценили, увы 🤷‍♂️. Всё вроде хорошо, но больше именно такой брать не буду, извините. Тем не менее остаюсь вашим покупателем, но на другие сорта мёда.",необычно непривычно консистенции вкусу сгущёнку напоминает домашние не оценили увы вроде хорошо именно брать не буду извините не менее остаюсь вашим покупателем другие сорта мёда,необычно непривычный консистенция вкус сгущёнку напоминать домашние не оценить увы вроде хороший именно брать не быть извинить не менее оставаться ваш покупатель другие сорт мёда
27244,7086,Продукты питания,5,positive,2025-10-06,"Очень вкусный мед, брала у этого продавца разный, и малиновый, и аккураевый и другие. Но донниковый самый любимый. Самый вкусный. Один недостаток съедается очень быстро. Спасибо. Рекомендую.",очень вкусный мед брала продавца разный малиновый аккураевый другие донниковый самый любимый самый вкусный недостаток съедается очень быстро спасибо рекомендую,очень вкусный мёд брать продавец разный малиновый аккураевый другие донниковый самый любимый самый вкусный недостаток съедаться очень быстро спасибо рекомендовать
